solid chouldari_sph_terrain
  facet normal 0.00343161 0.00773452 0.99996420
    outer loop
      vertex 26.65101713 13.49486103 0.03544931
      vertex 26.65029750 12.88054512 0.04020339
      vertex 27.25661998 13.49415189 0.03337652
    endloop
  endfacet
  facet normal -0.10915069 0.01095774 0.99396482
    outer loop
      vertex 4.24963595 18.43604777 1.35386093
      vertex 4.85449320 17.82100002 1.42706284
      vertex 4.85523459 18.43531661 1.42037186
    endloop
  endfacet
  facet normal 0.01561068 0.27587637 0.96106635
    outer loop
      vertex 5.46083321 18.43458603 1.41074478
      vertex 4.85597599 19.04963321 1.24401878
      vertex 4.85523459 18.43531661 1.42037186
    endloop
  endfacet
  facet normal -0.10464835 0.27452904 0.95586742
    outer loop
      vertex 4.85597599 19.04963321 1.24401878
      vertex 4.24963595 18.43604777 1.35386093
      vertex 4.85523459 18.43531661 1.42037186
    endloop
  endfacet
  facet normal 0.01870421 0.17851784 0.98375888
    outer loop
      vertex 9.67793321 0.00000000 1.61195297
      vertex 10.88990106 0.61286597 1.47769608
      vertex 10.28428518 0.61359075 1.48907913
    endloop
  endfacet
  facet normal 0.04457385 0.00767868 0.99897658
    outer loop
      vertex 26.65029750 12.88054512 0.04020339
      vertex 26.65101713 13.49486103 0.03544931
      vertex 26.04469403 12.88125484 0.06721966
    endloop
  endfacet
  facet normal 0.08691349 -0.27763590 0.95674676
    outer loop
      vertex 21.81633771 22.10098122 0.09884738
      vertex 20.60587442 22.71672745 0.38749100
      vertex 21.21074313 22.10169592 0.15406864
    endloop
  endfacet
  facet normal 0.08169468 -0.17387953 0.98137245
    outer loop
      vertex 23.63022997 19.64157615 0.09443239
      vertex 23.02535646 20.25660514 0.25375610
      vertex 23.02463303 19.64228900 0.14497182
    endloop
  endfacet
  facet normal -0.02739545 -0.21867560 0.97541297
    outer loop
      vertex 24.23582690 19.64086389 0.11128151
      vertex 24.23654912 20.25517999 0.24902391
      vertex 23.63022997 19.64157615 0.09443239
    endloop
  endfacet
  facet normal 0.00000000 0.00000000 1.00000000
    outer loop
      vertex 0.60188063 6.76843185 0.52000000
      vertex 1.20674611 6.15338099 0.52000000
      vertex 1.20749077 6.76769745 0.52000000
    endloop
  endfacet
  facet normal -0.31955196 -0.18543254 0.92924772
    outer loop
      vertex 0.00000000 9.84074951 1.00481766
      vertex 0.60411649 8.61138137 0.96724075
      vertex 0.60486182 9.22569789 1.09008469
    endloop
  endfacet
  facet normal 0.16299027 0.20206305 0.96571461
    outer loop
      vertex 1.81012479 4.30969792 0.82242874
      vertex 1.81086879 4.92401433 0.69376556
      vertex 1.20600148 5.53906454 0.66716202
    endloop
  endfacet
  facet normal 0.23025248 0.22643945 0.94641902
    outer loop
      vertex 1.20600148 5.53906454 0.66716202
      vertex 1.20674611 6.15338099 0.52000000
      vertex 0.60188063 6.76843185 0.52000000
    endloop
  endfacet
  facet normal -0.25869457 -0.06263912 0.96392607
    outer loop
      vertex 1.21568311 13.52517933 1.18707779
      vertex 1.21642797 14.13949593 1.22719803
      vertex 0.60933412 12.91159730 0.98447571
    endloop
  endfacet
  facet normal 0.01591161 0.13550267 0.99064921
    outer loop
      vertex 5.46083321 18.43458603 1.41074478
      vertex 4.85523459 18.43531661 1.42037186
      vertex 5.46009242 17.82026946 1.49478394
    endloop
  endfacet
  facet normal -0.11111253 0.01095774 0.99374742
    outer loop
      vertex 5.46009242 17.82026946 1.49478394
      vertex 4.85523459 18.43531661 1.42037186
      vertex 4.85449320 17.82100002 1.42706284
    endloop
  endfacet
  facet normal -0.17384404 0.27016998 0.94698808
    outer loop
      vertex 5.45935166 17.20595290 1.66990875
      vertex 6.06495146 17.20522295 1.78129044
      vertex 5.46009242 17.82026946 1.49478394
    endloop
  endfacet
  facet normal 0.02270008 -0.09352569 0.99535805
    outer loop
      vertex 3.03620912 16.59456201 1.14372704
      vertex 3.03695227 17.20887862 1.20143242
      vertex 2.43060863 16.59529490 1.15760719
    endloop
  endfacet
  facet normal -0.07638938 -0.09315770 0.99271663
    outer loop
      vertex 3.64180959 16.59382971 1.19025917
      vertex 3.03695227 17.20887862 1.20143242
      vertex 3.03620912 16.59456201 1.14372704
    endloop
  endfacet
  facet normal -0.17126712 -0.02282725 0.98496015
    outer loop
      vertex 4.24889396 17.82173117 1.33949463
      vertex 4.24963595 18.43604777 1.35386093
      vertex 3.64329471 17.82246291 1.23420860
    endloop
  endfacet
  facet normal -0.14309867 -0.02296608 0.98944193
    outer loop
      vertex 4.24889396 17.82173117 1.33949463
      vertex 4.85449320 17.82100002 1.42706284
      vertex 4.24963595 18.43604777 1.35386093
    endloop
  endfacet
  facet normal -0.02241117 -0.04018700 0.99894081
    outer loop
      vertex 3.64255214 17.20814630 1.21498955
      vertex 3.03695227 17.20887862 1.20143242
      vertex 3.64180959 16.59382971 1.19025917
    endloop
  endfacet
  facet normal -0.02240751 -0.03123505 0.99926086
    outer loop
      vertex 3.64329471 17.82246291 1.23420860
      vertex 3.03695227 17.20887862 1.20143242
      vertex 3.64255214 17.20814630 1.21498955
    endloop
  endfacet
  facet normal -0.17124066 -0.03060129 0.98475388
    outer loop
      vertex 3.64255214 17.20814630 1.21498955
      vertex 4.24889396 17.82173117 1.33949463
      vertex 3.64329471 17.82246291 1.23420860
    endloop
  endfacet
  facet normal -0.18735232 -0.01415972 0.98219072
    outer loop
      vertex 4.24815199 17.20741458 1.33049683
      vertex 4.24889396 17.82173117 1.33949463
      vertex 3.64255214 17.20814630 1.21498955
    endloop
  endfacet
  facet normal -0.05935985 0.20637778 0.97667017
    outer loop
      vertex 5.46157401 19.04890261 1.28098007
      vertex 4.85597599 19.04963321 1.24401878
      vertex 5.46083321 18.43458603 1.41074478
    endloop
  endfacet
  facet normal -0.06081928 0.04088376 0.99731115
    outer loop
      vertex 5.46157401 19.04890261 1.28098007
      vertex 6.06791223 19.66248919 1.29280319
      vertex 4.85597599 19.04963321 1.24401878
    endloop
  endfacet
  facet normal -0.22370314 0.22208259 0.94901856
    outer loop
      vertex 6.06569163 17.81953949 1.63770691
      vertex 5.46009242 17.82026946 1.49478394
      vertex 6.06495146 17.20522295 1.78129044
    endloop
  endfacet
  facet normal 0.03376742 0.12896226 0.99107442
    outer loop
      vertex 15.74651113 10.43614590 0.41054588
      vertex 15.14090498 10.43686620 0.43108608
      vertex 15.74578078 9.82182976 0.49050785
    endloop
  endfacet
  facet normal 0.08931347 -0.08871646 0.99204460
    outer loop
      vertex 19.97776700 3.67364469 0.30926149
      vertex 20.58410500 4.28724519 0.30954607
      vertex 19.97849298 4.28796060 0.36413311
    endloop
  endfacet
  facet normal 0.02156615 -0.02177446 0.99953028
    outer loop
      vertex 21.18971701 4.28653037 0.29646364
      vertex 20.58410500 4.28724519 0.30954607
      vertex 19.97776700 3.67364469 0.30926149
    endloop
  endfacet
  facet normal 0.22422100 0.27136234 0.93599542
    outer loop
      vertex 9.67793321 0.00000000 1.61195297
      vertex 9.07305337 0.61504207 1.57854202
      vertex 8.46743744 0.61576862 1.72340881
    endloop
  endfacet
  facet normal 0.17835087 -0.09346025 0.97951832
    outer loop
      vertex 9.67940538 1.22863224 1.58493332
      vertex 9.07452678 1.84367437 1.75375366
      vertex 9.07379007 1.22935822 1.69527313
    endloop
  endfacet
  facet normal 0.11633580 0.16759411 0.97896792
    outer loop
      vertex 9.67866928 0.61431612 1.50669785
      vertex 9.07305337 0.61504207 1.57854202
      vertex 9.67793321 0.00000000 1.61195297
    endloop
  endfacet
  facet normal 0.02886474 0.16877224 0.98523234
    outer loop
      vertex 9.67793321 0.00000000 1.61195297
      vertex 10.28428518 0.61359075 1.48907913
      vertex 9.67866928 0.61431612 1.50669785
    endloop
  endfacet
  facet normal 0.11553862 -0.18556123 0.97581651
    outer loop
      vertex 9.67866928 0.61431612 1.50669785
      vertex 9.07379007 1.22935822 1.69527313
      vertex 9.07305337 0.61504207 1.57854202
    endloop
  endfacet
  facet normal 0.17770406 -0.12453219 0.97617263
    outer loop
      vertex 9.67940538 1.22863224 1.58493332
      vertex 9.07379007 1.22935822 1.69527313
      vertex 9.67866928 0.61431612 1.50669785
    endloop
  endfacet
  facet normal -0.29372251 0.21389883 0.93165142
    outer loop
      vertex 8.47407373 6.14461448 0.88931046
      vertex 9.07968426 6.14388779 1.08040863
      vertex 8.47481118 6.75893075 0.74850143
    endloop
  endfacet
  facet normal -0.16360147 -0.02872622 0.98610819
    outer loop
      vertex 6.04571326 1.23299696 1.89084656
      vertex 5.44009785 1.23372648 1.79039246
      vertex 6.65058956 0.61795182 1.97328247
    endloop
  endfacet
  facet normal -0.28979460 0.21121529 0.93349193
    outer loop
      vertex 4.22960849 1.84950359 1.27527840
      vertex 5.44009785 1.23372648 1.79039246
      vertex 4.83522334 1.84877287 1.46345169
    endloop
  endfacet
  facet normal -0.32606472 0.17332832 0.92932185
    outer loop
      vertex 4.83522334 1.84877287 1.46345169
      vertex 5.44009785 1.23372648 1.79039246
      vertex 5.44083816 1.84804274 1.67607574
    endloop
  endfacet
  facet normal -0.13200195 0.05723777 0.98959554
    outer loop
      vertex 16.96355724 15.34923635 0.44472218
      vertex 16.96428655 15.96355256 0.40928768
      vertex 16.35795592 15.34995560 0.36389954
    endloop
  endfacet
  facet normal 0.25291983 -0.20040840 0.94650305
    outer loop
      vertex 12.11727808 14.12637427 0.39849232
      vertex 11.51241011 14.74141455 0.69034805
      vertex 11.51167543 14.12709822 0.56047173
    endloop
  endfacet
  facet normal 0.18075313 -0.28770345 0.94050786
    outer loop
      vertex 11.51241011 14.74141455 0.69034805
      vertex 12.11874625 15.35500692 0.76151756
      vertex 11.51314481 15.35573090 0.87812759
    endloop
  endfacet
  facet normal 0.24403201 -0.35209536 0.90359130
    outer loop
      vertex 12.72361419 14.73996721 0.35850376
      vertex 12.11874625 15.35500692 0.76151756
      vertex 12.11801216 14.74069059 0.52233997
    endloop
  endfacet
  facet normal 0.24987157 -0.35156149 0.90220215
    outer loop
      vertex 12.11801216 14.74069059 0.52233997
      vertex 12.11874625 15.35500692 0.76151756
      vertex 11.51241011 14.74141455 0.69034805
    endloop
  endfacet
  facet normal 0.26219247 -0.19101352 0.94592227
    outer loop
      vertex 11.51241011 14.74141455 0.69034805
      vertex 12.11727808 14.12637427 0.39849232
      vertex 12.11801216 14.74069059 0.52233997
    endloop
  endfacet
  facet normal 0.46432562 -0.30688154 0.83079807
    outer loop
      vertex 10.90460227 12.89919009 0.90889519
      vertex 11.50947151 12.28414928 0.34365440
      vertex 11.51020613 12.89846558 0.57016098
    endloop
  endfacet
  facet normal 0.21091166 -0.21596571 0.95334940
    outer loop
      vertex 10.29899839 12.89991519 1.10415573
      vertex 9.69413094 13.51495725 1.37729965
      vertex 9.69339450 12.90064089 1.23829926
    endloop
  endfacet
  facet normal 0.19583062 -0.41953065 0.88636584
    outer loop
      vertex 9.69339450 12.90064089 1.23829926
      vertex 9.69265807 12.28632454 0.94769653
      vertex 10.29899839 12.89991519 1.10415573
    endloop
  endfacet
  facet normal 0.35315294 -0.45126342 0.81953910
    outer loop
      vertex 9.69118527 11.05769187 0.39470715
      vertex 9.08631655 11.67273445 0.99401642
      vertex 9.08557956 11.05841811 0.65607254
    endloop
  endfacet
  facet normal -0.18299199 0.04197125 0.98221807
    outer loop
      vertex 1.21642797 14.13949593 1.22719803
      vertex 1.82277518 14.75307852 1.31394440
      vertex 1.82351947 15.36739513 1.28783264
    endloop
  endfacet
  facet normal -0.02550962 -0.06853764 0.99732234
    outer loop
      vertex 2.42837748 14.75234508 1.32938416
      vertex 1.82277518 14.75307852 1.31394440
      vertex 2.42763380 14.13802850 1.28714828
    endloop
  endfacet
  facet normal 0.00649647 0.00311693 0.99997404
    outer loop
      vertex 19.98284923 7.97385630 0.06236650
      vertex 20.58773217 7.35882483 0.06035386
      vertex 20.58845765 7.97314080 0.05843431
    endloop
  endfacet
  facet normal 0.32984218 -0.03366937 0.94343548
    outer loop
      vertex 21.21074313 22.10169592 0.15406864
      vertex 20.60587442 22.71672745 0.38749100
      vertex 20.60514853 22.10241120 0.36582104
    endloop
  endfacet
  facet normal -0.04815260 -0.19902111 0.97881149
    outer loop
      vertex 23.63022997 19.64157615 0.09443239
      vertex 24.23654912 20.25517999 0.24902391
      vertex 23.63095280 20.25589227 0.21937645
    endloop
  endfacet
  facet normal 0.05531074 -0.19906410 0.97842435
    outer loop
      vertex 23.63095280 20.25589227 0.21937645
      vertex 23.02535646 20.25660514 0.25375610
      vertex 23.63022997 19.64157615 0.09443239
    endloop
  endfacet
  facet normal 0.11093353 0.25272404 0.96115780
    outer loop
      vertex 20.60297094 20.25946254 0.55717133
      vertex 21.20929259 20.87306349 0.32585331
      vertex 20.60369679 20.87377875 0.39556103
    endloop
  endfacet
  facet normal 0.24526415 0.11182240 0.96298559
    outer loop
      vertex 20.60224512 19.64514634 0.62869091
      vertex 21.20784212 19.64443112 0.47453362
      vertex 20.60297094 20.25946254 0.55717133
    endloop
  endfacet
  facet normal 0.24612873 -0.06291890 0.96719277
    outer loop
      vertex 20.60151931 19.03083015 0.58891243
      vertex 21.20784212 19.64443112 0.47453362
      vertex 20.60224512 19.64514634 0.62869091
    endloop
  endfacet
  facet normal 0.13357641 0.05248413 0.98964779
    outer loop
      vertex 21.20711691 19.03011494 0.50721062
      vertex 21.20784212 19.64443112 0.47453362
      vertex 20.60151931 19.03083015 0.58891243
    endloop
  endfacet
  facet normal 0.13362436 0.04335931 0.99008308
    outer loop
      vertex 20.60151931 19.03083015 0.58891243
      vertex 20.60079351 18.41651397 0.61591351
      vertex 21.20711691 19.03011494 0.50721062
    endloop
  endfacet
  facet normal 0.07016773 0.10637583 0.99184710
    outer loop
      vertex 21.20711691 19.03011494 0.50721062
      vertex 20.60079351 18.41651397 0.61591351
      vertex 21.20639172 18.41579879 0.57314747
    endloop
  endfacet
  facet normal -0.03663585 -0.04389541 0.99836417
    outer loop
      vertex 25.44557870 18.41080904 0.03726321
      vertex 26.05045640 17.79578257 0.03241865
      vertex 25.44629969 19.02512508 0.06429950
    endloop
  endfacet
  facet normal 0.00481344 -0.00314284 0.99998348
    outer loop
      vertex 25.44485773 17.79649300 0.03533594
      vertex 26.05045640 17.79578257 0.03241865
      vertex 25.44557870 18.41080904 0.03726321
    endloop
  endfacet
  facet normal 0.00823561 -0.00314679 0.99996114
    outer loop
      vertex 25.44557870 18.41080904 0.03726321
      vertex 24.83998061 18.41152008 0.04225310
      vertex 25.44485773 17.79649300 0.03533594
    endloop
  endfacet
  facet normal 0.04886789 -0.04397256 0.99783683
    outer loop
      vertex 25.44629969 19.02512508 0.06429950
      vertex 24.84070220 19.02583615 0.09398927
      vertex 25.44557870 18.41080904 0.03726321
    endloop
  endfacet
  facet normal 0.00811174 -0.08392712 0.99643888
    outer loop
      vertex 24.84070220 19.02583615 0.09398927
      vertex 24.83998061 18.41152008 0.04225310
      vertex 25.44557870 18.41080904 0.03726321
    endloop
  endfacet
  facet normal -0.08063348 -0.21798571 0.97261527
    outer loop
      vertex 24.23654912 20.25517999 0.24902391
      vertex 24.23582690 19.64086389 0.11128151
      vertex 24.84142380 19.64015222 0.16132828
    endloop
  endfacet
  facet normal 0.04854804 -0.10889141 0.99286744
    outer loop
      vertex 24.84142380 19.64015222 0.16132828
      vertex 24.84070220 19.02583615 0.09398927
      vertex 25.44629969 19.02512508 0.06429950
    endloop
  endfacet
  facet normal -0.02607772 -0.10889622 0.99371101
    outer loop
      vertex 24.84142380 19.64015222 0.16132828
      vertex 24.23510469 19.02654780 0.07817471
      vertex 24.84070220 19.02583615 0.09398927
    endloop
  endfacet
  facet normal -0.08230402 -0.05353499 0.99516835
    outer loop
      vertex 24.23582690 19.64086389 0.11128151
      vertex 24.23510469 19.02654780 0.07817471
      vertex 24.84142380 19.64015222 0.16132828
    endloop
  endfacet
  facet normal 0.02104956 0.01803617 0.99961573
    outer loop
      vertex 24.23366032 17.79791565 0.03275030
      vertex 23.62733884 17.18431180 0.05658933
      vertex 24.23293817 17.18359960 0.04384968
    endloop
  endfacet
  facet normal 0.01244131 0.02654049 0.99957032
    outer loop
      vertex 23.62806160 17.79862787 0.04026907
      vertex 23.62733884 17.18431180 0.05658933
      vertex 24.23366032 17.79791565 0.03275030
    endloop
  endfacet
  facet normal -0.01132336 0.00641452 0.99991531
    outer loop
      vertex 25.43909055 12.88196515 0.06035706
      vertex 26.04469403 12.88125484 0.06721966
      vertex 25.43981139 13.49628109 0.05642435
    endloop
  endfacet
  facet normal 0.07038535 -0.01977826 0.99732378
    outer loop
      vertex 23.02318623 18.41365677 0.09515452
      vertex 23.62806160 17.79862787 0.04026907
      vertex 23.62878437 18.41294395 0.05240077
    endloop
  endfacet
  facet normal 0.12391274 0.05144052 0.99095888
    outer loop
      vertex 22.41758808 18.41437018 0.17084347
      vertex 22.41686410 17.80005407 0.20282305
      vertex 23.02318623 18.41365677 0.09515452
    endloop
  endfacet
  facet normal 0.12401754 0.01846361 0.99210823
    outer loop
      vertex 23.02318623 18.41365677 0.09515452
      vertex 23.02390962 19.02797288 0.08363138
      vertex 22.41758808 18.41437018 0.17084347
    endloop
  endfacet
  facet normal 0.07043189 0.01862489 0.99734270
    outer loop
      vertex 23.62878437 18.41294395 0.05240077
      vertex 23.02390962 19.02797288 0.08363138
      vertex 23.02318623 18.41365677 0.09515452
    endloop
  endfacet
  facet normal 0.00000000 0.00000000 1.00000000
    outer loop
      vertex 1.20823544 7.38201393 0.52000000
      vertex 1.20749077 6.76769745 0.52000000
      vertex 1.81310089 6.76696364 0.52000000
    endloop
  endfacet
  facet normal -0.31322250 -0.17872796 0.93271002
    outer loop
      vertex 0.00000000 9.84074951 1.00481766
      vertex 0.60486182 9.22569789 1.09008469
      vertex 0.60560716 9.84001443 1.20805168
    endloop
  endfacet
  facet normal -0.31684705 -0.17849683 0.93152930
    outer loop
      vertex 0.60560716 9.84001443 1.20805168
      vertex 0.60486182 9.22569789 1.09008469
      vertex 1.21121430 9.83927994 1.41389999
    endloop
  endfacet
  facet normal -0.31607834 -0.11739596 0.94144181
    outer loop
      vertex 0.60560716 9.84001443 1.20805168
      vertex 0.60635251 10.45433098 1.28490601
      vertex 0.00000000 9.84074951 1.00481766
    endloop
  endfacet
  facet normal -0.09392560 -0.39049190 0.91580241
    outer loop
      vertex 1.21121430 9.83927994 1.41389999
      vertex 0.60486182 9.22569789 1.09008469
      vertex 1.21046956 9.22496342 1.15188324
    endloop
  endfacet
  facet normal -0.09980212 -0.19499097 0.97571413
    outer loop
      vertex 1.21046956 9.22496342 1.15188324
      vertex 0.60486182 9.22569789 1.09008469
      vertex 0.60411649 8.61138137 0.96724075
    endloop
  endfacet
  facet normal -0.43337442 0.01695425 0.90105447
    outer loop
      vertex 0.00000000 9.84074951 1.00481766
      vertex 0.60635251 10.45433098 1.28490601
      vertex 0.60709789 11.06864754 1.27370552
    endloop
  endfacet
  facet normal 0.11104394 0.15168856 0.98217098
    outer loop
      vertex 1.81161280 5.53833076 0.59880512
      vertex 1.20600148 5.53906454 0.66716202
      vertex 1.81086879 4.92401433 0.69376556
    endloop
  endfacet
  facet normal 0.00000000 0.00000000 1.00000000
    outer loop
      vertex 3.02506396 7.37981421 0.52000000
      vertex 2.42019796 7.99486331 0.52000000
      vertex 2.41945447 7.38054686 0.52000000
    endloop
  endfacet
  facet normal 0.11149984 0.20767180 0.97182314
    outer loop
      vertex 1.81012479 4.30969792 0.82242874
      vertex 2.41499391 3.69464838 0.88446228
      vertex 2.41573729 4.30896477 0.75310188
    endloop
  endfacet
  facet normal -0.20949333 -0.20602484 0.95585894
    outer loop
      vertex 2.42019796 7.99486331 0.52000000
      vertex 3.02506396 7.37981421 0.52000000
      vertex 3.02580685 7.99413065 0.65257195
    endloop
  endfacet
  facet normal -0.21902514 -0.10390304 0.97017120
    outer loop
      vertex 1.21493826 12.91086273 1.12111778
      vertex 1.21568311 13.52517933 1.18707779
      vertex 0.60933412 12.91159730 0.98447571
    endloop
  endfacet
  facet normal 0.06179046 0.01728900 0.99793939
    outer loop
      vertex 2.42763380 14.13802850 1.28714828
      vertex 1.82277518 14.75307852 1.31394440
      vertex 1.82203089 14.13876192 1.32463333
    endloop
  endfacet
  facet normal -0.15880249 0.01736866 0.98715759
    outer loop
      vertex 1.82203089 14.13876192 1.32463333
      vertex 1.82277518 14.75307852 1.31394440
      vertex 1.21642797 14.13949593 1.22719803
    endloop
  endfacet
  facet normal 0.02278938 -0.06395227 0.99769271
    outer loop
      vertex 2.42986490 15.98097828 1.11824638
      vertex 3.03620912 16.59456201 1.14372704
      vertex 2.43060863 16.59529490 1.15760719
    endloop
  endfacet
  facet normal 0.32548626 -0.06085202 0.94358663
    outer loop
      vertex 2.43060863 16.59529490 1.15760719
      vertex 1.82351947 15.36739513 1.28783264
      vertex 2.42986490 15.98097828 1.11824638
    endloop
  endfacet
  facet normal -0.00005015 -0.04144235 0.99914090
    outer loop
      vertex 3.03620912 16.59456201 1.14372704
      vertex 2.42986490 15.98097828 1.11824638
      vertex 3.03546598 15.98024541 1.11824638
    endloop
  endfacet
  facet normal -0.21049269 0.19690981 0.95755906
    outer loop
      vertex 6.67129082 17.81881012 1.78840088
      vertex 6.06495146 17.20522295 1.78129044
      vertex 6.67055125 17.20449359 1.91456467
    endloop
  endfacet
  facet normal -0.23522297 0.22147763 0.94637086
    outer loop
      vertex 6.67129082 17.81881012 1.78840088
      vertex 6.06569163 17.81953949 1.63770691
      vertex 6.06495146 17.20522295 1.78129044
    endloop
  endfacet
  facet normal 0.15571626 0.35976160 0.91995872
    outer loop
      vertex 7.88618124 20.88893578 0.89233536
      vertex 7.88691971 21.50325235 0.65197403
      vertex 7.28058508 20.88966406 0.99455643
    endloop
  endfacet
  facet normal -0.13223470 0.20129186 0.97056456
    outer loop
      vertex 6.67424926 20.27607634 1.24815773
      vertex 6.06791223 19.66248919 1.29280319
      vertex 6.67350962 19.66175977 1.37546417
    endloop
  endfacet
  facet normal -0.20426783 0.18332593 0.96159568
    outer loop
      vertex 6.06791223 19.66248919 1.29280319
      vertex 5.46157401 19.04890261 1.28098007
      vertex 6.06717201 19.04817261 1.40976395
    endloop
  endfacet
  facet normal -0.20345777 0.20258572 0.95789559
    outer loop
      vertex 6.06717201 19.04817261 1.40976395
      vertex 5.46157401 19.04890261 1.28098007
      vertex 5.46083321 18.43458603 1.41074478
    endloop
  endfacet
  facet normal 0.00861296 -0.03021547 0.99950630
    outer loop
      vertex 21.19769074 11.04400579 0.05813863
      vertex 20.59281092 11.65903682 0.08194364
      vertex 20.59208533 11.04472079 0.06337887
    endloop
  endfacet
  facet normal 0.12306479 0.12795032 0.98411573
    outer loop
      vertex 16.35211727 10.43542618 0.33490772
      vertex 15.74651113 10.43614590 0.41054588
      vertex 15.74578078 9.82182976 0.49050785
    endloop
  endfacet
  facet normal 0.03666608 0.04122539 0.99847687
    outer loop
      vertex 18.18058517 20.26232940 0.67364159
      vertex 18.78545401 19.64729555 0.67682327
      vertex 18.78618164 20.26161180 0.65143250
    endloop
  endfacet
  facet normal -0.01423769 -0.15419240 0.98793825
    outer loop
      vertex 16.36525579 21.49311843 0.89417923
      vertex 16.97012164 20.87808269 0.80690460
      vertex 16.97085110 21.49239901 0.90279449
    endloop
  endfacet
  facet normal 0.08193524 -0.06058267 0.99479463
    outer loop
      vertex 16.36452572 20.87880209 0.85682770
      vertex 16.97012164 20.87808269 0.80690460
      vertex 16.36525579 21.49311843 0.89417923
    endloop
  endfacet
  facet normal 0.12143536 0.14413227 0.98207909
    outer loop
      vertex 21.18971701 4.28653037 0.29646364
      vertex 22.40166458 4.89941837 0.05665584
      vertex 21.79605320 4.90013202 0.13143574
    endloop
  endfacet
  facet normal -0.00019693 -0.00020016 0.99999996
    outer loop
      vertex 25.43332447 7.96743805 0.03456952
      vertex 24.82771617 7.96814882 0.03445040
      vertex 24.82699489 7.35383297 0.03432730
    endloop
  endfacet
  facet normal 0.00442530 -0.00437287 0.99998065
    outer loop
      vertex 23.61433213 6.12662453 0.03383816
      vertex 23.00872199 6.12733703 0.03652134
      vertex 23.00799895 5.51302116 0.03383816
    endloop
  endfacet
  facet normal 0.04425613 -0.00658274 0.99899853
    outer loop
      vertex 22.40238819 5.51373424 0.06067172
      vertex 22.40166458 4.89941837 0.05665584
      vertex 23.00799895 5.51302116 0.03383816
    endloop
  endfacet
  facet normal 0.06361328 0.05207532 0.99661503
    outer loop
      vertex 21.79677742 5.51444791 0.09929016
      vertex 21.79605320 4.90013202 0.13143574
      vertex 22.40238819 5.51373424 0.06067172
    endloop
  endfacet
  facet normal 0.12253727 -0.00663209 0.99244175
    outer loop
      vertex 22.40238819 5.51373424 0.06067172
      vertex 21.79605320 4.90013202 0.13143574
      vertex 22.40166458 4.89941837 0.05665584
    endloop
  endfacet
  facet normal -0.00468144 0.03606260 0.99933857
    outer loop
      vertex 15.13140391 2.45075708 0.75846100
      vertex 15.73701787 2.45003699 0.76132401
      vertex 15.13213466 3.06507310 0.73629593
    endloop
  endfacet
  facet normal -0.00476740 -0.03626033 0.99933101
    outer loop
      vertex 15.13067318 1.83644108 0.73616730
      vertex 15.73701787 2.45003699 0.76132401
      vertex 15.13140391 2.45075708 0.75846100
    endloop
  endfacet
  facet normal -0.00381770 -0.03626161 0.99933504
    outer loop
      vertex 15.13140391 2.45075708 0.75846100
      vertex 14.52505862 1.83716175 0.73387985
      vertex 15.13067318 1.83644108 0.73616730
    endloop
  endfacet
  facet normal 0.05179739 0.09141077 0.99446523
    outer loop
      vertex 15.13213466 3.06507310 0.73629593
      vertex 15.73701787 2.45003699 0.76132401
      vertex 15.73774801 3.06435299 0.70481834
    endloop
  endfacet
  facet normal 0.07719509 -0.08879232 0.99305430
    outer loop
      vertex 19.37215436 3.67436068 0.35640282
      vertex 19.97776700 3.67364469 0.30926149
      vertex 19.97849298 4.28796060 0.36413311
    endloop
  endfacet
  facet normal 0.02049572 -0.03284199 0.99925038
    outer loop
      vertex 19.97849298 4.28796060 0.36413311
      vertex 19.37288094 4.28867660 0.37657841
      vertex 19.37215436 3.67436068 0.35640282
    endloop
  endfacet
  facet normal -0.05656845 0.29757312 0.95302164
    outer loop
      vertex 16.35138751 9.82111006 0.52667953
      vertex 16.35211727 10.43542618 0.33490772
      vertex 15.74578078 9.82182976 0.49050785
    endloop
  endfacet
  facet normal 0.04974320 0.07483901 0.99595418
    outer loop
      vertex 15.74432012 8.59319751 0.52516598
      vertex 15.74358982 7.97888141 0.57136402
      vertex 16.34992806 8.59247785 0.49497280
    endloop
  endfacet
  facet normal 0.05197094 0.10825628 0.99276362
    outer loop
      vertex 3.01986424 3.07959948 0.92094719
      vertex 3.62547791 3.07886754 0.88932327
      vertex 3.62622008 3.69318388 0.82229607
    endloop
  endfacet
  facet normal -0.20778994 0.29002724 0.93418817
    outer loop
      vertex 4.83670521 3.07740544 1.23269493
      vertex 5.44157849 2.46235900 1.55818268
      vertex 5.44231884 3.07667528 1.36762726
    endloop
  endfacet
  facet normal -0.06350158 0.37694271 0.92405722
    outer loop
      vertex 7.86772515 5.53102550 0.99095047
      vertex 7.26211399 5.53175336 0.94903572
      vertex 7.26137537 4.91743709 1.19957771
    endloop
  endfacet
  facet normal -0.06865433 0.06590473 0.99546127
    outer loop
      vertex 6.65132865 1.23226803 1.93266251
      vertex 6.04571326 1.23299696 1.89084656
      vertex 6.65058956 0.61795182 1.97328247
    endloop
  endfacet
  facet normal 0.07173037 -0.00612593 0.99740525
    outer loop
      vertex 6.65132865 1.23226803 1.93266251
      vertex 7.25620554 0.61722349 1.88538406
      vertex 7.25694403 1.23153969 1.88910400
    endloop
  endfacet
  facet normal 0.14340568 0.06512443 0.98751892
    outer loop
      vertex 6.65058956 0.61795182 1.97328247
      vertex 7.25620554 0.61722349 1.88538406
      vertex 6.65132865 1.23226803 1.93266251
    endloop
  endfacet
  facet normal -0.16366805 0.22889927 0.95959256
    outer loop
      vertex 6.04645297 1.84731320 1.77044662
      vertex 6.65280690 2.46090048 1.72750244
      vertex 6.04719270 2.46162945 1.62403503
    endloop
  endfacet
  facet normal -0.06737187 0.19197217 0.97908514
    outer loop
      vertex 6.04571326 1.23299696 1.89084656
      vertex 6.65132865 1.23226803 1.93266251
      vertex 6.04645297 1.84731320 1.77044662
    endloop
  endfacet
  facet normal -0.15121193 0.18101956 0.97178540
    outer loop
      vertex 5.44083816 1.84804274 1.67607574
      vertex 5.44009785 1.23372648 1.79039246
      vertex 6.04645297 1.84731320 1.77044662
    endloop
  endfacet
  facet normal -0.16043096 0.19002581 0.96858252
    outer loop
      vertex 5.44009785 1.23372648 1.79039246
      vertex 6.04571326 1.23299696 1.89084656
      vertex 6.04645297 1.84731320 1.77044662
    endloop
  endfacet
  facet normal -0.31624006 0.17916529 0.93160723
    outer loop
      vertex 5.44083816 1.84804274 1.67607574
      vertex 5.44157849 2.46235900 1.55818268
      vertex 4.83596427 2.46308915 1.35246262
    endloop
  endfacet
  facet normal -0.32635086 0.16843924 0.93012007
    outer loop
      vertex 4.83596427 2.46308915 1.35246262
      vertex 4.83522334 1.84877287 1.46345169
      vertex 5.44083816 1.84804274 1.67607574
    endloop
  endfacet
  facet normal -0.31607473 0.18191527 0.93113028
    outer loop
      vertex 4.83596427 2.46308915 1.35246262
      vertex 5.44157849 2.46235900 1.55818268
      vertex 4.83670521 3.07740544 1.23269493
    endloop
  endfacet
  facet normal -0.21989055 -0.15309951 0.96343588
    outer loop
      vertex 15.75235459 15.35067544 0.22579403
      vertex 16.35795592 15.34995560 0.36389954
      vertex 15.75308510 15.96499169 0.32358170
    endloop
  endfacet
  facet normal -0.24390074 -0.15217178 0.95778713
    outer loop
      vertex 15.75308510 15.96499169 0.32358170
      vertex 15.14748435 15.96571214 0.16947977
      vertex 15.75235459 15.35067544 0.22579403
    endloop
  endfacet
  facet normal -0.09806154 -0.03123526 0.99469005
    outer loop
      vertex 15.75308510 15.96499169 0.32358170
      vertex 16.35795592 15.34995560 0.36389954
      vertex 16.35868583 15.96427183 0.38326225
    endloop
  endfacet
  facet normal -0.04295099 -0.03142344 0.99858289
    outer loop
      vertex 16.35868583 15.96427183 0.38326225
      vertex 16.35795592 15.34995560 0.36389954
      vertex 16.96428655 15.96355256 0.40928768
    endloop
  endfacet
  facet normal -0.09802402 -0.04568057 0.99413509
    outer loop
      vertex 15.75381562 16.57930794 0.35188160
      vertex 15.75308510 15.96499169 0.32358170
      vertex 16.35868583 15.96427183 0.38326225
    endloop
  endfacet
  facet normal 0.08341043 -0.08608985 0.99278962
    outer loop
      vertex 13.32775047 13.51061186 0.21563374
      vertex 13.32848332 14.12492814 0.26884266
      vertex 12.72214725 13.51133461 0.26657690
    endloop
  endfacet
  facet normal 0.28527185 -0.03982350 0.95761896
    outer loop
      vertex 12.72508119 15.96859985 0.49937256
      vertex 13.32994909 15.35356073 0.29360722
      vertex 13.33068200 15.96787704 0.31893581
    endloop
  endfacet
  facet normal 0.27641870 -0.32158406 0.90563591
    outer loop
      vertex 12.72434768 15.35428353 0.57641869
      vertex 12.11874625 15.35500692 0.76151756
      vertex 12.72361419 14.73996721 0.35850376
    endloop
  endfacet
  facet normal 0.29035834 0.11874020 0.94952241
    outer loop
      vertex 12.72434768 15.35428353 0.57641869
      vertex 12.72508119 15.96859985 0.49937256
      vertex 12.11874625 15.35500692 0.76151756
    endloop
  endfacet
  facet normal 0.42055646 0.11240835 0.90027586
    outer loop
      vertex 13.32994909 15.35356073 0.29360722
      vertex 12.72508119 15.96859985 0.49937256
      vertex 12.72434768 15.35428353 0.57641869
    endloop
  endfacet
  facet normal -0.11202032 -0.01401162 0.99360713
    outer loop
      vertex 13.33361382 18.42514240 0.49960018
      vertex 12.72801541 18.42586528 0.43133457
      vertex 12.72728183 17.81154891 0.42258892
    endloop
  endfacet
  facet normal 0.30230889 -0.22428890 0.92644688
    outer loop
      vertex 12.12241698 18.42658875 0.46584904
      vertex 12.12315118 19.04090516 0.61433289
      vertex 11.51681854 18.42731282 0.66363716
    endloop
  endfacet
  facet normal 0.05687719 -0.01427982 0.99827906
    outer loop
      vertex 12.72728183 17.81154891 0.42258892
      vertex 12.72801541 18.42586528 0.43133457
      vertex 12.12241698 18.42658875 0.46584904
    endloop
  endfacet
  facet normal 0.08373507 -0.03395769 0.99590929
    outer loop
      vertex 12.72141381 12.89701833 0.24569212
      vertex 13.32775047 13.51061186 0.21563374
      vertex 12.72214725 13.51133461 0.26657690
    endloop
  endfacet
  facet normal 0.04957265 -0.00005914 0.99877052
    outer loop
      vertex 13.32701762 12.89629560 0.21563374
      vertex 13.32775047 13.51061186 0.21563374
      vertex 12.72141381 12.89701833 0.24569212
    endloop
  endfacet
  facet normal 0.01186697 -0.01541851 0.99981070
    outer loop
      vertex 12.72214725 13.51133461 0.26657690
      vertex 13.32848332 14.12492814 0.26884266
      vertex 12.72288071 14.12565091 0.27604183
    endloop
  endfacet
  facet normal 0.25882775 -0.12881042 0.95729623
    outer loop
      vertex 12.72361419 14.73996721 0.35850376
      vertex 12.11801216 14.74069059 0.52233997
      vertex 12.72288071 14.12565091 0.27604183
    endloop
  endfacet
  facet normal 0.19419408 -0.19408710 0.96157104
    outer loop
      vertex 12.72288071 14.12565091 0.27604183
      vertex 12.11801216 14.74069059 0.52233997
      vertex 12.11727808 14.12637427 0.39849232
    endloop
  endfacet
  facet normal 0.29063048 -0.13487122 0.94728226
    outer loop
      vertex 9.69413094 13.51495725 1.37729965
      vertex 10.29899839 12.89991519 1.10415573
      vertex 10.29973423 13.51423154 1.19139450
    endloop
  endfacet
  facet normal 0.35233085 -0.08171919 0.93230089
    outer loop
      vertex 10.29973423 13.51423154 1.19139450
      vertex 10.90460227 12.89919009 0.90889519
      vertex 10.90533751 13.51350642 0.96246414
    endloop
  endfacet
  facet normal 0.30394094 -0.13430414 0.94317671
    outer loop
      vertex 10.29973423 13.51423154 1.19139450
      vertex 10.29899839 12.89991519 1.10415573
      vertex 10.90460227 12.89919009 0.90889519
    endloop
  endfacet
  facet normal 0.47499616 -0.18256388 0.86084207
    outer loop
      vertex 11.51167543 14.12709822 0.56047173
      vertex 11.51241011 14.74141455 0.69034805
      vertex 10.90680805 14.74213911 1.02466133
    endloop
  endfacet
  facet normal 0.62499875 0.02582153 0.78019857
    outer loop
      vertex 10.90680805 14.74213911 1.02466133
      vertex 10.90607277 14.12782276 1.04558182
      vertex 11.51167543 14.12709822 0.56047173
    endloop
  endfacet
  facet normal 0.41236842 0.23922402 0.87904730
    outer loop
      vertex 11.51461425 16.58436363 0.83008507
      vertex 11.51534899 17.19868002 0.66256027
      vertex 10.90974933 17.19940464 0.94645493
    endloop
  endfacet
  facet normal 0.18908037 0.01101808 0.98189980
    outer loop
      vertex 11.51387952 15.97004726 0.87109276
      vertex 11.51314481 15.35573090 0.87812759
      vertex 12.11874625 15.35500692 0.76151756
    endloop
  endfacet
  facet normal 0.11986083 0.06598225 0.99059564
    outer loop
      vertex 11.51387952 15.97004726 0.87109276
      vertex 11.51461425 16.58436363 0.83008507
      vertex 10.90827866 15.97077186 0.94432144
    endloop
  endfacet
  facet normal 0.33747671 -0.46540763 0.81823298
    outer loop
      vertex 9.69192166 11.67200820 0.74382408
      vertex 9.08631655 11.67273445 0.99401642
      vertex 9.69118527 11.05769187 0.39470715
    endloop
  endfacet
  facet normal 0.35453372 -0.46231495 0.81275503
    outer loop
      vertex 9.69118527 11.05769187 0.39470715
      vertex 10.29752676 11.67128254 0.47923893
      vertex 9.69192166 11.67200820 0.74382408
    endloop
  endfacet
  facet normal 0.26176747 -0.38084701 0.88681077
    outer loop
      vertex 10.29679097 11.05696623 0.21563374
      vertex 10.29752676 11.67128254 0.47923893
      vertex 9.69118527 11.05769187 0.39470715
    endloop
  endfacet
  facet normal 0.35651683 -0.36878081 0.85842674
    outer loop
      vertex 10.90313184 11.67055747 0.22741104
      vertex 10.29752676 11.67128254 0.47923893
      vertex 10.29679097 11.05696623 0.21563374
    endloop
  endfacet
  facet normal -0.01971863 -0.04479686 0.99880149
    outer loop
      vertex 13.93042480 11.05262478 0.28279303
      vertex 13.32555199 11.66766311 0.29843630
      vertex 13.32481920 11.05334688 0.27086937
    endloop
  endfacet
  facet normal 0.10083009 0.00372907 0.99489667
    outer loop
      vertex 9.68897620 9.21474296 0.52467747
      vertex 10.29531944 9.82833364 0.46092636
      vertex 9.68971254 9.82905925 0.52230026
    endloop
  endfacet
  facet normal -0.00379357 0.00387417 0.99998530
    outer loop
      vertex 9.68971254 9.82905925 0.52230026
      vertex 9.08410563 9.82978546 0.52000000
      vertex 9.68897620 9.21474296 0.52467747
    endloop
  endfacet
  facet normal 0.09610030 0.31396773 0.94455757
    outer loop
      vertex 10.29531944 9.82833364 0.46092636
      vertex 10.29605519 10.44264993 0.25665485
      vertex 9.68971254 9.82905925 0.52230026
    endloop
  endfacet
  facet normal 0.00000000 0.00000000 1.00000000
    outer loop
      vertex 8.47849870 9.83051225 0.52000000
      vertex 8.47776116 9.21619593 0.52000000
      vertex 9.08336869 9.21546915 0.52000000
    endloop
  endfacet
  facet normal 0.00000000 -0.00000000 1.00000000
    outer loop
      vertex 9.08336869 9.21546915 0.52000000
      vertex 9.08410563 9.82978546 0.52000000
      vertex 8.47849870 9.83051225 0.52000000
    endloop
  endfacet
  facet normal -0.00772335 0.00000926 0.99997017
    outer loop
      vertex 9.68897620 9.21474296 0.52467747
      vertex 9.08410563 9.82978546 0.52000000
      vertex 9.08336869 9.21546915 0.52000000
    endloop
  endfacet
  facet normal 0.04523294 -0.28856799 0.95639035
    outer loop
      vertex 10.29826257 12.28559886 0.91883522
      vertex 10.29899839 12.89991519 1.10415573
      vertex 9.69265807 12.28632454 0.94769653
    endloop
  endfacet
  facet normal 0.04480796 -0.31470857 0.94813014
    outer loop
      vertex 9.69265807 12.28632454 0.94769653
      vertex 9.69192166 11.67200820 0.74382408
      vertex 10.29826257 12.28559886 0.91883522
    endloop
  endfacet
  facet normal 0.33413552 -0.54875606 0.76630297
    outer loop
      vertex 10.29826257 12.28559886 0.91883522
      vertex 9.69192166 11.67200820 0.74382408
      vertex 10.29752676 11.67128254 0.47923893
    endloop
  endfacet
  facet normal 0.34943134 -0.21587718 0.91175368
    outer loop
      vertex 7.87953579 15.36008724 1.54495407
      vertex 7.27393423 15.36081536 1.77722443
      vertex 7.27319534 14.74649890 1.63205505
    endloop
  endfacet
  facet normal -0.02219302 0.16197439 0.98654537
    outer loop
      vertex 7.27319534 14.74649890 1.63205505
      vertex 7.87879750 14.74577079 1.64579803
      vertex 7.87953579 15.36008724 1.54495407
    endloop
  endfacet
  facet normal 0.11056502 0.17604988 0.97815225
    outer loop
      vertex 8.48366196 14.13072685 1.66256393
      vertex 9.08926469 14.12999994 1.59424072
      vertex 9.09000177 14.74431634 1.48359146
    endloop
  endfacet
  facet normal -0.11655708 -0.08765975 0.98930795
    outer loop
      vertex 8.48366196 14.13072685 1.66256393
      vertex 7.87879750 14.74577079 1.64579803
      vertex 7.87805922 14.13145435 1.59127823
    endloop
  endfacet
  facet normal 0.15162699 0.24477563 0.95765033
    outer loop
      vertex 12.10920438 7.36889552 0.97277138
      vertex 12.10847051 6.75457934 1.12990692
      vertex 12.71481361 7.36817234 0.87706871
    endloop
  endfacet
  facet normal 0.00000000 0.00000000 1.00000000
    outer loop
      vertex 7.87067739 7.98829065 0.52000000
      vertex 7.26506863 7.98901858 0.52000000
      vertex 7.26432994 7.37470226 0.52000000
    endloop
  endfacet
  facet normal -0.35118096 0.15310239 0.92370536
    outer loop
      vertex 8.47481118 6.75893075 0.74850143
      vertex 9.07968426 6.14388779 1.08040863
      vertex 9.08042111 6.75820403 0.97886703
    endloop
  endfacet
  facet normal 0.00001271 0.01059214 0.99994390
    outer loop
      vertex 9.08263177 8.60115285 0.52650730
      vertex 9.08336869 9.21546915 0.52000000
      vertex 8.47776116 9.21619593 0.52000000
    endloop
  endfacet
  facet normal -0.10023971 -0.09489596 0.99042756
    outer loop
      vertex 13.93115699 11.66694099 0.34172668
      vertex 13.93042480 11.05262478 0.28279303
      vertex 14.53603039 11.05190328 0.34401634
    endloop
  endfacet
  facet normal -0.07109021 -0.09516975 0.99291938
    outer loop
      vertex 13.93115699 11.66694099 0.34172668
      vertex 13.32555199 11.66766311 0.29843630
      vertex 13.93042480 11.05262478 0.28279303
    endloop
  endfacet
  facet normal 0.00000000 0.00000000 1.00000000
    outer loop
      vertex 7.26580734 8.60333491 0.52000000
      vertex 7.87067739 7.98829065 0.52000000
      vertex 7.87141550 8.60260697 0.52000000
    endloop
  endfacet
  facet normal -0.00000000 0.00000000 1.00000000
    outer loop
      vertex 7.26506863 7.98901858 0.52000000
      vertex 7.87067739 7.98829065 0.52000000
      vertex 7.26580734 8.60333491 0.52000000
    endloop
  endfacet
  facet normal 0.00000000 0.00000000 1.00000000
    outer loop
      vertex 7.87141550 8.60260697 0.52000000
      vertex 7.26654606 9.21765126 0.52000000
      vertex 7.26580734 8.60333491 0.52000000
    endloop
  endfacet
  facet normal 0.00000000 0.00000000 1.00000000
    outer loop
      vertex 8.47923626 10.44482859 0.52000000
      vertex 7.87362991 10.44555599 0.52000000
      vertex 8.47849870 9.83051225 0.52000000
    endloop
  endfacet
  facet normal 0.00000000 0.00000000 1.00000000
    outer loop
      vertex 7.87141550 8.60260697 0.52000000
      vertex 8.47776116 9.21619593 0.52000000
      vertex 7.87215362 9.21692330 0.52000000
    endloop
  endfacet
  facet normal 0.00000000 0.00000000 1.00000000
    outer loop
      vertex 7.87215362 9.21692330 0.52000000
      vertex 7.26654606 9.21765126 0.52000000
      vertex 7.87141550 8.60260697 0.52000000
    endloop
  endfacet
  facet normal -0.13335561 0.04602856 0.98999881
    outer loop
      vertex 6.66833266 15.36154408 1.69561432
      vertex 7.27393423 15.36081536 1.77722443
      vertex 7.27467315 15.97513184 1.74876221
    endloop
  endfacet
  facet normal -0.01672979 0.00120999 0.99985932
    outer loop
      vertex 25.43332447 7.96743805 0.03456952
      vertex 26.04037297 9.19535954 0.04324077
      vertex 25.43404517 8.58175389 0.03383816
    endloop
  endfacet
  facet normal -0.00342306 -0.01193989 0.99992286
    outer loop
      vertex 25.43404517 8.58175389 0.03383816
      vertex 26.04037297 9.19535954 0.04324077
      vertex 25.43476589 9.19606975 0.04117606
    endloop
  endfacet
  facet normal -0.00019530 0.00119076 0.99999927
    outer loop
      vertex 25.43404517 8.58175389 0.03383816
      vertex 24.82771617 7.96814882 0.03445040
      vertex 25.43332447 7.96743805 0.03456952
    endloop
  endfacet
  facet normal 0.00000117 0.00099662 0.99999950
    outer loop
      vertex 25.43404517 8.58175389 0.03383816
      vertex 24.82843748 8.58246468 0.03383816
      vertex 24.82771617 7.96814882 0.03445040
    endloop
  endfacet
  facet normal -0.00340779 0.00128824 0.99999336
    outer loop
      vertex 25.43476589 9.19606975 0.04117606
      vertex 26.04037297 9.19535954 0.04324077
      vertex 26.04109311 9.80967539 0.04245183
    endloop
  endfacet
  facet normal 0.04457162 0.00515745 0.99899288
    outer loop
      vertex 26.65029750 12.88054512 0.04020339
      vertex 26.04469403 12.88125484 0.06721966
      vertex 26.04397381 12.26693893 0.07042329
    endloop
  endfacet
  facet normal -0.00000395 -0.00335525 0.99999437
    outer loop
      vertex 23.00944504 6.74165290 0.03542420
      vertex 23.01016811 7.35596879 0.03748540
      vertex 22.40383548 6.74236601 0.03542420
    endloop
  endfacet
  facet normal 0.00443258 0.00178071 0.99998859
    outer loop
      vertex 23.00872199 6.12733703 0.03652134
      vertex 23.61433213 6.12662453 0.03383816
      vertex 23.00944504 6.74165290 0.03542420
    endloop
  endfacet
  facet normal 0.01202947 0.00855890 0.99989101
    outer loop
      vertex 19.98212315 7.35954032 0.06763368
      vertex 20.58773217 7.35882483 0.06035386
      vertex 19.98284923 7.97385630 0.06236650
    endloop
  endfacet
  facet normal 0.01201159 -0.00672084 0.99990527
    outer loop
      vertex 20.58773217 7.35882483 0.06035386
      vertex 19.98212315 7.35954032 0.06763368
      vertex 20.58700670 6.74450888 0.05623346
    endloop
  endfacet
  facet normal 0.00425758 0.01002683 0.99994067
    outer loop
      vertex 21.19406606 7.97242588 0.05411279
      vertex 21.80039876 8.58602750 0.04537828
      vertex 21.19479096 8.58674184 0.04794970
    endloop
  endfacet
  facet normal 0.00714713 0.01002326 0.99992422
    outer loop
      vertex 21.19479096 8.58674184 0.04794970
      vertex 20.58845765 7.97314080 0.05843431
      vertex 21.19406606 7.97242588 0.05411279
    endloop
  endfacet
  facet normal 0.00864890 -0.00308036 0.99995785
    outer loop
      vertex 21.19769074 11.04400579 0.05813863
      vertex 20.59208533 11.04472079 0.06337887
      vertex 21.19696577 10.42968979 0.05625250
    endloop
  endfacet
  facet normal -0.03522754 -0.21939457 0.97500002
    outer loop
      vertex 20.59498779 13.50198500 0.35403038
      vertex 19.98938476 13.50270065 0.33231049
      vertex 20.59426215 12.88766893 0.21577072
    endloop
  endfacet
  facet normal 0.08783259 -0.10139072 0.99096183
    outer loop
      vertex 20.59426215 12.88766893 0.21577072
      vertex 19.98938476 13.50270065 0.33231049
      vertex 19.98865853 12.88838456 0.26952082
    endloop
  endfacet
  facet normal 0.22026147 -0.15069224 0.96373063
    outer loop
      vertex 16.97085110 21.49239901 0.90279449
      vertex 16.97012164 20.87808269 0.80690460
      vertex 17.57644640 21.49168019 0.76427277
    endloop
  endfacet
  facet normal 0.08404251 -0.01382035 0.99636633
    outer loop
      vertex 17.57644640 21.49168019 0.76427277
      vertex 16.97012164 20.87808269 0.80690460
      vertex 17.57571754 20.87736389 0.75581322
    endloop
  endfacet
  facet normal 0.09135795 0.04101579 0.99497308
    outer loop
      vertex 18.78618164 20.26161180 0.65143250
      vertex 18.78545401 19.64729555 0.67682327
      vertex 19.39177809 20.26089478 0.59585648
    endloop
  endfacet
  facet normal -0.02682927 0.15678504 0.98726827
    outer loop
      vertex 19.39177809 20.26089478 0.59585648
      vertex 18.78545401 19.64729555 0.67682327
      vertex 19.39105106 19.64657855 0.69339439
    endloop
  endfacet
  facet normal 0.14907000 0.00057751 0.98882648
    outer loop
      vertex 18.78690928 20.87592806 0.63545895
      vertex 19.39250513 20.87521103 0.54416309
      vertex 18.78763695 21.49024433 0.63499046
    endloop
  endfacet
  facet normal 0.03666681 0.02593249 0.99899102
    outer loop
      vertex 18.78690928 20.87592806 0.63545895
      vertex 18.18058517 20.26232940 0.67364159
      vertex 18.78618164 20.26161180 0.65143250
    endloop
  endfacet
  facet normal 0.18906185 -0.12162636 0.97440374
    outer loop
      vertex 19.39323220 21.48952728 0.62070179
      vertex 19.39250513 20.87521103 0.54416309
      vertex 19.99882743 21.48881083 0.50310978
    endloop
  endfacet
  facet normal 0.02326061 -0.12362943 0.99205580
    outer loop
      vertex 18.78763695 21.49024433 0.63499046
      vertex 19.39250513 20.87521103 0.54416309
      vertex 19.39323220 21.48952728 0.62070179
    endloop
  endfacet
  facet normal 0.22612011 0.02080035 0.97387732
    outer loop
      vertex 19.39468637 22.71815983 0.65648125
      vertex 19.39395927 22.10384355 0.66977081
      vertex 19.99955391 22.10312708 0.52917587
    endloop
  endfacet
  facet normal 0.26024297 -0.03434542 0.96493212
    outer loop
      vertex 19.99955391 22.10312708 0.52917587
      vertex 20.60514853 22.10241120 0.36582104
      vertex 20.60587442 22.71672745 0.38749100
    endloop
  endfacet
  facet normal 0.05661835 -0.02985805 0.99794933
    outer loop
      vertex 23.02535646 20.25660514 0.25375610
      vertex 23.63095280 20.25589227 0.21937645
      vertex 23.02607990 20.87092129 0.27209503
    endloop
  endfacet
  facet normal 0.15501760 -0.02966098 0.98746634
    outer loop
      vertex 22.41976010 20.25731860 0.34884720
      vertex 23.02535646 20.25660514 0.25375610
      vertex 23.02607990 20.87092129 0.27209503
    endloop
  endfacet
  facet normal -0.02729317 0.08385233 0.99610435
    outer loop
      vertex 19.39250513 20.87521103 0.54416309
      vertex 19.39177809 20.26089478 0.59585648
      vertex 19.99737452 20.26017836 0.61251007
    endloop
  endfacet
  facet normal 0.11392763 0.09671530 0.98877027
    outer loop
      vertex 21.21001785 21.48737970 0.26568119
      vertex 20.60369679 20.87377875 0.39556103
      vertex 21.20929259 20.87306349 0.32585331
    endloop
  endfacet
  facet normal 0.21563153 0.09493776 0.97184868
    outer loop
      vertex 21.20929259 20.87306349 0.32585331
      vertex 21.81561304 21.48666502 0.13138295
      vertex 21.21001785 21.48737970 0.26568119
    endloop
  endfacet
  facet normal 0.08956756 0.17793853 0.97995690
    outer loop
      vertex 21.21001785 21.48737970 0.26568119
      vertex 21.81633771 22.10098122 0.09884738
      vertex 21.21074313 22.10169592 0.15406864
    endloop
  endfacet
  facet normal 0.21627445 0.05138199 0.97497962
    outer loop
      vertex 21.21001785 21.48737970 0.26568119
      vertex 21.81561304 21.48666502 0.13138295
      vertex 21.81633771 22.10098122 0.09884738
    endloop
  endfacet
  facet normal 0.02766525 -0.09935172 0.99466772
    outer loop
      vertex 23.02463303 19.64228900 0.14497182
      vertex 23.02390962 19.02797288 0.08363138
      vertex 23.62950716 19.02726004 0.06671636
    endloop
  endfacet
  facet normal 0.08302789 -0.04501292 0.99553011
    outer loop
      vertex 23.63022997 19.64157615 0.09443239
      vertex 23.02463303 19.64228900 0.14497182
      vertex 23.62950716 19.02726004 0.06671636
    endloop
  endfacet
  facet normal -0.02783628 -0.04502090 0.99859815
    outer loop
      vertex 23.62950716 19.02726004 0.06671636
      vertex 24.23582690 19.64086389 0.11128151
      vertex 23.63022997 19.64157615 0.09443239
    endloop
  endfacet
  facet normal -0.01895320 -0.05378216 0.99837280
    outer loop
      vertex 23.62950716 19.02726004 0.06671636
      vertex 24.23510469 19.02654780 0.07817471
      vertex 24.23582690 19.64086389 0.11128151
    endloop
  endfacet
  facet normal 0.02788522 -0.02332070 0.99933906
    outer loop
      vertex 23.62950716 19.02726004 0.06671636
      vertex 23.02390962 19.02797288 0.08363138
      vertex 23.62878437 18.41294395 0.05240077
    endloop
  endfacet
  facet normal -0.01893958 -0.02327051 0.99954979
    outer loop
      vertex 23.62878437 18.41294395 0.05240077
      vertex 24.23510469 19.02654780 0.07817471
      vertex 23.62950716 19.02726004 0.06671636
    endloop
  endfacet
  facet normal 0.07380725 -0.04399870 0.99630146
    outer loop
      vertex 21.20566654 17.80148264 0.54607174
      vertex 21.20639172 18.41579879 0.57314747
      vertex 20.60006774 17.80219781 0.59096684
    endloop
  endfacet
  facet normal 0.07033679 -0.04055787 0.99669845
    outer loop
      vertex 21.20639172 18.41579879 0.57314747
      vertex 20.60079351 18.41651397 0.61591351
      vertex 20.60006774 17.80219781 0.59096684
    endloop
  endfacet
  facet normal 0.07393946 0.01264214 0.99718260
    outer loop
      vertex 20.60006774 17.80219781 0.59096684
      vertex 20.59934198 17.18788166 0.59880886
      vertex 21.20566654 17.80148264 0.54607174
    endloop
  endfacet
  facet normal 0.06808287 -0.06454730 0.99558946
    outer loop
      vertex 20.60151931 19.03083015 0.58891243
      vertex 20.60224512 19.64514634 0.62869091
      vertex 19.99664810 19.64586215 0.67015076
    endloop
  endfacet
  facet normal 0.03806464 0.15665294 0.98691993
    outer loop
      vertex 19.99664810 19.64586215 0.67015076
      vertex 19.39177809 20.26089478 0.59585648
      vertex 19.39105106 19.64657855 0.69339439
    endloop
  endfacet
  facet normal -0.02725847 0.09341593 0.99525396
    outer loop
      vertex 19.99664810 19.64586215 0.67015076
      vertex 19.99737452 20.26017836 0.61251007
      vertex 19.39177809 20.26089478 0.59585648
    endloop
  endfacet
  facet normal 0.06798141 0.11529363 0.99100248
    outer loop
      vertex 19.99664810 19.64586215 0.67015076
      vertex 20.60224512 19.64514634 0.62869091
      vertex 20.60297094 20.25946254 0.55717133
    endloop
  endfacet
  facet normal 0.09071495 0.09292718 0.99153181
    outer loop
      vertex 20.60297094 20.25946254 0.55717133
      vertex 19.99737452 20.26017836 0.61251007
      vertex 19.99664810 19.64586215 0.67015076
    endloop
  endfacet
  facet normal 0.10403842 0.20560017 0.97309022
    outer loop
      vertex 21.81488838 20.87234883 0.26125673
      vertex 21.81561304 21.48666502 0.13138295
      vertex 21.20929259 20.87306349 0.32585331
    endloop
  endfacet
  facet normal 0.08558005 0.22247779 0.97117439
    outer loop
      vertex 21.81488838 20.87234883 0.26125673
      vertex 21.81416373 20.25803265 0.40204887
      vertex 22.41976010 20.25731860 0.34884720
    endloop
  endfacet
  facet normal 0.19690032 0.16947610 0.96566460
    outer loop
      vertex 21.20856734 20.25874730 0.43381493
      vertex 21.20929259 20.87306349 0.32585331
      vertex 20.60297094 20.25946254 0.55717133
    endloop
  endfacet
  facet normal 0.19925204 0.06457745 0.97781817
    outer loop
      vertex 20.60297094 20.25946254 0.55717133
      vertex 21.20784212 19.64443112 0.47453362
      vertex 21.20856734 20.25874730 0.43381493
    endloop
  endfacet
  facet normal 0.10468416 0.17201916 0.97951551
    outer loop
      vertex 21.20856734 20.25874730 0.43381493
      vertex 21.81488838 20.87234883 0.26125673
      vertex 21.20929259 20.87306349 0.32585331
    endloop
  endfacet
  facet normal 0.05132507 0.22304131 0.97345689
    outer loop
      vertex 21.81416373 20.25803265 0.40204887
      vertex 21.81488838 20.87234883 0.26125673
      vertex 21.20856734 20.25874730 0.43381493
    endloop
  endfacet
  facet normal 0.12231231 0.06549747 0.99032812
    outer loop
      vertex 21.20784212 19.64443112 0.47453362
      vertex 21.81343911 19.64371649 0.39978550
      vertex 21.20856734 20.25874730 0.43381493
    endloop
  endfacet
  facet normal 0.05237738 -0.00374108 0.99862036
    outer loop
      vertex 21.20856734 20.25874730 0.43381493
      vertex 21.81343911 19.64371649 0.39978550
      vertex 21.81416373 20.25803265 0.40204887
    endloop
  endfacet
  facet normal 0.32080249 0.04886206 0.94588491
    outer loop
      vertex 21.81198990 18.41508419 0.37619881
      vertex 22.41686410 17.80005407 0.20282305
      vertex 22.41758808 18.41437018 0.17084347
    endloop
  endfacet
  facet normal 0.04766779 -0.01897034 0.99868309
    outer loop
      vertex 19.99446892 17.80291357 0.61988605
      vertex 20.60006774 17.80219781 0.59096684
      vertex 19.99519529 18.41722975 0.63152054
    endloop
  endfacet
  facet normal 0.02569353 -0.04059231 0.99884539
    outer loop
      vertex 19.99519529 18.41722975 0.63152054
      vertex 20.60006774 17.80219781 0.59096684
      vertex 20.60079351 18.41651397 0.61591351
    endloop
  endfacet
  facet normal 0.01429154 -0.05605575 0.99832535
    outer loop
      vertex 24.23438250 18.41223172 0.04369133
      vertex 24.23510469 19.02654780 0.07817471
      vertex 23.62878437 18.41294395 0.05240077
    endloop
  endfacet
  facet normal 0.01435402 -0.01975930 0.99970172
    outer loop
      vertex 23.62878437 18.41294395 0.05240077
      vertex 23.62806160 17.79862787 0.04026907
      vertex 24.23438250 18.41223172 0.04369133
    endloop
  endfacet
  facet normal 0.01239155 -0.01782047 0.99976441
    outer loop
      vertex 23.62806160 17.79862787 0.04026907
      vertex 24.23366032 17.79791565 0.03275030
      vertex 24.23438250 18.41223172 0.04369133
    endloop
  endfacet
  facet normal 0.09511964 0.02632493 0.99511771
    outer loop
      vertex 23.02173950 17.18502459 0.11445748
      vertex 23.62733884 17.18431180 0.05658933
      vertex 23.62806160 17.79862787 0.04026907
    endloop
  endfacet
  facet normal -0.00181944 -0.01303536 0.99991338
    outer loop
      vertex 25.44485773 17.79649300 0.03533594
      vertex 24.83998061 18.41152008 0.04225310
      vertex 24.83925903 17.79720403 0.03424326
    endloop
  endfacet
  facet normal 0.00894177 0.04289110 0.99903974
    outer loop
      vertex 26.04541427 13.49557076 0.04083920
      vertex 26.04469403 12.88125484 0.06721966
      vertex 26.65101713 13.49486103 0.03544931
    endloop
  endfacet
  facet normal 0.02575300 0.04285891 0.99874917
    outer loop
      vertex 26.04541427 13.49557076 0.04083920
      vertex 25.43981139 13.49628109 0.05642435
      vertex 26.04469403 12.88125484 0.06721966
    endloop
  endfacet
  facet normal -0.02207967 -0.00240879 0.99975331
    outer loop
      vertex 24.83565142 14.72562396 0.08704388
      vertex 25.44125312 14.72491301 0.10041695
      vertex 24.83637291 15.33993995 0.08853993
    endloop
  endfacet
  facet normal -0.02207498 0.00161149 0.99975502
    outer loop
      vertex 24.83492995 14.11130798 0.08801815
      vertex 25.44125312 14.72491301 0.10041695
      vertex 24.83565142 14.72562396 0.08704388
    endloop
  endfacet
  facet normal 0.04399258 -0.06361645 0.99700431
    outer loop
      vertex 25.44053225 14.11059704 0.06125073
      vertex 25.44125312 14.72491301 0.10041695
      vertex 24.83492995 14.11130798 0.08801815
    endloop
  endfacet
  facet normal -0.00000000 0.00000000 1.00000000
    outer loop
      vertex 23.62228002 12.88409963 0.06936767
      vertex 24.22788355 12.88338754 0.06936767
      vertex 24.22860559 13.49770352 0.06936767
    endloop
  endfacet
  facet normal 0.06412855 -0.00427599 0.99793248
    outer loop
      vertex 26.04757508 15.33851861 0.07392447
      vertex 26.65245646 14.72349288 0.03241865
      vertex 26.65317615 15.33780883 0.03500465
    endloop
  endfacet
  facet normal 0.01381600 0.00787369 0.99987355
    outer loop
      vertex 26.65461557 16.56644075 0.03375121
      vertex 26.05045640 17.79578257 0.03241865
      vertex 26.04973605 17.18146656 0.03726615
    endloop
  endfacet
  facet normal 0.37502187 0.10932897 0.92054645
    outer loop
      vertex 22.41686410 17.80005407 0.20282305
      vertex 21.81198990 18.41508419 0.37619881
      vertex 21.81126533 17.80076806 0.44945343
    endloop
  endfacet
  facet normal 0.15734874 -0.04366872 0.98657712
    outer loop
      vertex 21.81126533 17.80076806 0.44945343
      vertex 21.20639172 18.41579879 0.57314747
      vertex 21.20566654 17.80148264 0.54607174
    endloop
  endfacet
  facet normal 0.30743264 0.11231493 0.94491827
    outer loop
      vertex 21.81126533 17.80076806 0.44945343
      vertex 21.81198990 18.41508419 0.37619881
      vertex 21.20639172 18.41579879 0.57314747
    endloop
  endfacet
  facet normal 0.30248375 -0.12049197 0.94550794
    outer loop
      vertex 21.80691824 14.11487152 0.09200886
      vertex 21.80764271 14.72918758 0.17006321
      vertex 21.20131585 14.11558600 0.28584221
    endloop
  endfacet
  facet normal 0.13310519 -0.20910894 0.96879124
    outer loop
      vertex 21.80836720 15.34350365 0.30256084
      vertex 21.80764271 14.72918758 0.17006321
      vertex 22.41324448 14.72847367 0.08670363
    endloop
  endfacet
  facet normal -0.00003323 -0.02820868 0.99960206
    outer loop
      vertex 22.41252061 14.11415763 0.06936767
      vertex 23.01812297 14.11344433 0.06936767
      vertex 22.41324448 14.72847367 0.08670363
    endloop
  endfacet
  facet normal 0.42037630 -0.19177478 0.88685185
    outer loop
      vertex 21.20204092 14.72990208 0.45727879
      vertex 21.80764271 14.72918758 0.17006321
      vertex 21.80836720 15.34350365 0.30256084
    endloop
  endfacet
  facet normal 0.41522043 -0.24498604 0.87611291
    outer loop
      vertex 21.20131585 14.11558600 0.28584221
      vertex 21.80764271 14.72918758 0.17006321
      vertex 21.20204092 14.72990208 0.45727879
    endloop
  endfacet
  facet normal -0.00892015 0.12724391 0.99183135
    outer loop
      vertex 1.81235684 6.15264719 0.52000000
      vertex 1.81161280 5.53833076 0.59880512
      vertex 2.41796755 6.15191399 0.52554070
    endloop
  endfacet
  facet normal 0.00000000 0.00000000 1.00000000
    outer loop
      vertex 1.81310089 6.76696364 0.52000000
      vertex 1.81235684 6.15264719 0.52000000
      vertex 2.41871100 6.76623042 0.52000000
    endloop
  endfacet
  facet normal -0.00913725 0.00902960 0.99991749
    outer loop
      vertex 2.41871100 6.76623042 0.52000000
      vertex 1.81235684 6.15264719 0.52000000
      vertex 2.41796755 6.15191399 0.52554070
    endloop
  endfacet
  facet normal 0.00000000 0.00000000 1.00000000
    outer loop
      vertex 2.41945447 7.38054686 0.52000000
      vertex 1.81310089 6.76696364 0.52000000
      vertex 2.41871100 6.76623042 0.52000000
    endloop
  endfacet
  facet normal 0.00000000 0.00000000 1.00000000
    outer loop
      vertex 1.81384496 7.38128010 0.52000000
      vertex 1.81310089 6.76696364 0.52000000
      vertex 2.41945447 7.38054686 0.52000000
    endloop
  endfacet
  facet normal 0.00000000 0.00000000 1.00000000
    outer loop
      vertex 1.20823544 7.38201393 0.52000000
      vertex 1.81310089 6.76696364 0.52000000
      vertex 1.81384496 7.38128010 0.52000000
    endloop
  endfacet
  facet normal 0.00000000 0.00000000 1.00000000
    outer loop
      vertex 1.81384496 7.38128010 0.52000000
      vertex 1.20898013 7.99633041 0.52000000
      vertex 1.20823544 7.38201393 0.52000000
    endloop
  endfacet
  facet normal 0.00000000 0.00000000 1.00000000
    outer loop
      vertex 1.81458905 7.99559657 0.52000000
      vertex 1.20898013 7.99633041 0.52000000
      vertex 1.81384496 7.38128010 0.52000000
    endloop
  endfacet
  facet normal 0.04168375 -0.28257692 0.95833854
    outer loop
      vertex 2.42242853 9.83781275 1.40654572
      vertex 2.42317208 10.45212925 1.58765152
      vertex 1.81682142 9.83854605 1.43310333
    endloop
  endfacet
  facet normal 0.04879475 -0.28903385 0.95607453
    outer loop
      vertex 1.81682142 9.83854605 1.43310333
      vertex 2.42317208 10.45212925 1.58765152
      vertex 1.81756558 10.45286257 1.61878128
    endloop
  endfacet
  facet normal -0.07899958 -0.37731220 0.92271045
    outer loop
      vertex 1.81607728 9.22422954 1.20343338
      vertex 1.21046956 9.22496342 1.15188324
      vertex 1.81533316 8.60991305 0.95216507
    endloop
  endfacet
  facet normal -0.03011242 -0.34999841 0.93626618
    outer loop
      vertex 1.81607728 9.22422954 1.20343338
      vertex 1.81682142 9.83854605 1.43310333
      vertex 1.21121430 9.83927994 1.41389999
    endloop
  endfacet
  facet normal -0.07853193 -0.39103041 0.91702124
    outer loop
      vertex 1.21121430 9.83927994 1.41389999
      vertex 1.21046956 9.22496342 1.15188324
      vertex 1.81607728 9.22422954 1.20343338
    endloop
  endfacet
  facet normal 0.00724632 0.11149562 0.99373851
    outer loop
      vertex 2.41796755 6.15191399 0.52554070
      vertex 1.81161280 5.53833076 0.59880512
      vertex 2.41722411 5.53759757 0.59447128
    endloop
  endfacet
  facet normal -0.20775868 0.00025104 0.97818008
    outer loop
      vertex 3.63067344 7.37908216 0.52000000
      vertex 4.23702458 7.99266710 0.64862732
      vertex 3.63141572 7.99339858 0.52000000
    endloop
  endfacet
  facet normal -0.00024753 -0.20493837 0.97877485
    outer loop
      vertex 4.23628289 7.37835070 0.52000000
      vertex 4.23702458 7.99266710 0.64862732
      vertex 3.63067344 7.37908216 0.52000000
    endloop
  endfacet
  facet normal 0.00000000 0.00000000 1.00000000
    outer loop
      vertex 3.62993117 6.76476575 0.52000000
      vertex 3.02432109 6.76549779 0.52000000
      vertex 3.62918891 6.15044935 0.52000000
    endloop
  endfacet
  facet normal -0.00082096 -0.28741674 0.95780527
    outer loop
      vertex 1.20972483 8.61064691 0.96753944
      vertex 1.21046956 9.22496342 1.15188324
      vertex 0.60411649 8.61138137 0.96724075
    endloop
  endfacet
  facet normal 0.02396008 -0.28736188 0.95752236
    outer loop
      vertex 1.81533316 8.60991305 0.95216507
      vertex 1.21046956 9.22496342 1.15188324
      vertex 1.20972483 8.61064691 0.96753944
    endloop
  endfacet
  facet normal 0.02006190 -0.57527657 0.81771290
    outer loop
      vertex 1.20972483 8.61064691 0.96753944
      vertex 1.81458905 7.99559657 0.52000000
      vertex 1.81533316 8.60991305 0.95216507
    endloop
  endfacet
  facet normal -0.00071351 -0.58882808 0.80825800
    outer loop
      vertex 1.20972483 8.61064691 0.96753944
      vertex 1.20898013 7.99633041 0.52000000
      vertex 1.81458905 7.99559657 0.52000000
    endloop
  endfacet
  facet normal 0.15782562 -0.00564911 0.98745084
    outer loop
      vertex 2.42391566 11.06644576 1.53844711
      vertex 3.02877857 10.45139652 1.43825241
      vertex 3.02952155 11.06571301 1.44164810
    endloop
  endfacet
  facet normal 0.23888544 0.07724162 0.96797081
    outer loop
      vertex 2.42317208 10.45212925 1.58765152
      vertex 3.02877857 10.45139652 1.43825241
      vertex 2.42391566 11.06644576 1.53844711
    endloop
  endfacet
  facet normal -0.26367915 -0.07533143 0.96166443
    outer loop
      vertex 3.64106706 15.97951312 1.14193344
      vertex 4.24741004 16.59309800 1.35625168
      vertex 3.64180959 16.59382971 1.19025917
    endloop
  endfacet
  facet normal -0.24543844 -0.09445202 0.96479987
    outer loop
      vertex 4.24666811 15.97878143 1.29592255
      vertex 4.24741004 16.59309800 1.35625168
      vertex 3.64106706 15.97951312 1.14193344
    endloop
  endfacet
  facet normal 0.06723467 0.20352171 0.97675914
    outer loop
      vertex 2.42912118 15.36666168 1.24629921
      vertex 2.42986490 15.98097828 1.11824638
      vertex 1.82351947 15.36739513 1.28783264
    endloop
  endfacet
  facet normal 0.20527557 -0.21792574 0.95413328
    outer loop
      vertex 8.48661278 16.58799260 1.75489304
      vertex 7.88175078 17.20303665 2.02550232
      vertex 7.88101244 16.58872016 1.88535019
    endloop
  endfacet
  facet normal -0.07632713 -0.22169195 0.97212491
    outer loop
      vertex 7.88101244 16.58872016 1.88535019
      vertex 7.88175078 17.20303665 2.02550232
      vertex 7.27541208 16.58944832 1.83796707
    endloop
  endfacet
  facet normal -0.07737057 -0.14318089 0.98666764
    outer loop
      vertex 7.88101244 16.58872016 1.88535019
      vertex 7.27541208 16.58944832 1.83796707
      vertex 7.27467315 15.97513184 1.74876221
    endloop
  endfacet
  facet normal -0.01440785 -0.27921101 0.96012167
    outer loop
      vertex 7.27541208 16.58944832 1.83796707
      vertex 7.88175078 17.20303665 2.02550232
      vertex 7.27615103 17.20376482 2.01662628
    endloop
  endfacet
  facet normal -0.16613962 0.01768429 0.98594366
    outer loop
      vertex 6.67055125 17.20449359 1.91456467
      vertex 6.66981170 16.59017707 1.92545868
      vertex 7.27615103 17.20376482 2.01662628
    endloop
  endfacet
  facet normal 0.13707444 -0.27677204 0.95110874
    outer loop
      vertex 7.27615103 17.20376482 2.01662628
      vertex 6.66981170 16.59017707 1.92545868
      vertex 7.27541208 16.58944832 1.83796707
    endloop
  endfacet
  facet normal -0.01388042 0.25174366 0.96769441
    outer loop
      vertex 7.27615103 17.20376482 2.01662628
      vertex 7.88175078 17.20303665 2.02550232
      vertex 7.88248915 17.81735314 1.86569977
    endloop
  endfacet
  facet normal -0.16264068 0.19868319 0.96647452
    outer loop
      vertex 7.27615103 17.20376482 2.01662628
      vertex 6.67129082 17.81881012 1.78840088
      vertex 6.67055125 17.20449359 1.91456467
    endloop
  endfacet
  facet normal 0.18709059 0.18891569 0.96400621
    outer loop
      vertex 8.49325313 22.11684121 0.41405457
      vertex 7.88691971 21.50325235 0.65197403
      vertex 8.49251525 21.50252465 0.53458500
    endloop
  endfacet
  facet normal -0.18955892 0.18926020 0.96345627
    outer loop
      vertex 8.49325313 22.11684121 0.41405457
      vertex 8.49251525 21.50252465 0.53458500
      vertex 9.09884806 22.11611409 0.53334751
    endloop
  endfacet
  facet normal 0.26247438 0.33489470 0.90496007
    outer loop
      vertex 8.49177738 20.88820810 0.71695770
      vertex 7.88618124 20.88893578 0.89233536
      vertex 8.49103953 20.27389157 0.94450920
    endloop
  endfacet
  facet normal 0.26080639 0.35148627 0.89913148
    outer loop
      vertex 7.88691971 21.50325235 0.65197403
      vertex 7.88618124 20.88893578 0.89233536
      vertex 8.49177738 20.88820810 0.71695770
    endloop
  endfacet
  facet normal 0.18303332 0.27958489 0.94251318
    outer loop
      vertex 8.49177738 20.88820810 0.71695770
      vertex 8.49251525 21.50252465 0.53458500
      vertex 7.88691971 21.50325235 0.65197403
    endloop
  endfacet
  facet normal -0.09555349 0.14768235 0.98440818
    outer loop
      vertex 7.27910699 19.66103093 1.43435699
      vertex 6.67350962 19.66175977 1.37546417
      vertex 7.27836798 19.04671439 1.52644592
    endloop
  endfacet
  facet normal 0.42260894 0.09557270 0.90125887
    outer loop
      vertex 10.90974933 17.19940464 0.94645493
      vertex 11.51534899 17.19868002 0.66256027
      vertex 10.91048469 17.81372106 0.88096581
    endloop
  endfacet
  facet normal 0.20447057 -0.14279886 0.96840088
    outer loop
      vertex 10.91048469 17.81372106 0.88096581
      vertex 11.51534899 17.19868002 0.66256027
      vertex 11.51608376 17.81299641 0.75299126
    endloop
  endfacet
  facet normal 0.43681134 -0.00374433 0.89954535
    outer loop
      vertex 10.30414965 17.20012986 1.24053185
      vertex 10.30341371 16.58581344 1.23833214
      vertex 10.90974933 17.19940464 0.94645493
    endloop
  endfacet
  facet normal 0.09257594 0.29338177 0.95150241
    outer loop
      vertex 7.88322753 18.43166964 1.63087341
      vertex 8.48882607 18.43094203 1.57217636
      vertex 7.88396593 19.04598616 1.44138611
    endloop
  endfacet
  facet normal 0.13650377 0.20045890 0.97014584
    outer loop
      vertex 7.27836798 19.04671439 1.52644592
      vertex 7.27762898 18.43239785 1.65348465
      vertex 7.88396593 19.04598616 1.44138611
    endloop
  endfacet
  facet normal 0.03600976 0.29451846 0.95496711
    outer loop
      vertex 7.88396593 19.04598616 1.44138611
      vertex 7.27762898 18.43239785 1.65348465
      vertex 7.88322753 18.43166964 1.63087341
    endloop
  endfacet
  facet normal -0.02893480 0.15901280 0.98685242
    outer loop
      vertex 10.91710375 23.34256929 0.47722198
      vertex 10.31077396 22.72897814 0.55831295
      vertex 10.91636823 22.72825277 0.57618603
    endloop
  endfacet
  facet normal 0.04577112 0.05747097 0.99729739
    outer loop
      vertex 17.56988725 15.96283389 0.38153496
      vertex 16.96428655 15.96355256 0.40928768
      vertex 16.96355724 15.34923635 0.44472218
    endloop
  endfacet
  facet normal 0.00657555 -0.12567681 0.99204945
    outer loop
      vertex 16.96574522 17.19218502 0.49181664
      vertex 16.36014570 17.19290432 0.49592182
      vertex 16.96501587 16.57786879 0.41399742
    endloop
  endfacet
  facet normal -0.06022079 -0.06550266 0.99603356
    outer loop
      vertex 13.33288084 17.81082604 0.45915627
      vertex 13.33361382 18.42514240 0.49960018
      vertex 12.72728183 17.81154891 0.42258892
    endloop
  endfacet
  facet normal 0.20195034 -0.05928869 0.97759957
    outer loop
      vertex 14.54334705 17.19506577 0.31265022
      vertex 14.54407882 17.80938208 0.34975563
      vertex 13.93847984 17.81010377 0.47490269
    endloop
  endfacet
  facet normal -0.02593317 -0.12716077 0.99154304
    outer loop
      vertex 13.93847984 17.81010377 0.47490269
      vertex 13.33288084 17.81082604 0.45915627
      vertex 13.33214788 17.19650969 0.38035389
    endloop
  endfacet
  facet normal -0.02647046 -0.19371687 0.98070031
    outer loop
      vertex 14.54261531 16.58074947 0.19128511
      vertex 15.14894662 17.19434470 0.32885376
      vertex 14.54334705 17.19506577 0.31265022
    endloop
  endfacet
  facet normal 0.01634822 -0.06030261 0.99804626
    outer loop
      vertex 15.14967778 17.80866099 0.33979221
      vertex 14.54407882 17.80938208 0.34975563
      vertex 14.54334705 17.19506577 0.31265022
    endloop
  endfacet
  facet normal -0.02676353 -0.01776486 0.99948393
    outer loop
      vertex 14.54334705 17.19506577 0.31265022
      vertex 15.14894662 17.19434470 0.32885376
      vertex 15.14967778 17.80866099 0.33979221
    endloop
  endfacet
  facet normal -0.20547336 -0.07620384 0.97569138
    outer loop
      vertex 15.75527673 17.80794049 0.46727058
      vertex 15.14967778 17.80866099 0.33979221
      vertex 15.75454617 17.19362421 0.41913715
    endloop
  endfacet
  facet normal -0.14744933 -0.01743304 0.98891596
    outer loop
      vertex 15.75454617 17.19362421 0.41913715
      vertex 15.14967778 17.80866099 0.33979221
      vertex 15.14894662 17.19434470 0.32885376
    endloop
  endfacet
  facet normal -0.14672239 -0.10747986 0.98332122
    outer loop
      vertex 15.75454617 17.19362421 0.41913715
      vertex 15.14894662 17.19434470 0.32885376
      vertex 15.75381562 16.57930794 0.35188160
    endloop
  endfacet
  facet normal -0.12517692 -0.10782696 0.98625762
    outer loop
      vertex 15.75381562 16.57930794 0.35188160
      vertex 16.36014570 17.19290432 0.49592182
      vertex 15.75454617 17.19362421 0.41913715
    endloop
  endfacet
  facet normal -0.08259486 0.07626074 0.99366110
    outer loop
      vertex 18.78472640 19.03297931 0.69008766
      vertex 19.39032405 19.03226233 0.74048103
      vertex 19.39105106 19.64657855 0.69339439
    endloop
  endfacet
  facet normal -0.02732108 0.02161137 0.99939307
    outer loop
      vertex 19.39105106 19.64657855 0.69339439
      vertex 18.78545401 19.64729555 0.67682327
      vertex 18.78472640 19.03297931 0.69008766
    endloop
  endfacet
  facet normal -0.18663734 -0.07652030 0.97944431
    outer loop
      vertex 15.75527673 17.80794049 0.46727058
      vertex 15.75454617 17.19362421 0.41913715
      vertex 16.36087566 17.80722059 0.58261383
    endloop
  endfacet
  facet normal -0.12473395 -0.13849835 0.98247628
    outer loop
      vertex 16.36087566 17.80722059 0.58261383
      vertex 15.75454617 17.19362421 0.41913715
      vertex 16.36014570 17.19290432 0.49592182
    endloop
  endfacet
  facet normal 0.29658806 -0.22762126 0.92748266
    outer loop
      vertex 21.20059079 13.50126994 0.13530963
      vertex 21.80691824 14.11487152 0.09200886
      vertex 21.20131585 14.11558600 0.28584221
    endloop
  endfacet
  facet normal 0.02360223 -0.01547729 0.99960161
    outer loop
      vertex 21.19841573 11.65832181 0.06763325
      vertex 20.59281092 11.65903682 0.08194364
      vertex 21.19769074 11.04400579 0.05813863
    endloop
  endfacet
  facet normal 0.00930080 -0.01546405 0.99983717
    outer loop
      vertex 21.19769074 11.04400579 0.05813863
      vertex 21.80402052 11.65760739 0.06198867
      vertex 21.19841573 11.65832181 0.06763325
    endloop
  endfacet
  facet normal 0.02771243 -0.01610696 0.99948616
    outer loop
      vertex 21.80474492 12.27192341 0.06071010
      vertex 21.19914073 12.27263784 0.07751300
      vertex 21.19841573 11.65832181 0.06763325
    endloop
  endfacet
  facet normal 0.00932258 0.00207021 0.99995440
    outer loop
      vertex 21.19841573 11.65832181 0.06763325
      vertex 21.80402052 11.65760739 0.06198867
      vertex 21.80474492 12.27192341 0.06071010
    endloop
  endfacet
  facet normal 0.00827014 0.00524425 0.99995205
    outer loop
      vertex 16.95845256 11.04902318 0.08767406
      vertex 17.56332949 10.43398854 0.08589695
      vertex 17.56405806 11.04830464 0.08266914
    endloop
  endfacet
  facet normal 0.18015642 0.17438387 0.96805678
    outer loop
      vertex 16.95772339 10.43470706 0.19847147
      vertex 17.56332949 10.43398854 0.08589695
      vertex 16.95845256 11.04902318 0.08767406
    endloop
  endfacet
  facet normal 0.17647557 0.00107674 0.98430443
    outer loop
      vertex 13.93335366 13.50988970 0.22715603
      vertex 14.53822521 12.89485190 0.11938164
      vertex 14.53895685 13.50916813 0.11857845
    endloop
  endfacet
  facet normal 0.02054037 0.00128270 0.99978820
    outer loop
      vertex 14.53895685 13.50916813 0.11857845
      vertex 14.53822521 12.89485190 0.11938164
      vertex 15.14456001 13.50844716 0.10613743
    endloop
  endfacet
  facet normal -0.10730860 -0.05712100 0.99258353
    outer loop
      vertex 19.38378173 13.50341689 0.22621098
      vertex 18.77745123 12.88981761 0.12534905
      vertex 19.38305489 12.88910079 0.19077986
    endloop
  endfacet
  facet normal -0.13419023 -0.03021449 0.99049486
    outer loop
      vertex 18.77817867 13.50413372 0.14418697
      vertex 18.77745123 12.88981761 0.12534905
      vertex 19.38378173 13.50341689 0.22621098
    endloop
  endfacet
  facet normal 0.06211975 -0.04985775 0.99682262
    outer loop
      vertex 20.59353653 12.27335287 0.11262446
      vertex 19.98793230 12.27406849 0.15040015
      vertex 20.59281092 11.65903682 0.08194364
    endloop
  endfacet
  facet normal 0.02353502 -0.04989481 0.99847715
    outer loop
      vertex 20.59281092 11.65903682 0.08194364
      vertex 21.19841573 11.65832181 0.06763325
      vertex 20.59353653 12.27335287 0.11262446
    endloop
  endfacet
  facet normal 0.05785389 -0.01612177 0.99819488
    outer loop
      vertex 20.59353653 12.27335287 0.11262446
      vertex 21.19841573 11.65832181 0.06763325
      vertex 21.19914073 12.27263784 0.07751300
    endloop
  endfacet
  facet normal 0.05688872 -0.16538354 0.98458720
    outer loop
      vertex 20.59353653 12.27335287 0.11262446
      vertex 21.19914073 12.27263784 0.07751300
      vertex 20.59426215 12.88766893 0.21577072
    endloop
  endfacet
  facet normal 0.08700092 -0.16505843 0.98243908
    outer loop
      vertex 20.59426215 12.88766893 0.21577072
      vertex 19.98865853 12.88838456 0.26952082
      vertex 20.59353653 12.27335287 0.11262446
    endloop
  endfacet
  facet normal 0.06089713 -0.19007805 0.97987850
    outer loop
      vertex 20.59353653 12.27335287 0.11262446
      vertex 19.98865853 12.88838456 0.26952082
      vertex 19.98793230 12.27406849 0.15040015
    endloop
  endfacet
  facet normal 0.00623486 -0.10456144 0.99449888
    outer loop
      vertex 20.59281092 11.65903682 0.08194364
      vertex 19.98793230 12.27406849 0.15040015
      vertex 19.98720610 11.65975243 0.08581562
    endloop
  endfacet
  facet normal 0.00254723 -0.03395431 0.99942014
    outer loop
      vertex 19.98647991 11.04543638 0.06494669
      vertex 20.59208533 11.04472079 0.06337887
      vertex 19.98720610 11.65975243 0.08581562
    endloop
  endfacet
  facet normal 0.00635483 -0.03021331 0.99952327
    outer loop
      vertex 19.98720610 11.65975243 0.08581562
      vertex 20.59208533 11.04472079 0.06337887
      vertex 20.59281092 11.65903682 0.08194364
    endloop
  endfacet
  facet normal -0.10698611 0.07929881 0.99109317
    outer loop
      vertex 19.38305489 12.88910079 0.19077986
      vertex 18.77745123 12.88981761 0.12534905
      vertex 18.77672381 12.27550150 0.17442286
    endloop
  endfacet
  facet normal -0.06169494 -0.05409139 0.99662824
    outer loop
      vertex 18.17111954 12.27621889 0.13697267
      vertex 18.17039153 11.66190278 0.10358597
      vertex 18.77672381 12.27550150 0.17442286
    endloop
  endfacet
  facet normal 0.17748234 0.04319135 0.98317574
    outer loop
      vertex 17.57498869 20.26304760 0.78293198
      vertex 18.18058517 20.26232940 0.67364159
      vertex 17.57571754 20.87736389 0.75581322
    endloop
  endfacet
  facet normal 0.00030216 0.00547027 0.99998499
    outer loop
      vertex 18.78545401 19.64729555 0.67682327
      vertex 18.18058517 20.26232940 0.67364159
      vertex 18.17985694 19.64801314 0.67700233
    endloop
  endfacet
  facet normal -0.15800411 0.11909138 0.98023056
    outer loop
      vertex 17.57863309 23.33462917 0.42676197
      vertex 18.18349826 22.71959457 0.59898319
      vertex 18.78909232 22.71887690 0.69668655
    endloop
  endfacet
  facet normal -0.14910083 0.12792627 0.98051202
    outer loop
      vertex 17.57790418 22.72031283 0.50680027
      vertex 18.18349826 22.71959457 0.59898319
      vertex 17.57863309 23.33462917 0.42676197
    endloop
  endfacet
  facet normal 0.15002610 0.30305521 0.94108964
    outer loop
      vertex 16.97231008 22.72103169 0.60311104
      vertex 16.97158058 22.10671534 0.80105309
      vertex 17.57790418 22.72031283 0.50680027
    endloop
  endfacet
  facet normal 0.15592839 0.12743425 0.97951358
    outer loop
      vertex 17.57790418 22.72031283 0.50680027
      vertex 17.57863309 23.33462917 0.42676197
      vertex 16.97231008 22.72103169 0.60311104
    endloop
  endfacet
  facet normal 0.02279298 -0.00632252 0.99972021
    outer loop
      vertex 16.96793335 19.03513381 0.72223923
      vertex 16.96720395 18.42081753 0.71837074
      vertex 17.57280225 18.42009879 0.70455894
    endloop
  endfacet
  facet normal 0.07476120 0.04488817 0.99619065
    outer loop
      vertex 17.57280225 18.42009879 0.70455894
      vertex 17.57353105 19.03441505 0.67682327
      vertex 16.96793335 19.03513381 0.72223923
    endloop
  endfacet
  facet normal -0.09602062 0.21902824 0.97098232
    outer loop
      vertex 13.94580441 23.95326771 0.67090012
      vertex 12.73388467 23.34039670 0.68930084
      vertex 13.33947828 23.33967369 0.74935120
    endloop
  endfacet
  facet normal -0.09848972 0.05053691 0.99385401
    outer loop
      vertex 12.73388467 23.34039670 0.68930084
      vertex 12.73315095 22.72608023 0.72046577
      vertex 13.33947828 23.33967369 0.74935120
    endloop
  endfacet
  facet normal -0.03192374 -0.01550048 0.99937011
    outer loop
      vertex 13.33947828 23.33967369 0.74935120
      vertex 12.73315095 22.72608023 0.72046577
      vertex 13.33874516 22.72535724 0.73979958
    endloop
  endfacet
  facet normal 0.06950238 0.38384196 0.92077943
    outer loop
      vertex 15.76185255 23.33678756 0.81700340
      vertex 14.55139738 23.95254587 0.65168221
      vertex 15.15625901 23.33750820 0.86241447
    endloop
  endfacet
  facet normal -0.04138379 0.28719335 0.95697824
    outer loop
      vertex 15.15625901 23.33750820 0.86241447
      vertex 14.55139738 23.95254587 0.65168221
      vertex 14.55066545 23.33822944 0.83600960
    endloop
  endfacet
  facet normal -0.00080768 0.00000095 0.99999967
    outer loop
      vertex 24.22066411 6.74022846 0.03383816
      vertex 24.82699489 7.35383297 0.03432730
      vertex 24.22138598 7.35454432 0.03383816
    endloop
  endfacet
  facet normal 0.00002119 0.01799500 0.99983808
    outer loop
      vertex 22.40311183 6.12805012 0.04648062
      vertex 23.00944504 6.74165290 0.03542420
      vertex 22.40383548 6.74236601 0.03542420
    endloop
  endfacet
  facet normal 0.01644487 0.00176635 0.99986321
    outer loop
      vertex 23.00872199 6.12733703 0.03652134
      vertex 23.00944504 6.74165290 0.03542420
      vertex 22.40311183 6.12805012 0.04648062
    endloop
  endfacet
  facet normal 0.06364868 0.02297272 0.99770792
    outer loop
      vertex 21.79677742 5.51444791 0.09929016
      vertex 22.40238819 5.51373424 0.06067172
      vertex 22.40311183 6.12805012 0.04648062
    endloop
  endfacet
  facet normal -0.04055535 0.00004828 0.99917729
    outer loop
      vertex 14.52505862 1.83716175 0.73387985
      vertex 15.13140391 2.45075708 0.75846100
      vertex 14.52578995 2.45147777 0.73387985
    endloop
  endfacet
  facet normal -0.04048615 0.03607596 0.99852862
    outer loop
      vertex 14.52578995 2.45147777 0.73387985
      vertex 15.13140391 2.45075708 0.75846100
      vertex 15.13213466 3.06507310 0.73629593
    endloop
  endfacet
  facet normal 0.21635099 -0.13087589 0.96750388
    outer loop
      vertex 16.34336135 3.06363347 0.70873711
      vertex 15.73701787 2.45003699 0.76132401
      vertex 16.94897467 3.06291455 0.57321400
    endloop
  endfacet
  facet normal -0.00633457 0.09160040 0.99577570
    outer loop
      vertex 16.34336135 3.06363347 0.70873711
      vertex 15.73774801 3.06435299 0.70481834
      vertex 15.73701787 2.45003699 0.76132401
    endloop
  endfacet
  facet normal -0.00648100 -0.00897702 0.99993870
    outer loop
      vertex 16.34336135 3.06363347 0.70873711
      vertex 16.34409092 3.67794947 0.71425690
      vertex 15.73774801 3.06435299 0.70481834
    endloop
  endfacet
  facet normal 0.03066484 0.29355928 0.95544891
    outer loop
      vertex 18.16092903 3.67579442 0.34601089
      vertex 17.55531634 3.67651218 0.36522732
      vertex 16.94897467 3.06291455 0.57321400
    endloop
  endfacet
  facet normal 0.16317155 0.07379271 0.98383417
    outer loop
      vertex 15.13871217 8.59391777 0.62555367
      vertex 15.74358982 7.97888141 0.57136402
      vertex 15.74432012 8.59319751 0.52516598
    endloop
  endfacet
  facet normal 0.16095401 0.18396083 0.96966603
    outer loop
      vertex 15.74432012 8.59319751 0.52516598
      vertex 15.13944309 9.20823390 0.50888695
      vertex 15.13871217 8.59391777 0.62555367
    endloop
  endfacet
  facet normal 0.14111464 0.18454920 0.97263983
    outer loop
      vertex 15.13871217 8.59391777 0.62555367
      vertex 15.13944309 9.20823390 0.50888695
      vertex 14.53310420 8.59463861 0.71328102
    endloop
  endfacet
  facet normal 0.10273431 0.02228860 0.99445909
    outer loop
      vertex 16.34919835 7.97816176 0.50881672
      vertex 16.34992806 8.59247785 0.49497280
      vertex 15.74358982 7.97888141 0.57136402
    endloop
  endfacet
  facet normal 0.15265800 0.25176402 0.95567275
    outer loop
      vertex 16.34919835 7.97816176 0.50881672
      vertex 15.74285953 7.36456531 0.76731941
      vertex 16.34846867 7.36384568 0.67076973
    endloop
  endfacet
  facet normal 0.09828187 0.30231797 0.94812685
    outer loop
      vertex 15.74358982 7.97888141 0.57136402
      vertex 15.74285953 7.36456531 0.76731941
      vertex 16.34919835 7.97816176 0.50881672
    endloop
  endfacet
  facet normal 0.04980650 0.03214439 0.99824148
    outer loop
      vertex 15.74432012 8.59319751 0.52516598
      vertex 16.34992806 8.59247785 0.49497280
      vertex 15.74505044 9.20751363 0.50534794
    endloop
  endfacet
  facet normal 0.00587894 0.03223601 0.99946299
    outer loop
      vertex 15.74505044 9.20751363 0.50534794
      vertex 15.13944309 9.20823390 0.50888695
      vertex 15.74432012 8.59319751 0.52516598
    endloop
  endfacet
  facet normal 0.05953905 0.20397382 0.97716415
    outer loop
      vertex 21.18971701 4.28653037 0.29646364
      vertex 21.79605320 4.90013202 0.13143574
      vertex 21.19044181 4.90084626 0.16818682
    endloop
  endfacet
  facet normal 0.07130562 -0.12609589 0.98945204
    outer loop
      vertex 9.67940538 1.22863224 1.58493332
      vertex 9.67866928 0.61431612 1.50669785
      vertex 10.28502068 1.22790686 1.54119675
    endloop
  endfacet
  facet normal 0.02887467 -0.08453383 0.99600215
    outer loop
      vertex 10.28502068 1.22790686 1.54119675
      vertex 9.67866928 0.61431612 1.50669785
      vertex 10.28428518 0.61359075 1.48907913
    endloop
  endfacet
  facet normal 0.22277802 -0.04816436 0.97367867
    outer loop
      vertex 9.68014149 1.84294838 1.61515289
      vertex 9.07452678 1.84367437 1.75375366
      vertex 9.67940538 1.22863224 1.58493332
    endloop
  endfacet
  facet normal -0.00367067 0.07937563 0.99683802
    outer loop
      vertex 15.13067318 1.83644108 0.73616730
      vertex 14.52505862 1.83716175 0.73387985
      vertex 13.91871212 1.22356698 0.78050606
    endloop
  endfacet
  facet normal 0.39370700 -0.25146973 0.88417067
    outer loop
      vertex 13.91871212 1.22356698 0.78050606
      vertex 13.31309692 1.22428882 1.05038208
      vertex 12.70674861 0.61069520 1.14586517
    endloop
  endfacet
  facet normal -0.09429668 0.35130521 0.93150029
    outer loop
      vertex 7.86772515 5.53102550 0.99095047
      vertex 8.47259888 4.91598199 1.28413940
      vertex 8.47333629 5.53029823 1.05253136
    endloop
  endfacet
  facet normal -0.21132766 0.34503274 0.91449059
    outer loop
      vertex 8.47259888 4.91598199 1.28413940
      vertex 9.07894742 5.52957155 1.19275490
      vertex 8.47333629 5.53029823 1.05253136
    endloop
  endfacet
  facet normal -0.23676155 0.29385438 0.92606348
    outer loop
      vertex 10.29164092 6.75675238 1.36770020
      vertex 10.29237659 7.37106861 1.17295616
      vertex 9.68603102 6.75747791 1.21263702
    endloop
  endfacet
  facet normal -0.24465045 0.16041371 0.95624976
    outer loop
      vertex 9.68603102 6.75747791 1.21263702
      vertex 9.68529477 6.14316168 1.31550201
      vertex 10.29164092 6.75675238 1.36770020
    endloop
  endfacet
  facet normal -0.18136943 0.09596819 0.97872122
    outer loop
      vertex 10.29164092 6.75675238 1.36770020
      vertex 9.68529477 6.14316168 1.31550201
      vertex 10.29090527 6.14243617 1.42780045
    endloop
  endfacet
  facet normal -0.06419955 0.35222034 0.93371262
    outer loop
      vertex 7.86846318 6.14534177 0.75926537
      vertex 7.26211399 5.53175336 0.94903572
      vertex 7.86772515 5.53102550 0.99095047
    endloop
  endfacet
  facet normal -0.04578720 0.33618123 0.94068364
    outer loop
      vertex 7.86846318 6.14534177 0.75926537
      vertex 7.26285262 6.14606965 0.72952751
      vertex 7.26211399 5.53175336 0.94903572
    endloop
  endfacet
  facet normal -0.20290137 0.25167216 0.94630447
    outer loop
      vertex 7.86846318 6.14534177 0.75926537
      vertex 8.47333629 5.53029823 1.05253136
      vertex 8.47407373 6.14461448 0.88931046
    endloop
  endfacet
  facet normal -0.09429267 0.35140770 0.93146203
    outer loop
      vertex 7.86772515 5.53102550 0.99095047
      vertex 8.47333629 5.53029823 1.05253136
      vertex 7.86846318 6.14534177 0.75926537
    endloop
  endfacet
  facet normal -0.01692792 0.30209050 0.95312894
    outer loop
      vertex 6.65798130 6.76111444 0.52384872
      vertex 7.26285262 6.14606965 0.72952751
      vertex 7.26359127 6.76038595 0.53483547
    endloop
  endfacet
  facet normal 0.11000082 -0.56498342 0.81773685
    outer loop
      vertex 3.63215803 8.60771501 0.94433815
      vertex 3.63141572 7.99339858 0.52000000
      vertex 4.23776629 8.60698352 0.86236717
    endloop
  endfacet
  facet normal -0.19706907 -0.32195279 0.92601846
    outer loop
      vertex 3.63141572 7.99339858 0.52000000
      vertex 4.23702458 7.99266710 0.64862732
      vertex 4.23776629 8.60698352 0.86236717
    endloop
  endfacet
  facet normal 0.12826076 -0.28423243 0.95013741
    outer loop
      vertex 4.23776629 8.60698352 0.86236717
      vertex 3.63290035 9.22203146 1.12800995
      vertex 3.63215803 8.60771501 0.94433815
    endloop
  endfacet
  facet normal 0.12074387 0.17669167 0.97683211
    outer loop
      vertex 3.02060700 3.69391584 0.80973640
      vertex 2.41499391 3.69464838 0.88446228
      vertex 3.01986424 3.07959948 0.92094719
    endloop
  endfacet
  facet normal -0.02018753 0.17812366 0.98380101
    outer loop
      vertex 3.01986424 3.07959948 0.92094719
      vertex 3.62622008 3.69318388 0.82229607
      vertex 3.02060700 3.69391584 0.80973640
    endloop
  endfacet
  facet normal -0.31102304 0.35196999 0.88282603
    outer loop
      vertex 7.26063677 4.30312083 1.37265503
      vertex 6.65428521 3.68953298 1.40366364
      vertex 7.25989819 3.68880458 1.61731384
    endloop
  endfacet
  facet normal -0.06505631 0.27068039 0.96046853
    outer loop
      vertex 7.86698713 4.91670924 1.24080330
      vertex 7.26137537 4.91743709 1.19957771
      vertex 7.26063677 4.30312083 1.37265503
    endloop
  endfacet
  facet normal -0.08531599 0.28919521 0.95346070
    outer loop
      vertex 7.26063677 4.30312083 1.37265503
      vertex 7.86624913 4.30239300 1.42706619
      vertex 7.86698713 4.91670924 1.24080330
    endloop
  endfacet
  facet normal -0.06568824 0.37600229 0.92428747
    outer loop
      vertex 7.86698713 4.91670924 1.24080330
      vertex 8.47259888 4.91598199 1.28413940
      vertex 7.86772515 5.53102550 0.99095047
    endloop
  endfacet
  facet normal -0.06247978 0.37607660 0.92447967
    outer loop
      vertex 7.86772515 5.53102550 0.99095047
      vertex 7.26137537 4.91743709 1.19957771
      vertex 7.86698713 4.91670924 1.24080330
    endloop
  endfacet
  facet normal -0.25119665 0.32596409 0.91139874
    outer loop
      vertex 7.26211399 5.53175336 0.94903572
      vertex 7.26285262 6.14606965 0.72952751
      vertex 6.65650281 5.53248182 0.78185867
    endloop
  endfacet
  facet normal -0.00118423 0.07098239 0.99747687
    outer loop
      vertex 6.65280690 2.46090048 1.72750244
      vertex 6.04645297 1.84731320 1.77044662
      vertex 6.65206777 1.84658425 1.77121750
    endloop
  endfacet
  facet normal -0.00092514 0.25417448 0.96715794
    outer loop
      vertex 6.65206777 1.84658425 1.77121750
      vertex 6.04645297 1.84731320 1.77044662
      vertex 6.65132865 1.23226803 1.93266251
    endloop
  endfacet
  facet normal 0.05125791 0.20791858 0.97680218
    outer loop
      vertex 3.62473576 2.46455122 1.02012337
      vertex 3.62547791 3.07886754 0.88932327
      vertex 3.01986424 3.07959948 0.92094719
    endloop
  endfacet
  facet normal 0.25566613 0.13485504 0.95731340
    outer loop
      vertex 12.12021449 16.58363962 0.57427250
      vertex 12.72508119 15.96859985 0.49937256
      vertex 12.72581472 16.58291619 0.41263901
    endloop
  endfacet
  facet normal 0.17438139 -0.13120651 0.97589753
    outer loop
      vertex 12.72361419 14.73996721 0.35850376
      vertex 12.72288071 14.12565091 0.27604183
      vertex 13.32921620 14.73924443 0.25019264
    endloop
  endfacet
  facet normal 0.01191750 0.03032864 0.99946893
    outer loop
      vertex 13.32921620 14.73924443 0.25019264
      vertex 12.72288071 14.12565091 0.27604183
      vertex 13.32848332 14.12492814 0.26884266
    endloop
  endfacet
  facet normal 0.05813184 -0.20080922 0.97790406
    outer loop
      vertex 14.54334705 17.19506577 0.31265022
      vertex 13.93847984 17.81010377 0.47490269
      vertex 13.93774747 17.19578744 0.34879848
    endloop
  endfacet
  facet normal 0.05073581 -0.20088184 0.97830075
    outer loop
      vertex 13.93774747 17.19578744 0.34879848
      vertex 13.93847984 17.81010377 0.47490269
      vertex 13.33214788 17.19650969 0.38035389
    endloop
  endfacet
  facet normal 0.05822741 -0.19355304 0.97936040
    outer loop
      vertex 13.93774747 17.19578744 0.34879848
      vertex 14.54261531 16.58074947 0.19128511
      vertex 14.54334705 17.19506577 0.31265022
    endloop
  endfacet
  facet normal 0.18635949 -0.06774030 0.98014356
    outer loop
      vertex 13.93701513 16.58147112 0.30648071
      vertex 14.54261531 16.58074947 0.19128511
      vertex 13.93774747 17.19578744 0.34879848
    endloop
  endfacet
  facet normal 0.00108445 -0.00734236 0.99997246
    outer loop
      vertex 13.93555049 15.35283852 0.12228897
      vertex 13.93481820 14.73852223 0.11777911
      vertex 14.54042018 14.73780063 0.11711705
    endloop
  endfacet
  facet normal 0.00729851 -0.00123103 0.99997261
    outer loop
      vertex 14.54042018 14.73780063 0.11711705
      vertex 14.54115187 15.35211690 0.11786798
      vertex 13.93555049 15.35283852 0.12228897
    endloop
  endfacet
  facet normal -0.15110527 -0.05825374 0.98679973
    outer loop
      vertex 15.14675324 15.35139587 0.13310289
      vertex 15.75235459 15.35067544 0.22579403
      vertex 15.14748435 15.96571214 0.16947977
    endloop
  endfacet
  facet normal -0.02517509 -0.05906309 0.99793675
    outer loop
      vertex 15.14748435 15.96571214 0.16947977
      vertex 14.54115187 15.35211690 0.11786798
      vertex 15.14675324 15.35139587 0.13310289
    endloop
  endfacet
  facet normal -0.02515012 -0.00119203 0.99968297
    outer loop
      vertex 15.14675324 15.35139587 0.13310289
      vertex 14.54115187 15.35211690 0.11786798
      vertex 14.54042018 14.73780063 0.11711705
    endloop
  endfacet
  facet normal -0.15126897 -0.02758761 0.98810760
    outer loop
      vertex 15.75162409 14.73635921 0.20853071
      vertex 15.75235459 15.35067544 0.22579403
      vertex 15.14675324 15.35139587 0.13310289
    endloop
  endfacet
  facet normal -0.02477338 0.10437010 0.99422993
    outer loop
      vertex 11.51681854 18.42731282 0.66363716
      vertex 12.12315118 19.04090516 0.61433289
      vertex 11.51755333 19.04162924 0.59916710
    endloop
  endfacet
  facet normal 0.09848083 -0.05839964 0.99342388
    outer loop
      vertex 11.51975783 20.88457857 0.81667061
      vertex 12.12608814 21.49817089 0.79263420
      vertex 11.52049270 21.49889503 0.85271111
    endloop
  endfacet
  facet normal -0.00316376 0.04226437 0.99910145
    outer loop
      vertex 12.12535388 20.88385444 0.81861893
      vertex 12.12608814 21.49817089 0.79263420
      vertex 11.51975783 20.88457857 0.81667061
    endloop
  endfacet
  facet normal -0.10490138 0.10366082 0.98906528
    outer loop
      vertex 13.32628480 12.28197935 0.27994057
      vertex 13.32701762 12.89629560 0.21563374
      vertex 12.72068039 12.28270207 0.21563374
    endloop
  endfacet
  facet normal 0.04945531 -0.04887045 0.99758000
    outer loop
      vertex 13.32701762 12.89629560 0.21563374
      vertex 12.72141381 12.89701833 0.24569212
      vertex 12.72068039 12.28270207 0.21563374
    endloop
  endfacet
  facet normal 0.08516897 0.11495708 0.98971264
    outer loop
      vertex 10.30194187 15.35718065 1.30179977
      vertex 9.69560388 14.74359001 1.42524750
      vertex 10.30120597 14.74286427 1.37321716
    endloop
  endfacet
  facet normal -0.01489964 0.21134518 0.97729792
    outer loop
      vertex 9.69634037 15.35790641 1.29240997
      vertex 9.69560388 14.74359001 1.42524750
      vertex 10.30194187 15.35718065 1.30179977
    endloop
  endfacet
  facet normal 0.25281522 0.20133551 0.94633423
    outer loop
      vertex 12.12021449 16.58363962 0.57427250
      vertex 12.72581472 16.58291619 0.41263901
      vertex 12.12094864 17.19795599 0.44337868
    endloop
  endfacet
  facet normal 0.38206415 0.19214786 0.90393926
    outer loop
      vertex 12.12094864 17.19795599 0.44337868
      vertex 11.51461425 16.58436363 0.83008507
      vertex 12.12021449 16.58363962 0.57427250
    endloop
  endfacet
  facet normal 0.32995247 0.24799272 0.91084081
    outer loop
      vertex 11.51534899 17.19868002 0.66256027
      vertex 11.51461425 16.58436363 0.83008507
      vertex 12.12094864 17.19795599 0.44337868
    endloop
  endfacet
  facet normal 0.37538232 0.06874204 0.92431739
    outer loop
      vertex 10.90974933 17.19940464 0.94645493
      vertex 10.30341371 16.58581344 1.23833214
      vertex 10.90901398 16.58508824 0.99244064
    endloop
  endfacet
  facet normal 0.25835795 0.07180599 0.96337691
    outer loop
      vertex 10.90901398 16.58508824 0.99244064
      vertex 11.51461425 16.58436363 0.83008507
      vertex 10.90974933 17.19940464 0.94645493
    endloop
  endfacet
  facet normal 0.25811766 -0.07575134 0.96313914
    outer loop
      vertex 10.90827866 15.97077186 0.94432144
      vertex 11.51461425 16.58436363 0.83008507
      vertex 10.90901398 16.58508824 0.99244064
    endloop
  endfacet
  facet normal 0.40527232 -0.00993002 0.91414208
    outer loop
      vertex 12.11874625 15.35500692 0.76151756
      vertex 12.72508119 15.96859985 0.49937256
      vertex 12.11948036 15.96932326 0.76786522
    endloop
  endfacet
  facet normal 0.16801004 -0.01038621 0.98573057
    outer loop
      vertex 12.11948036 15.96932326 0.76786522
      vertex 11.51387952 15.97004726 0.87109276
      vertex 12.11874625 15.35500692 0.76151756
    endloop
  endfacet
  facet normal 0.38979254 0.27636634 0.87845514
    outer loop
      vertex 12.11948036 15.96932326 0.76786522
      vertex 12.72508119 15.96859985 0.49937256
      vertex 12.12021449 16.58363962 0.57427250
    endloop
  endfacet
  facet normal 0.37402523 0.27834190 0.88466429
    outer loop
      vertex 12.12021449 16.58363962 0.57427250
      vertex 11.51461425 16.58436363 0.83008507
      vertex 12.11948036 15.96932326 0.76786522
    endloop
  endfacet
  facet normal 0.16774681 0.06546162 0.98365430
    outer loop
      vertex 11.51461425 16.58436363 0.83008507
      vertex 11.51387952 15.97004726 0.87109276
      vertex 12.11948036 15.96932326 0.76786522
    endloop
  endfacet
  facet normal 0.09370155 0.25053918 0.96356118
    outer loop
      vertex 7.88248915 17.81735314 1.86569977
      vertex 7.88175078 17.20303665 2.02550232
      vertex 8.48735053 17.20230906 1.96679993
    endloop
  endfacet
  facet normal 0.09086156 -0.32484059 0.94139406
    outer loop
      vertex 8.48735053 17.20230906 1.96679993
      vertex 7.88175078 17.20303665 2.02550232
      vertex 8.48661278 16.58799260 1.75489304
    endloop
  endfacet
  facet normal 0.26330714 -0.31486740 0.91188150
    outer loop
      vertex 8.48661278 16.58799260 1.75489304
      vertex 9.09221310 16.58726562 1.57977402
      vertex 8.48735053 17.20230906 1.96679993
    endloop
  endfacet
  facet normal 0.32397016 -0.25473425 0.91112776
    outer loop
      vertex 9.09221310 16.58726562 1.57977402
      vertex 9.09295025 17.20158207 1.75126328
      vertex 8.48735053 17.20230906 1.96679993
    endloop
  endfacet
  facet normal -0.04436058 -0.21501837 0.97560199
    outer loop
      vertex 7.26950112 11.67491676 0.68280251
      vertex 6.66315655 11.06132897 0.52000000
      vertex 7.26876233 11.06060037 0.54737629
    endloop
  endfacet
  facet normal -0.25960875 0.00031247 0.96571383
    outer loop
      vertex 6.66389594 11.67564538 0.52000000
      vertex 6.66315655 11.06132897 0.52000000
      vertex 7.26950112 11.67491676 0.68280251
    endloop
  endfacet
  facet normal -0.24466364 -0.33849570 0.90860352
    outer loop
      vertex 7.26950112 11.67491676 0.68280251
      vertex 7.27023993 12.28923316 0.91186195
      vertex 6.66389594 11.67564538 0.52000000
    endloop
  endfacet
  facet normal -0.19223172 -0.38619599 0.90216385
    outer loop
      vertex 6.66389594 11.67564538 0.52000000
      vertex 7.27023993 12.28923316 0.91186195
      vertex 6.66463535 12.28996180 0.78313255
    endloop
  endfacet
  facet normal 0.27092737 0.14430731 0.95172147
    outer loop
      vertex 9.69044890 10.44337556 0.42894329
      vertex 9.68971254 9.82905925 0.52230026
      vertex 10.29605519 10.44264993 0.25665485
    endloop
  endfacet
  facet normal 0.28321599 0.05302741 0.95758905
    outer loop
      vertex 9.69044890 10.44337556 0.42894329
      vertex 10.29679097 11.05696623 0.21563374
      vertex 9.69118527 11.05769187 0.39470715
    endloop
  endfacet
  facet normal 0.27314532 0.06376753 0.95985694
    outer loop
      vertex 10.29605519 10.44264993 0.25665485
      vertex 10.29679097 11.05696623 0.21563374
      vertex 9.69044890 10.44337556 0.42894329
    endloop
  endfacet
  facet normal 0.39579228 0.05062727 0.91694348
    outer loop
      vertex 9.69118527 11.05769187 0.39470715
      vertex 9.08557956 11.05841811 0.65607254
      vertex 9.69044890 10.44337556 0.42894329
    endloop
  endfacet
  facet normal 0.25971923 -0.04623796 0.96457658
    outer loop
      vertex 11.51167543 14.12709822 0.56047173
      vertex 11.51094077 13.51278189 0.53122166
      vertex 12.11654402 13.51205796 0.36812389
    endloop
  endfacet
  facet normal 0.25803391 -0.04800977 0.96494226
    outer loop
      vertex 12.11654402 13.51205796 0.36812389
      vertex 12.11727808 14.12637427 0.39849232
      vertex 11.51167543 14.12709822 0.56047173
    endloop
  endfacet
  facet normal 0.42206659 -0.35250841 0.83522309
    outer loop
      vertex 10.90386704 12.28487377 0.64999268
      vertex 11.50947151 12.28414928 0.34365440
      vertex 10.90460227 12.89919009 0.90889519
    endloop
  endfacet
  facet normal 0.32346259 -0.53654161 0.77941969
    outer loop
      vertex 10.90386704 12.28487377 0.64999268
      vertex 10.29752676 11.67128254 0.47923893
      vertex 10.90313184 11.67055747 0.22741104
    endloop
  endfacet
  facet normal 0.33890778 -0.54776737 0.76491334
    outer loop
      vertex 10.90386704 12.28487377 0.64999268
      vertex 10.29826257 12.28559886 0.91883522
      vertex 10.29752676 11.67128254 0.47923893
    endloop
  endfacet
  facet normal 0.13607247 -0.42377446 0.89548841
    outer loop
      vertex 9.08779058 12.90136717 1.33066650
      vertex 9.69265807 12.28632454 0.94769653
      vertex 9.69339450 12.90064089 1.23829926
    endloop
  endfacet
  facet normal 0.31436055 0.04355824 0.94830381
    outer loop
      vertex 7.27467315 15.97513184 1.74876221
      vertex 7.27393423 15.36081536 1.77722443
      vertex 7.88027411 15.97440369 1.54804031
    endloop
  endfacet
  facet normal 0.35809140 -0.00512101 0.93367249
    outer loop
      vertex 7.27393423 15.36081536 1.77722443
      vertex 7.87953579 15.36008724 1.54495407
      vertex 7.88027411 15.97440369 1.54804031
    endloop
  endfacet
  facet normal 0.27843589 -0.46252455 0.84175085
    outer loop
      vertex 7.88027411 15.97440369 1.54804031
      vertex 7.88101244 16.58872016 1.88535019
      vertex 7.27467315 15.97513184 1.74876221
    endloop
  endfacet
  facet normal 0.32530237 -0.00514151 0.94559607
    outer loop
      vertex 8.48513734 15.35935970 1.33661209
      vertex 7.88027411 15.97440369 1.54804031
      vertex 7.87953579 15.36008724 1.54495407
    endloop
  endfacet
  facet normal 0.21377204 0.07289777 0.97415986
    outer loop
      vertex 8.48439964 14.74504327 1.61643188
      vertex 8.48366196 14.13072685 1.66256393
      vertex 9.09000177 14.74431634 1.48359146
    endloop
  endfacet
  facet normal 0.04838803 0.07473859 0.99602848
    outer loop
      vertex 7.87879750 14.74577079 1.64579803
      vertex 8.48366196 14.13072685 1.66256393
      vertex 8.48439964 14.74504327 1.61643188
    endloop
  endfacet
  facet normal 0.04799002 0.16174551 0.98566493
    outer loop
      vertex 8.48439964 14.74504327 1.61643188
      vertex 7.87953579 15.36008724 1.54495407
      vertex 7.87879750 14.74577079 1.64579803
    endloop
  endfacet
  facet normal 0.29925081 0.39522783 0.86847217
    outer loop
      vertex 8.48439964 14.74504327 1.61643188
      vertex 8.48513734 15.35935970 1.33661209
      vertex 7.87953579 15.36008724 1.54495407
    endloop
  endfacet
  facet normal -0.02908179 0.16589731 0.98571412
    outer loop
      vertex 11.50506412 8.59825172 0.90123047
      vertex 10.89872095 7.98465988 0.98660988
      vertex 11.50432962 7.98393550 1.00459923
    endloop
  endfacet
  facet normal -0.11082351 0.24358608 0.96352684
    outer loop
      vertex 10.89945606 8.59897611 0.83139114
      vertex 10.89872095 7.98465988 0.98660988
      vertex 11.50506412 8.59825172 0.90123047
    endloop
  endfacet
  facet normal -0.02811854 0.13075146 0.99101635
    outer loop
      vertex 10.29458370 9.21401737 0.54195637
      vertex 10.29531944 9.82833364 0.46092636
      vertex 9.68897620 9.21474296 0.52467747
    endloop
  endfacet
  facet normal 0.00000000 -0.00000000 1.00000000
    outer loop
      vertex 7.86993930 7.37397435 0.52000000
      vertex 7.87067739 7.98829065 0.52000000
      vertex 7.26432994 7.37470226 0.52000000
    endloop
  endfacet
  facet normal 0.00002902 0.02414249 0.99970853
    outer loop
      vertex 7.26432994 7.37470226 0.52000000
      vertex 7.26359127 6.76038595 0.53483547
      vertex 7.86993930 7.37397435 0.52000000
    endloop
  endfacet
  facet normal -0.18335632 0.24279532 0.95259167
    outer loop
      vertex 9.68603102 6.75747791 1.21263702
      vertex 10.29237659 7.37106861 1.17295616
      vertex 9.68676729 7.37179416 1.05620262
    endloop
  endfacet
  facet normal -0.17175264 0.41497933 0.89347254
    outer loop
      vertex 9.68676729 7.37179416 1.05620262
      vertex 10.29237659 7.37106861 1.17295616
      vertex 10.29311227 7.98538485 0.88777428
    endloop
  endfacet
  facet normal 0.00000000 -0.00000000 1.00000000
    outer loop
      vertex 8.47702364 8.60187961 0.52000000
      vertex 8.47776116 9.21619593 0.52000000
      vertex 7.87141550 8.60260697 0.52000000
    endloop
  endfacet
  facet normal -0.01074443 0.00001290 0.99994228
    outer loop
      vertex 8.47702364 8.60187961 0.52000000
      vertex 9.08263177 8.60115285 0.52650730
      vertex 8.47776116 9.21619593 0.52000000
    endloop
  endfacet
  facet normal -0.02812562 0.12931760 0.99120427
    outer loop
      vertex 9.68823988 8.60042668 0.60480343
      vertex 10.29458370 9.21401737 0.54195637
      vertex 9.68897620 9.21474296 0.52467747
    endloop
  endfacet
  facet normal -0.14962898 0.24595052 0.95766357
    outer loop
      vertex 10.29384798 8.59970110 0.69961227
      vertex 10.29458370 9.21401737 0.54195637
      vertex 9.68823988 8.60042668 0.60480343
    endloop
  endfacet
  facet normal -0.14769077 0.28981515 0.94561864
    outer loop
      vertex 10.29311227 7.98538485 0.88777428
      vertex 10.29384798 8.59970110 0.69961227
      vertex 9.68823988 8.60042668 0.60480343
    endloop
  endfacet
  facet normal 0.16803049 -0.00748264 0.98575340
    outer loop
      vertex 13.93262142 12.89557345 0.22261770
      vertex 14.53822521 12.89485190 0.11938164
      vertex 13.93335366 13.50988970 0.22715603
    endloop
  endfacet
  facet normal -0.01134466 0.10411815 0.99450023
    outer loop
      vertex 13.93262142 12.89557345 0.22261770
      vertex 13.32701762 12.89629560 0.21563374
      vertex 13.32628480 12.28197935 0.27994057
    endloop
  endfacet
  facet normal 0.11507599 0.20972220 0.97096556
    outer loop
      vertex 14.53310420 8.59463861 0.71328102
      vertex 15.13944309 9.20823390 0.50888695
      vertex 14.53383572 9.20895476 0.58050606
    endloop
  endfacet
  facet normal -0.00029001 0.21125688 0.97743053
    outer loop
      vertex 14.53310420 8.59463861 0.71328102
      vertex 14.53383572 9.20895476 0.58050606
      vertex 13.92749622 8.59536005 0.71294540
    endloop
  endfacet
  facet normal -0.02995347 0.23908176 0.97053733
    outer loop
      vertex 13.92749622 8.59536005 0.71294540
      vertex 14.53383572 9.20895476 0.58050606
      vertex 13.92822834 9.20967622 0.56163761
    endloop
  endfacet
  facet normal -0.00041598 0.11303236 0.99359122
    outer loop
      vertex 13.92749622 8.59536005 0.71294540
      vertex 14.53237270 7.98032247 0.78316620
      vertex 14.53310420 8.59463861 0.71328102
    endloop
  endfacet
  facet normal 0.02462544 0.13727593 0.99022670
    outer loop
      vertex 13.92676411 7.98104390 0.79812675
      vertex 14.53237270 7.98032247 0.78316620
      vertex 13.92749622 8.59536005 0.71294540
    endloop
  endfacet
  facet normal -0.00018385 -0.15306425 0.98821622
    outer loop
      vertex 7.87362991 10.44555599 0.52000000
      vertex 8.47923626 10.44482859 0.52000000
      vertex 7.87436809 11.05987236 0.61515125
    endloop
  endfacet
  facet normal -0.00018400 -0.15306425 0.98821622
    outer loop
      vertex 7.26802355 10.44628399 0.52000000
      vertex 7.87362991 10.44555599 0.52000000
      vertex 7.87436809 11.05987236 0.61515125
    endloop
  endfacet
  facet normal -0.11116249 -0.04411030 0.99282284
    outer loop
      vertex 7.87436809 11.05987236 0.61515125
      vertex 7.26876233 11.06060037 0.54737629
      vertex 7.26802355 10.44628399 0.52000000
    endloop
  endfacet
  facet normal 0.00000000 0.00000000 1.00000000
    outer loop
      vertex 8.47849870 9.83051225 0.52000000
      vertex 7.87362991 10.44555599 0.52000000
      vertex 7.87289176 9.83123964 0.52000000
    endloop
  endfacet
  facet normal -0.02218264 -0.26735909 0.96334161
    outer loop
      vertex 7.27245646 14.13218245 1.46154495
      vertex 7.87879750 14.74577079 1.64579803
      vertex 7.27319534 14.74649890 1.63205505
    endloop
  endfacet
  facet normal -0.20878862 -0.08620402 0.97415408
    outer loop
      vertex 7.87805922 14.13145435 1.59127823
      vertex 7.87879750 14.74577079 1.64579803
      vertex 7.27245646 14.13218245 1.46154495
    endloop
  endfacet
  facet normal -0.19282021 -0.23302559 0.95316286
    outer loop
      vertex 4.85004526 14.13510074 0.93275230
      vertex 5.45564808 14.13437028 1.05508423
      vertex 4.85078654 14.74941726 1.08308800
    endloop
  endfacet
  facet normal -0.22430921 -0.10376846 0.96897755
    outer loop
      vertex 1.21568311 13.52517933 1.18707779
      vertex 1.21493826 12.91086273 1.12111778
      vertex 1.82054239 12.91012875 1.26123085
    endloop
  endfacet
  facet normal 0.16044338 -0.00501859 0.98703229
    outer loop
      vertex 2.42763380 14.13802850 1.28714828
      vertex 2.42689014 13.52371193 1.28414566
      vertex 3.03249363 13.52297912 1.18570030
    endloop
  endfacet
  facet normal 0.16420615 -0.00565107 0.98640986
    outer loop
      vertex 3.02952155 11.06571301 1.44164810
      vertex 3.02877857 10.45139652 1.43825241
      vertex 3.63512742 11.06498086 1.34082962
    endloop
  endfacet
  facet normal 0.16215806 -0.20826815 0.96453571
    outer loop
      vertex 3.02729268 9.22276356 1.22998299
      vertex 3.63290035 9.22203146 1.12800995
      vertex 3.63364269 9.83634791 1.26053192
    endloop
  endfacet
  facet normal -0.02114459 -0.06551787 0.99762734
    outer loop
      vertex 6.66907217 15.97586057 1.73597443
      vertex 6.66833266 15.36154408 1.69561432
      vertex 7.27467315 15.97513184 1.74876221
    endloop
  endfacet
  facet normal -0.08248952 -0.06523557 0.99445452
    outer loop
      vertex 6.06347118 15.97658990 1.68578796
      vertex 6.66833266 15.36154408 1.69561432
      vertex 6.66907217 15.97586057 1.73597443
    endloop
  endfacet
  facet normal -0.02106498 -0.14364610 0.98940490
    outer loop
      vertex 7.27467315 15.97513184 1.74876221
      vertex 7.27541208 16.58944832 1.83796707
      vertex 6.66907217 15.97586057 1.73597443
    endloop
  endfacet
  facet normal 0.13640431 -0.29213985 0.94659821
    outer loop
      vertex 7.27541208 16.58944832 1.83796707
      vertex 6.66981170 16.59017707 1.92545868
      vertex 6.66907217 15.97586057 1.73597443
    endloop
  endfacet
  facet normal -0.20905098 -0.27917437 0.93720828
    outer loop
      vertex 6.66759316 14.74722760 1.51245758
      vertex 6.66833266 15.36154408 1.69561432
      vertex 6.06199097 14.74795689 1.37759094
    endloop
  endfacet
  facet normal -0.32205353 0.01865812 0.94653758
    outer loop
      vertex 5.45935166 17.20595290 1.66990875
      vertex 4.85375183 17.20668344 1.46384277
      vertex 4.85301048 16.59236688 1.47569992
    endloop
  endfacet
  facet normal -0.21493682 -0.09524437 0.97197257
    outer loop
      vertex 4.85301048 16.59236688 1.47569992
      vertex 5.45861091 16.59163635 1.60954758
      vertex 5.45935166 17.20595290 1.66990875
    endloop
  endfacet
  facet normal -0.28101796 -0.15904532 0.94643198
    outer loop
      vertex 6.06421131 16.59090642 1.78924194
      vertex 5.45861091 16.59163635 1.60954758
      vertex 6.06347118 15.97658990 1.68578796
    endloop
  endfacet
  facet normal -0.08164752 -0.16541652 0.98283827
    outer loop
      vertex 6.06347118 15.97658990 1.68578796
      vertex 6.66907217 15.97586057 1.73597443
      vertex 6.06421131 16.59090642 1.78924194
    endloop
  endfacet
  facet normal -0.21048384 -0.28791037 0.93423989
    outer loop
      vertex 6.06421131 16.59090642 1.78924194
      vertex 6.66907217 15.97586057 1.73597443
      vertex 6.66981170 16.59017707 1.92545868
    endloop
  endfacet
  facet normal -0.18085544 0.01294702 0.98342447
    outer loop
      vertex 6.06421131 16.59090642 1.78924194
      vertex 6.06495146 17.20522295 1.78129044
      vertex 5.45935166 17.20595290 1.66990875
    endloop
  endfacet
  facet normal -0.28332154 -0.09344136 0.95446195
    outer loop
      vertex 5.45935166 17.20595290 1.66990875
      vertex 5.45861091 16.59163635 1.60954758
      vertex 6.06421131 16.59090642 1.78924194
    endloop
  endfacet
  facet normal -0.21489411 0.01289908 0.97655217
    outer loop
      vertex 6.67055125 17.20449359 1.91456467
      vertex 6.06495146 17.20522295 1.78129044
      vertex 6.06421131 16.59090642 1.78924194
    endloop
  endfacet
  facet normal -0.21939174 0.01756282 0.97547876
    outer loop
      vertex 6.06421131 16.59090642 1.78924194
      vertex 6.66981170 16.59017707 1.92545868
      vertex 6.67055125 17.20449359 1.91456467
    endloop
  endfacet
  facet normal -0.03443970 0.00132386 0.99940590
    outer loop
      vertex 26.64741912 10.42328161 0.06253312
      vertex 26.04109311 9.80967539 0.04245183
      vertex 26.04037297 9.19535954 0.04324077
    endloop
  endfacet
  facet normal -0.03199075 -0.00109870 0.99948756
    outer loop
      vertex 26.04181326 10.42399126 0.04315018
      vertex 26.04109311 9.80967539 0.04245183
      vertex 26.64741912 10.42328161 0.06253312
    endloop
  endfacet
  facet normal 0.00346423 0.00049480 0.99999388
    outer loop
      vertex 23.61938964 10.42683579 0.04003616
      vertex 24.22571754 11.04043970 0.03763207
      vertex 23.62011221 11.04115173 0.03972969
    endloop
  endfacet
  facet normal -0.01175471 -0.01156085 0.99986408
    outer loop
      vertex 24.83132285 11.03972825 0.04474353
      vertex 24.22571754 11.04043970 0.03763207
      vertex 24.83060148 10.42541234 0.03763207
    endloop
  endfacet
  facet normal -0.01055331 0.00155103 0.99994311
    outer loop
      vertex 25.43548663 9.81038562 0.04023078
      vertex 24.82988013 9.81109644 0.03383816
      vertex 25.43476589 9.19606975 0.04117606
    endloop
  endfacet
  facet normal -0.00366563 0.00154303 0.99999209
    outer loop
      vertex 25.43476589 9.19606975 0.04117606
      vertex 26.04109311 9.80967539 0.04245183
      vertex 25.43548663 9.81038562 0.04023078
    endloop
  endfacet
  facet normal -0.00085792 0.00338156 0.99999391
    outer loop
      vertex 25.43620738 10.42470150 0.03815404
      vertex 24.83060148 10.42541234 0.03763207
      vertex 25.43548663 9.81038562 0.04023078
    endloop
  endfacet
  facet normal -0.01056218 -0.00616297 0.99992523
    outer loop
      vertex 25.43548663 9.81038562 0.04023078
      vertex 24.83060148 10.42541234 0.03763207
      vertex 24.82988013 9.81109644 0.03383816
    endloop
  endfacet
  facet normal -0.00824551 0.00339011 0.99996026
    outer loop
      vertex 26.04181326 10.42399126 0.04315018
      vertex 25.43620738 10.42470150 0.03815404
      vertex 25.43548663 9.81038562 0.04023078
    endloop
  endfacet
  facet normal -0.00366877 -0.00113248 0.99999263
    outer loop
      vertex 25.43548663 9.81038562 0.04023078
      vertex 26.04109311 9.80967539 0.04245183
      vertex 26.04181326 10.42399126 0.04315018
    endloop
  endfacet
  facet normal 0.04369739 0.00602297 0.99902666
    outer loop
      vertex 26.65029750 12.88054512 0.04020339
      vertex 26.04397381 12.26693893 0.07042329
      vertex 26.64957788 12.26622923 0.04393847
    endloop
  endfacet
  facet normal 0.00511224 0.00607389 0.99996849
    outer loop
      vertex 27.25661998 13.49415189 0.03337652
      vertex 26.65029750 12.88054512 0.04020339
      vertex 26.64957788 12.26622923 0.04393847
    endloop
  endfacet
  facet normal 0.00102599 -0.00101384 0.99999896
    outer loop
      vertex 23.61505458 6.74094039 0.03446024
      vertex 23.61433213 6.12662453 0.03383816
      vertex 24.22066411 6.74022846 0.03383816
    endloop
  endfacet
  facet normal 0.00159053 -0.00101450 0.99999822
    outer loop
      vertex 23.61505458 6.74094039 0.03446024
      vertex 23.00944504 6.74165290 0.03542420
      vertex 23.61433213 6.12662453 0.03383816
    endloop
  endfacet
  facet normal 0.00158777 -0.00335712 0.99999310
    outer loop
      vertex 23.01016811 7.35596879 0.03748540
      vertex 23.00944504 6.74165290 0.03542420
      vertex 23.61505458 6.74094039 0.03446024
    endloop
  endfacet
  facet normal 0.00102719 -0.00000121 0.99999947
    outer loop
      vertex 24.22066411 6.74022846 0.03383816
      vertex 24.22138598 7.35454432 0.03383816
      vertex 23.61505458 6.74094039 0.03446024
    endloop
  endfacet
  facet normal 0.00980002 -0.01304263 0.99986692
    outer loop
      vertex 22.40383548 6.74236601 0.03542420
      vertex 23.01016811 7.35596879 0.03748540
      vertex 22.40455915 7.35668191 0.04343047
    endloop
  endfacet
  facet normal 0.00539666 0.00890133 0.99994582
    outer loop
      vertex 21.79967445 7.97171156 0.05085071
      vertex 21.80039876 8.58602750 0.04537828
      vertex 21.19406606 7.97242588 0.05411279
    endloop
  endfacet
  facet normal 0.00537908 -0.00610263 0.99996691
    outer loop
      vertex 21.19334118 7.35810993 0.05036763
      vertex 21.79967445 7.97171156 0.05085071
      vertex 21.19406606 7.97242588 0.05411279
    endloop
  endfacet
  facet normal 0.00088617 -0.00166297 0.99999822
    outer loop
      vertex 21.79895017 7.35739563 0.04982976
      vertex 21.79967445 7.97171156 0.05085071
      vertex 21.19334118 7.35810993 0.05036763
    endloop
  endfacet
  facet normal 0.01300866 0.00087753 0.99991500
    outer loop
      vertex 23.01233741 9.19891652 0.04331438
      vertex 23.61722204 8.58388804 0.03598472
      vertex 23.61794455 9.19820394 0.03543619
    endloop
  endfacet
  facet normal 0.00264176 0.00259819 0.99999314
    outer loop
      vertex 24.22355168 9.19749195 0.03383816
      vertex 23.61866709 9.81251986 0.03383816
      vertex 23.61794455 9.19820394 0.03543619
    endloop
  endfacet
  facet normal 0.00317982 0.00088916 0.99999455
    outer loop
      vertex 23.61794455 9.19820394 0.03543619
      vertex 23.61722204 8.58388804 0.03598472
      vertex 24.22282976 8.58317606 0.03405962
    endloop
  endfacet
  facet normal 0.00263913 0.00035739 0.99999645
    outer loop
      vertex 24.22282976 8.58317606 0.03405962
      vertex 24.22355168 9.19749195 0.03383816
      vertex 23.61794455 9.19820394 0.03543619
    endloop
  endfacet
  facet normal 0.01300801 0.00032146 0.99991534
    outer loop
      vertex 23.01306054 9.81323246 0.04310748
      vertex 23.01233741 9.19891652 0.04331438
      vertex 23.61794455 9.19820394 0.03543619
    endloop
  endfacet
  facet normal 0.01530703 0.00258300 0.99987950
    outer loop
      vertex 23.61794455 9.19820394 0.03543619
      vertex 23.61866709 9.81251986 0.03383816
      vertex 23.01306054 9.81323246 0.04310748
    endloop
  endfacet
  facet normal -0.01212884 -0.01192887 0.99985529
    outer loop
      vertex 24.82915879 9.19678056 0.03383816
      vertex 25.43404517 8.58175389 0.03383816
      vertex 25.43476589 9.19606975 0.04117606
    endloop
  endfacet
  facet normal -0.00000000 0.00000000 1.00000000
    outer loop
      vertex 24.82843748 8.58246468 0.03383816
      vertex 25.43404517 8.58175389 0.03383816
      vertex 24.82915879 9.19678056 0.03383816
    endloop
  endfacet
  facet normal -0.01211569 0.00001423 0.99992660
    outer loop
      vertex 25.43476589 9.19606975 0.04117606
      vertex 24.82988013 9.81109644 0.03383816
      vertex 24.82915879 9.19678056 0.03383816
    endloop
  endfacet
  facet normal 0.00000000 0.00000000 1.00000000
    outer loop
      vertex 24.82988013 9.81109644 0.03383816
      vertex 24.22355168 9.19749195 0.03383816
      vertex 24.82915879 9.19678056 0.03383816
    endloop
  endfacet
  facet normal 0.00036567 -0.00000043 0.99999993
    outer loop
      vertex 24.22282976 8.58317606 0.03405962
      vertex 24.82843748 8.58246468 0.03383816
      vertex 24.82915879 9.19678056 0.03383816
    endloop
  endfacet
  facet normal 0.00000042 0.00036049 0.99999994
    outer loop
      vertex 24.82915879 9.19678056 0.03383816
      vertex 24.22355168 9.19749195 0.03383816
      vertex 24.22282976 8.58317606 0.03405962
    endloop
  endfacet
  facet normal 0.00920254 -0.00286628 0.99995355
    outer loop
      vertex 23.01161429 8.58460060 0.04156014
      vertex 23.61722204 8.58388804 0.03598472
      vertex 23.01233741 9.19891652 0.04331438
    endloop
  endfacet
  facet normal 0.00881935 0.00032640 0.99996106
    outer loop
      vertex 22.40673025 9.19962969 0.04865541
      vertex 23.01233741 9.19891652 0.04331438
      vertex 23.01306054 9.81323246 0.04310748
    endloop
  endfacet
  facet normal 0.00001063 0.00903069 0.99995922
    outer loop
      vertex 23.01306054 9.81323246 0.04310748
      vertex 22.40745399 9.81394564 0.04310748
      vertex 22.40673025 9.19962969 0.04865541
    endloop
  endfacet
  facet normal 0.02193758 -0.00459500 0.99974878
    outer loop
      vertex 20.58845765 7.97314080 0.05843431
      vertex 21.19479096 8.58674184 0.04794970
      vertex 20.58918316 8.58745677 0.06124189
    endloop
  endfacet
  facet normal 0.01388635 0.00291119 0.99989934
    outer loop
      vertex 21.19551588 9.20105781 0.04721160
      vertex 20.59063421 9.81608876 0.05382140
      vertex 20.58990867 9.20177276 0.05562004
    endloop
  endfacet
  facet normal 0.00371862 -0.00792931 0.99996165
    outer loop
      vertex 20.59135976 10.43040477 0.05851028
      vertex 21.19696577 10.42968979 0.05625250
      vertex 20.59208533 11.04472079 0.06337887
    endloop
  endfacet
  facet normal 0.00350528 -0.00729931 0.99996722
    outer loop
      vertex 20.59063421 9.81608876 0.05382140
      vertex 21.19551588 9.20105781 0.04721160
      vertex 21.19624082 9.81537379 0.05169329
    endloop
  endfacet
  facet normal 0.00350487 -0.00763656 0.99996470
    outer loop
      vertex 21.19624082 9.81537379 0.05169329
      vertex 20.59135976 10.43040477 0.05851028
      vertex 20.59063421 9.81608876 0.05382140
    endloop
  endfacet
  facet normal 0.00371923 -0.00742575 0.99996551
    outer loop
      vertex 21.19696577 10.42968979 0.05625250
      vertex 20.59135976 10.43040477 0.05851028
      vertex 21.19624082 9.81537379 0.05169329
    endloop
  endfacet
  facet normal -0.03564317 -0.12607043 0.99138076
    outer loop
      vertex 20.59716481 15.34493327 0.52197815
      vertex 19.99228989 15.95996511 0.57844250
      vertex 19.99156358 15.34564897 0.50029594
    endloop
  endfacet
  facet normal -0.03541705 -0.18933086 0.98127440
    outer loop
      vertex 19.98938476 13.50270065 0.33231049
      vertex 20.59498779 13.50198500 0.35403038
      vertex 19.99011102 14.11701674 0.45086521
    endloop
  endfacet
  facet normal -0.06639692 -0.12584149 0.98982593
    outer loop
      vertex 18.17548793 15.96211580 0.44695126
      vertex 18.17475982 15.34779962 0.36880135
      vertex 18.78036109 15.34708215 0.40933350
    endloop
  endfacet
  facet normal -0.12602410 -0.18357037 0.97489479
    outer loop
      vertex 18.78036109 15.34708215 0.40933350
      vertex 18.78108860 15.96139831 0.52510181
      vertex 18.17548793 15.96211580 0.44695126
    endloop
  endfacet
  facet normal -0.16967486 -0.12142010 0.97799162
    outer loop
      vertex 19.38668925 15.96068141 0.59070717
      vertex 18.78036109 15.34708215 0.40933350
      vertex 19.38596235 15.34636527 0.51431217
    endloop
  endfacet
  facet normal -0.10607688 -0.18402482 0.97718093
    outer loop
      vertex 19.38668925 15.96068141 0.59070717
      vertex 18.78108860 15.96139831 0.52510181
      vertex 18.78036109 15.34708215 0.40933350
    endloop
  endfacet
  facet normal 0.13563791 0.00102561 0.99075794
    outer loop
      vertex 17.57571754 20.87736389 0.75581322
      vertex 18.18058517 20.26232940 0.67364159
      vertex 18.18131342 20.87664568 0.67290596
    endloop
  endfacet
  facet normal 0.06171840 0.00112202 0.99809297
    outer loop
      vertex 18.18058517 20.26232940 0.67364159
      vertex 18.78690928 20.87592806 0.63545895
      vertex 18.18131342 20.87664568 0.67290596
    endloop
  endfacet
  facet normal 0.06171791 0.00068805 0.99809340
    outer loop
      vertex 18.18131342 20.87664568 0.67290596
      vertex 18.78690928 20.87592806 0.63545895
      vertex 18.78763695 21.49024433 0.63499046
    endloop
  endfacet
  facet normal 0.13560780 -0.01380304 0.99066644
    outer loop
      vertex 18.18131342 20.87664568 0.67290596
      vertex 17.57644640 21.49168019 0.76427277
      vertex 17.57571754 20.87736389 0.75581322
    endloop
  endfacet
  facet normal 0.17428610 -0.03230638 0.98416495
    outer loop
      vertex 19.39468637 22.71815983 0.65648125
      vertex 19.99955391 22.10312708 0.52917587
      vertex 20.00028040 22.71744334 0.54921288
    endloop
  endfacet
  facet normal 0.25783982 -0.03180175 0.96566416
    outer loop
      vertex 20.00028040 22.71744334 0.54921288
      vertex 19.99955391 22.10312708 0.52917587
      vertex 20.60587442 22.71672745 0.38749100
    endloop
  endfacet
  facet normal -0.04761330 -0.25213801 0.96651922
    outer loop
      vertex 23.63167564 20.87020840 0.37967007
      vertex 23.63095280 20.25589227 0.21937645
      vertex 24.23654912 20.25517999 0.24902391
    endloop
  endfacet
  facet normal -0.16968888 -0.24862837 0.95361922
    outer loop
      vertex 23.63167564 20.87020840 0.37967007
      vertex 23.02607990 20.87092129 0.27209503
      vertex 23.63095280 20.25589227 0.21937645
    endloop
  endfacet
  facet normal -0.17434938 0.07284175 0.98198593
    outer loop
      vertex 23.02680336 21.48523744 0.22665474
      vertex 23.02607990 20.87092129 0.27209503
      vertex 23.63167564 20.87020840 0.37967007
    endloop
  endfacet
  facet normal 0.08167952 0.18907458 0.97855979
    outer loop
      vertex 19.39250513 20.87521103 0.54416309
      vertex 19.99737452 20.26017836 0.61251007
      vertex 19.99810097 20.87449459 0.49375298
    endloop
  endfacet
  facet normal 0.08292601 -0.01527507 0.99643863
    outer loop
      vertex 19.99882743 21.48881083 0.50310978
      vertex 19.39250513 20.87521103 0.54416309
      vertex 19.99810097 20.87449459 0.49375298
    endloop
  endfacet
  facet normal 0.16001478 -0.01522243 0.98699724
    outer loop
      vertex 19.99810097 20.87449459 0.49375298
      vertex 20.60369679 20.87377875 0.39556103
      vertex 19.99882743 21.48881083 0.50310978
    endloop
  endfacet
  facet normal 0.15520970 0.25116228 0.95542004
    outer loop
      vertex 20.60297094 20.25946254 0.55717133
      vertex 20.60369679 20.87377875 0.39556103
      vertex 19.99810097 20.87449459 0.49375298
    endloop
  endfacet
  facet normal 0.08958228 0.18893665 0.97789465
    outer loop
      vertex 19.99810097 20.87449459 0.49375298
      vertex 19.99737452 20.26017836 0.61251007
      vertex 20.60297094 20.25946254 0.55717133
    endloop
  endfacet
  facet normal 0.19993616 0.02535366 0.97948084
    outer loop
      vertex 19.99882743 21.48881083 0.50310978
      vertex 20.60369679 20.87377875 0.39556103
      vertex 20.60442265 21.48809497 0.37951141
    endloop
  endfacet
  facet normal 0.18469844 0.02544964 0.98246567
    outer loop
      vertex 20.60369679 20.87377875 0.39556103
      vertex 21.21001785 21.48737970 0.26568119
      vertex 20.60442265 21.48809497 0.37951141
    endloop
  endfacet
  facet normal 0.33001615 0.02064203 0.94374957
    outer loop
      vertex 21.21074313 22.10169592 0.15406864
      vertex 20.60514853 22.10241120 0.36582104
      vertex 20.60442265 21.48809497 0.37951141
    endloop
  endfacet
  facet normal 0.18206032 0.17556376 0.96748716
    outer loop
      vertex 20.60442265 21.48809497 0.37951141
      vertex 21.21001785 21.48737970 0.26568119
      vertex 21.21074313 22.10169592 0.15406864
    endloop
  endfacet
  facet normal 0.03671833 -0.09528576 0.99477253
    outer loop
      vertex 20.60151931 19.03083015 0.58891243
      vertex 19.99664810 19.64586215 0.67015076
      vertex 19.99592169 19.03154595 0.61133438
    endloop
  endfacet
  facet normal 0.20806968 0.07450726 0.97527210
    outer loop
      vertex 19.39105106 19.64657855 0.69339439
      vertex 19.39032405 19.03226233 0.74048103
      vertex 19.99592169 19.03154595 0.61133438
    endloop
  endfacet
  facet normal 0.03806607 -0.09528253 0.99472218
    outer loop
      vertex 19.99592169 19.03154595 0.61133438
      vertex 19.99664810 19.64586215 0.67015076
      vertex 19.39105106 19.64657855 0.69339439
    endloop
  endfacet
  facet normal 0.03701533 0.04383693 0.99835274
    outer loop
      vertex 19.99592169 19.03154595 0.61133438
      vertex 20.60079351 18.41651397 0.61591351
      vertex 20.60151931 19.03083015 0.58891243
    endloop
  endfacet
  facet normal 0.02578759 0.03280045 0.99912919
    outer loop
      vertex 19.99592169 19.03154595 0.61133438
      vertex 19.99519529 18.41722975 0.63152054
      vertex 20.60079351 18.41651397 0.61591351
    endloop
  endfacet
  facet normal 0.02057659 0.10404657 0.99435955
    outer loop
      vertex 22.41976010 20.25731860 0.34884720
      vertex 23.02607990 20.87092129 0.27209503
      vertex 22.42048415 20.87163476 0.28455215
    endloop
  endfacet
  facet normal -0.03810731 0.10406142 0.99384056
    outer loop
      vertex 22.42048415 20.87163476 0.28455215
      vertex 21.81488838 20.87234883 0.26125673
      vertex 22.41976010 20.25731860 0.34884720
    endloop
  endfacet
  facet normal 0.17067109 0.05213714 0.98394771
    outer loop
      vertex 21.20784212 19.64443112 0.47453362
      vertex 21.20711691 19.03011494 0.50721062
      vertex 21.81271450 19.02940033 0.40220428
    endloop
  endfacet
  facet normal 0.12250273 0.00376318 0.99246104
    outer loop
      vertex 21.81271450 19.02940033 0.40220428
      vertex 21.81343911 19.64371649 0.39978550
      vertex 21.20784212 19.64443112 0.47453362
    endloop
  endfacet
  facet normal 0.32082900 -0.04043645 0.94627356
    outer loop
      vertex 21.81271450 19.02940033 0.40220428
      vertex 21.81198990 18.41508419 0.37619881
      vertex 22.41758808 18.41437018 0.17084347
    endloop
  endfacet
  facet normal 0.05419202 0.06690819 0.99628636
    outer loop
      vertex 23.02246286 17.79934067 0.07316215
      vertex 23.02173950 17.18502459 0.11445748
      vertex 23.62806160 17.79862787 0.04026907
    endloop
  endfacet
  facet normal 0.05415829 -0.03578803 0.99789082
    outer loop
      vertex 23.62806160 17.79862787 0.04026907
      vertex 23.02318623 18.41365677 0.09515452
      vertex 23.02246286 17.79934067 0.07316215
    endloop
  endfacet
  facet normal 0.20918920 -0.03523130 0.97724031
    outer loop
      vertex 23.02246286 17.79934067 0.07316215
      vertex 23.02318623 18.41365677 0.09515452
      vertex 22.41686410 17.80005407 0.20282305
    endloop
  endfacet
  facet normal 0.37518141 0.10531044 0.92094985
    outer loop
      vertex 22.41686410 17.80005407 0.20282305
      vertex 21.81126533 17.80076806 0.44945343
      vertex 22.41614014 17.18573797 0.27336491
    endloop
  endfacet
  facet normal 0.24799465 -0.03330119 0.96818887
    outer loop
      vertex 22.41614014 17.18573797 0.27336491
      vertex 21.81126533 17.80076806 0.44945343
      vertex 21.81054077 17.18645194 0.42850941
    endloop
  endfacet
  facet normal 0.20818259 0.11133859 0.97173233
    outer loop
      vertex 22.41614014 17.18573797 0.27336491
      vertex 23.02246286 17.79934067 0.07316215
      vertex 22.41686410 17.80005407 0.20282305
    endloop
  endfacet
  facet normal 0.25334616 0.06458517 0.96521732
    outer loop
      vertex 23.02173950 17.18502459 0.11445748
      vertex 23.02246286 17.79934067 0.07316215
      vertex 22.41614014 17.18573797 0.27336491
    endloop
  endfacet
  facet normal 0.24814038 0.02031956 0.96851095
    outer loop
      vertex 22.41614014 17.18573797 0.27336491
      vertex 21.81054077 17.18645194 0.42850941
      vertex 22.41541620 16.57142187 0.28643887
    endloop
  endfacet
  facet normal 0.25377502 0.02028184 0.96705061
    outer loop
      vertex 22.41541620 16.57142187 0.28643887
      vertex 23.02173950 17.18502459 0.11445748
      vertex 22.41614014 17.18573797 0.27336491
    endloop
  endfacet
  facet normal 0.14293213 0.13362710 0.98067028
    outer loop
      vertex 23.02101616 16.57070851 0.19827023
      vertex 23.02173950 17.18502459 0.11445748
      vertex 22.41541620 16.57142187 0.28643887
    endloop
  endfacet
  facet normal 0.14381950 -0.05149640 0.98826316
    outer loop
      vertex 22.41541620 16.57142187 0.28643887
      vertex 22.41469228 15.95710579 0.25453344
      vertex 23.02101616 16.57070851 0.19827023
    endloop
  endfacet
  facet normal 0.15221703 0.07710278 0.98533504
    outer loop
      vertex 23.02101616 16.57070851 0.19827023
      vertex 23.62661610 16.56999574 0.10477140
      vertex 23.62733884 17.18431180 0.05658933
    endloop
  endfacet
  facet normal 0.09441484 0.13446729 0.98640985
    outer loop
      vertex 23.62733884 17.18431180 0.05658933
      vertex 23.02173950 17.18502459 0.11445748
      vertex 23.02101616 16.57070851 0.19827023
    endloop
  endfacet
  facet normal 0.00000000 0.00000000 1.00000000
    outer loop
      vertex 23.62228002 12.88409963 0.06936767
      vertex 24.22860559 13.49770352 0.06936767
      vertex 23.62300266 13.49841562 0.06936767
    endloop
  endfacet
  facet normal 0.00000000 0.00000000 1.00000000
    outer loop
      vertex 23.62300266 13.49841562 0.06936767
      vertex 24.22932764 14.11201950 0.06936767
      vertex 23.62372531 14.11273162 0.06936767
    endloop
  endfacet
  facet normal 0.00000000 -0.00000000 1.00000000
    outer loop
      vertex 24.22860559 13.49770352 0.06936767
      vertex 24.22932764 14.11201950 0.06936767
      vertex 23.62300266 13.49841562 0.06936767
    endloop
  endfacet
  facet normal -0.03075811 0.01669328 0.99938745
    outer loop
      vertex 24.83492995 14.11130798 0.08801815
      vertex 24.22932764 14.11201950 0.06936767
      vertex 24.83420850 13.49699201 0.09825718
    endloop
  endfacet
  facet normal -0.04764947 0.00005601 0.99886412
    outer loop
      vertex 24.83420850 13.49699201 0.09825718
      vertex 24.22932764 14.11201950 0.06936767
      vertex 24.22860559 13.49770352 0.06936767
    endloop
  endfacet
  facet normal 0.07779417 -0.03385132 0.99639458
    outer loop
      vertex 26.04685480 14.72420265 0.05311006
      vertex 26.04757508 15.33851861 0.07392447
      vertex 25.44125312 14.72491301 0.10041695
    endloop
  endfacet
  facet normal 0.03408750 -0.03388307 0.99884432
    outer loop
      vertex 26.65245646 14.72349288 0.03241865
      vertex 26.04757508 15.33851861 0.07392447
      vertex 26.04685480 14.72420265 0.05311006
    endloop
  endfacet
  facet normal 0.04172473 -0.00274193 0.99912538
    outer loop
      vertex 26.65317615 15.33780883 0.03500465
      vertex 26.65389585 15.95212478 0.03666048
      vertex 26.04829539 15.95283458 0.06195306
    endloop
  endfacet
  facet normal 0.06414471 0.01936837 0.99775264
    outer loop
      vertex 26.04829539 15.95283458 0.06195306
      vertex 26.04757508 15.33851861 0.07392447
      vertex 26.65317615 15.33780883 0.03500465
    endloop
  endfacet
  facet normal 0.00060610 0.01990364 0.99980172
    outer loop
      vertex 24.83637291 15.33993995 0.08853993
      vertex 25.44125312 14.72491301 0.10041695
      vertex 25.44197400 15.33922898 0.08818696
    endloop
  endfacet
  facet normal 0.02356308 0.01987119 0.99952485
    outer loop
      vertex 25.44125312 14.72491301 0.10041695
      vertex 26.04757508 15.33851861 0.07392447
      vertex 25.44197400 15.33922898 0.08818696
    endloop
  endfacet
  facet normal 0.00055642 -0.02239155 0.99974912
    outer loop
      vertex 25.44197400 15.33922898 0.08818696
      vertex 24.83709442 15.95425595 0.10229847
      vertex 24.83637291 15.33993995 0.08853993
    endloop
  endfacet
  facet normal 0.00987895 -0.01322545 0.99986374
    outer loop
      vertex 25.44197400 15.33922898 0.08818696
      vertex 25.44269491 15.95354497 0.09630555
      vertex 24.83709442 15.95425595 0.10229847
    endloop
  endfacet
  facet normal 0.05661315 -0.01325974 0.99830813
    outer loop
      vertex 25.44197400 15.33922898 0.08818696
      vertex 26.04829539 15.95283458 0.06195306
      vertex 25.44269491 15.95354497 0.09630555
    endloop
  endfacet
  facet normal 0.02356279 0.01945065 0.99953312
    outer loop
      vertex 26.04757508 15.33851861 0.07392447
      vertex 26.04829539 15.95283458 0.06195306
      vertex 25.44197400 15.33922898 0.08818696
    endloop
  endfacet
  facet normal 0.00430360 0.01323897 0.99990310
    outer loop
      vertex 24.23221603 16.56928356 0.05198648
      vertex 24.83781594 16.56857197 0.04938940
      vertex 24.23293817 17.18359960 0.04384968
    endloop
  endfacet
  facet normal 0.00437342 0.08580321 0.99630251
    outer loop
      vertex 24.83709442 15.95425595 0.10229847
      vertex 24.83781594 16.56857197 0.04938940
      vertex 24.23221603 16.56928356 0.05198648
    endloop
  endfacet
  facet normal 0.20055315 -0.02896372 0.97925458
    outer loop
      vertex 22.41541620 16.57142187 0.28643887
      vertex 21.81054077 17.18645194 0.42850941
      vertex 21.80981623 16.57213583 0.41048798
    endloop
  endfacet
  facet normal 0.13591590 -0.02921120 0.99028964
    outer loop
      vertex 21.81054077 17.18645194 0.42850941
      vertex 21.20421624 16.57285038 0.49362682
      vertex 21.80981623 16.57213583 0.41048798
    endloop
  endfacet
  facet normal 0.20035069 -0.05105041 0.97839330
    outer loop
      vertex 21.80981623 16.57213583 0.41048798
      vertex 22.41469228 15.95710579 0.25453344
      vertex 22.41541620 16.57142187 0.28643887
    endloop
  endfacet
  facet normal 0.11547349 -0.00869468 0.99327251
    outer loop
      vertex 21.20494138 17.18716650 0.49891998
      vertex 21.20421624 16.57285038 0.49362682
      vertex 21.81054077 17.18645194 0.42850941
    endloop
  endfacet
  facet normal 0.16218914 -0.07570683 0.98385119
    outer loop
      vertex 21.20566654 17.80148264 0.54607174
      vertex 20.59934198 17.18788166 0.59880886
      vertex 21.20494138 17.18716650 0.49891998
    endloop
  endfacet
  facet normal 0.15700926 -0.07576484 0.98468664
    outer loop
      vertex 21.20494138 17.18716650 0.49891998
      vertex 21.81126533 17.80076806 0.44945343
      vertex 21.20566654 17.80148264 0.54607174
    endloop
  endfacet
  facet normal 0.11538172 -0.03398180 0.99273979
    outer loop
      vertex 21.81054077 17.18645194 0.42850941
      vertex 21.81126533 17.80076806 0.44945343
      vertex 21.20494138 17.18716650 0.49891998
    endloop
  endfacet
  facet normal 0.16266346 -0.02503170 0.98636404
    outer loop
      vertex 20.59861624 16.57356552 0.58333858
      vertex 21.20494138 17.18716650 0.49891998
      vertex 20.59934198 17.18788166 0.59880886
    endloop
  endfacet
  facet normal 0.14652227 -0.00869598 0.98916915
    outer loop
      vertex 21.20421624 16.57285038 0.49362682
      vertex 21.20494138 17.18716650 0.49891998
      vertex 20.59861624 16.57356552 0.58333858
    endloop
  endfacet
  facet normal 0.10738444 -0.03599726 0.99356569
    outer loop
      vertex 21.80691824 14.11487152 0.09200886
      vertex 21.20059079 13.50126994 0.13530963
      vertex 21.80619378 13.50055547 0.06983026
    endloop
  endfacet
  facet normal 0.00076532 0.00124437 0.99999893
    outer loop
      vertex 22.41179676 13.49984159 0.06936767
      vertex 21.80619378 13.50055547 0.06983026
      vertex 22.41107292 12.88552557 0.07013266
    endloop
  endfacet
  facet normal 0.03736008 -0.00004402 0.99930187
    outer loop
      vertex 22.41252061 14.11415763 0.06936767
      vertex 21.80691824 14.11487152 0.09200886
      vertex 22.41179676 13.49984159 0.06936767
    endloop
  endfacet
  facet normal 0.00072082 -0.03608025 0.99934864
    outer loop
      vertex 21.80691824 14.11487152 0.09200886
      vertex 21.80619378 13.50055547 0.06983026
      vertex 22.41179676 13.49984159 0.06936767
    endloop
  endfacet
  facet normal 0.27261739 -0.02688322 0.96174688
    outer loop
      vertex 21.20276601 15.34421817 0.47424492
      vertex 21.20204092 14.72990208 0.45727879
      vertex 21.80836720 15.34350365 0.30256084
    endloop
  endfacet
  facet normal 0.07853130 -0.02191124 0.99667082
    outer loop
      vertex 21.20276601 15.34421817 0.47424492
      vertex 21.20349112 15.95853427 0.48769318
      vertex 20.59716481 15.34493327 0.52197815
    endloop
  endfacet
  facet normal 0.18008725 -0.02182143 0.98340857
    outer loop
      vertex 3.63438505 10.45066438 1.32733414
      vertex 3.63512742 11.06498086 1.34082962
      vertex 3.02877857 10.45139652 1.43825241
    endloop
  endfacet
  facet normal 0.13573509 0.09191128 0.98647266
    outer loop
      vertex 3.63438505 10.45066438 1.32733414
      vertex 4.23999151 10.44993284 1.24407303
      vertex 4.24073328 11.06424930 1.18673409
    endloop
  endfacet
  facet normal 0.24650916 -0.02158298 0.96890010
    outer loop
      vertex 4.24073328 11.06424930 1.18673409
      vertex 3.63512742 11.06498086 1.34082962
      vertex 3.63438505 10.45066438 1.32733414
    endloop
  endfacet
  facet normal -0.26574602 0.00032159 0.96404302
    outer loop
      vertex 3.02209258 4.92254858 0.76141319
      vertex 2.41722411 5.53759757 0.59447128
      vertex 2.41648069 4.92328116 0.59447128
    endloop
  endfacet
  facet normal 0.00035840 0.29674587 0.95495642
    outer loop
      vertex 4.23479957 6.14971792 0.52000000
      vertex 3.62918891 6.15044935 0.52000000
      vertex 3.62844668 5.53613297 0.71089470
    endloop
  endfacet
  facet normal 0.00971224 0.07251497 0.99732003
    outer loop
      vertex 3.02209258 4.92254858 0.76141319
      vertex 3.62844668 5.53613297 0.71089470
      vertex 3.02283540 5.53686497 0.71673912
    endloop
  endfacet
  facet normal -0.19731151 0.07134152 0.97774156
    outer loop
      vertex 3.02283540 5.53686497 0.71673912
      vertex 2.41722411 5.53759757 0.59447128
      vertex 3.02209258 4.92254858 0.76141319
    endloop
  endfacet
  facet normal -0.20439243 0.23928290 0.94919304
    outer loop
      vertex 1.81905395 11.68149564 1.42144379
      vertex 1.21419343 12.29654615 1.13614883
      vertex 1.21344862 11.68222958 1.29085205
    endloop
  endfacet
  facet normal -0.27407824 0.16956755 0.94664036
    outer loop
      vertex 1.81979816 12.29581219 1.31161942
      vertex 1.21419343 12.29654615 1.13614883
      vertex 1.81905395 11.68149564 1.42144379
    endloop
  endfacet
  facet normal 0.02446170 0.21592311 0.97610391
    outer loop
      vertex 7.27688999 17.81808133 1.88071533
      vertex 7.27615103 17.20376482 2.01662628
      vertex 7.88248915 17.81735314 1.86569977
    endloop
  endfacet
  facet normal -0.14695695 0.21383902 0.96575179
    outer loop
      vertex 6.67129082 17.81881012 1.78840088
      vertex 7.27615103 17.20376482 2.01662628
      vertex 7.27688999 17.81808133 1.88071533
    endloop
  endfacet
  facet normal 0.02358313 0.35693467 0.93383161
    outer loop
      vertex 7.88248915 17.81735314 1.86569977
      vertex 7.88322753 18.43166964 1.63087341
      vertex 7.27688999 17.81808133 1.88071533
    endloop
  endfacet
  facet normal 0.03541359 0.34666459 0.93732040
    outer loop
      vertex 7.88322753 18.43166964 1.63087341
      vertex 7.27762898 18.43239785 1.65348465
      vertex 7.27688999 17.81808133 1.88071533
    endloop
  endfacet
  facet normal -0.14451217 0.27609158 0.95020507
    outer loop
      vertex 7.27688999 17.81808133 1.88071533
      vertex 6.67203040 18.43312665 1.61001755
      vertex 6.67129082 17.81881012 1.78840088
    endloop
  endfacet
  facet normal -0.06674915 0.34621660 0.93577701
    outer loop
      vertex 7.27688999 17.81808133 1.88071533
      vertex 7.27762898 18.43239785 1.65348465
      vertex 6.67203040 18.43312665 1.61001755
    endloop
  endfacet
  facet normal -0.18834169 0.21864434 0.95745604
    outer loop
      vertex 8.49325313 22.11684121 0.41405457
      vertex 9.09884806 22.11611409 0.53334751
      vertex 9.70517967 22.72970409 0.51250011
    endloop
  endfacet
  facet normal -0.07364071 0.20184079 0.97664597
    outer loop
      vertex 9.70517967 22.72970409 0.51250011
      vertex 10.31077396 22.72897814 0.55831295
      vertex 10.91710375 23.34256929 0.47722198
    endloop
  endfacet
  facet normal -0.19778107 -0.05717423 0.97857741
    outer loop
      vertex 10.91489724 21.49961977 0.73035606
      vertex 11.51975783 20.88457857 0.81667061
      vertex 11.52049270 21.49889503 0.85271111
    endloop
  endfacet
  facet normal -0.06005609 0.06135518 0.99630759
    outer loop
      vertex 9.09811077 21.50179754 0.57113426
      vertex 9.09884806 22.11611409 0.53334751
      vertex 8.49251525 21.50252465 0.53458500
    endloop
  endfacet
  facet normal 0.08452010 0.29625881 0.95136064
    outer loop
      vertex 9.09737350 20.88748101 0.66338219
      vertex 8.49177738 20.88820810 0.71695770
      vertex 9.09663625 20.27316449 0.85474915
    endloop
  endfacet
  facet normal 0.13807836 0.34387740 0.92880714
    outer loop
      vertex 9.09663625 20.27316449 0.85474915
      vertex 8.49177738 20.88820810 0.71695770
      vertex 8.49103953 20.27389157 0.94450920
    endloop
  endfacet
  facet normal 0.12022269 0.14703156 0.98179846
    outer loop
      vertex 7.88470435 19.66030269 1.36030975
      vertex 7.27910699 19.66103093 1.43435699
      vertex 7.27836798 19.04671439 1.52644592
    endloop
  endfacet
  facet normal 0.13807335 0.12942719 0.98192889
    outer loop
      vertex 7.27836798 19.04671439 1.52644592
      vertex 7.88396593 19.04598616 1.44138611
      vertex 7.88470435 19.66030269 1.36030975
    endloop
  endfacet
  facet normal -0.00144285 0.23706381 0.97149301
    outer loop
      vertex 7.27836798 19.04671439 1.52644592
      vertex 6.67350962 19.66175977 1.37546417
      vertex 6.67277000 19.04744320 1.52536865
    endloop
  endfacet
  facet normal -0.00149828 0.20251348 0.97927833
    outer loop
      vertex 6.67277000 19.04744320 1.52536865
      vertex 7.27762898 18.43239785 1.65348465
      vertex 7.27836798 19.04671439 1.52644592
    endloop
  endfacet
  facet normal -0.07076056 0.13624523 0.98814482
    outer loop
      vertex 6.67203040 18.43312665 1.61001755
      vertex 7.27762898 18.43239785 1.65348465
      vertex 6.67277000 19.04744320 1.52536865
    endloop
  endfacet
  facet normal -0.13117014 0.23516321 0.96306420
    outer loop
      vertex 6.67277000 19.04744320 1.52536865
      vertex 6.67350962 19.66175977 1.37546417
      vertex 6.06791223 19.66248919 1.29280319
    endloop
  endfacet
  facet normal -0.18409054 0.18404952 0.96552392
    outer loop
      vertex 6.06791223 19.66248919 1.29280319
      vertex 6.06717201 19.04817261 1.40976395
      vertex 6.67277000 19.04744320 1.52536865
    endloop
  endfacet
  facet normal -0.13752536 0.13441360 0.98133570
    outer loop
      vertex 5.46083321 18.43458603 1.41074478
      vertex 5.46009242 17.82026946 1.49478394
      vertex 6.06643181 18.43385605 1.49571396
    endloop
  endfacet
  facet normal -0.22382745 0.21974455 0.94953336
    outer loop
      vertex 5.46009242 17.82026946 1.49478394
      vertex 6.06569163 17.81953949 1.63770691
      vertex 6.06643181 18.43385605 1.49571396
    endloop
  endfacet
  facet normal -0.13746472 0.13740901 0.98092926
    outer loop
      vertex 6.06643181 18.43385605 1.49571396
      vertex 6.06717201 19.04817261 1.40976395
      vertex 5.46083321 18.43458603 1.41074478
    endloop
  endfacet
  facet normal 0.01959385 0.22635968 0.97384669
    outer loop
      vertex 8.48956387 19.04525853 1.42937057
      vertex 7.88396593 19.04598616 1.44138611
      vertex 8.48882607 18.43094203 1.57217636
    endloop
  endfacet
  facet normal 0.18867653 0.29087342 0.93797325
    outer loop
      vertex 8.49030169 19.65957504 1.23871742
      vertex 7.88470435 19.66030269 1.36030975
      vertex 8.48956387 19.04525853 1.42937057
    endloop
  endfacet
  facet normal 0.01982355 0.13079440 0.99121131
    outer loop
      vertex 8.48956387 19.04525853 1.42937057
      vertex 7.88470435 19.66030269 1.36030975
      vertex 7.88396593 19.04598616 1.44138611
    endloop
  endfacet
  facet normal -0.08142132 0.04335134 0.99573653
    outer loop
      vertex 10.30930177 21.50034510 0.68080498
      vertex 10.91489724 21.49961977 0.73035606
      vertex 10.91563273 22.11393627 0.70367073
    endloop
  endfacet
  facet normal -0.05365377 0.20296252 0.97771544
    outer loop
      vertex 11.52122759 22.11321151 0.73705421
      vertex 10.91636823 22.72825277 0.57618603
      vertex 10.91563273 22.11393627 0.70367073
    endloop
  endfacet
  facet normal -0.05387288 0.18481232 0.98129614
    outer loop
      vertex 11.52049270 21.49889503 0.85271111
      vertex 11.52122759 22.11321151 0.73705421
      vertex 10.91563273 22.11393627 0.70367073
    endloop
  endfacet
  facet normal -0.19780882 0.04277700 0.97930680
    outer loop
      vertex 10.91563273 22.11393627 0.70367073
      vertex 10.91489724 21.49961977 0.73035606
      vertex 11.52049270 21.49889503 0.85271111
    endloop
  endfacet
  facet normal 0.09621006 0.00742718 0.99533334
    outer loop
      vertex 17.56915854 15.34851769 0.38618942
      vertex 17.56988725 15.96283389 0.38153496
      vertex 16.96355724 15.34923635 0.44472218
    endloop
  endfacet
  facet normal 0.00131138 -0.07715306 0.99701840
    outer loop
      vertex 17.57061597 16.57715010 0.44342731
      vertex 17.57134472 17.19146632 0.49096447
      vertex 16.96574522 17.19218502 0.49181664
    endloop
  endfacet
  facet normal -0.04830394 -0.12546870 0.99092095
    outer loop
      vertex 16.96574522 17.19218502 0.49181664
      vertex 16.96501587 16.57786879 0.41399742
      vertex 17.57061597 16.57715010 0.44342731
    endloop
  endfacet
  facet normal -0.10697742 -0.09954165 0.98926604
    outer loop
      vertex 17.56988725 15.96283389 0.38153496
      vertex 18.17548793 15.96211580 0.44695126
      vertex 17.57061597 16.57715010 0.44342731
    endloop
  endfacet
  facet normal -0.08188956 -0.07484219 0.99382732
    outer loop
      vertex 17.57061597 16.57715010 0.44342731
      vertex 18.17548793 15.96211580 0.44695126
      vertex 18.17621606 16.57643200 0.49327358
    endloop
  endfacet
  facet normal 0.04542972 -0.10019238 0.99393039
    outer loop
      vertex 16.96428655 15.96355256 0.40928768
      vertex 17.56988725 15.96283389 0.38153496
      vertex 17.57061597 16.57715010 0.44342731
    endloop
  endfacet
  facet normal -0.04854656 -0.00759974 0.99879201
    outer loop
      vertex 17.57061597 16.57715010 0.44342731
      vertex 16.96501587 16.57786879 0.41399742
      vertex 16.96428655 15.96355256 0.40928768
    endloop
  endfacet
  facet normal -0.07632869 -0.15576414 0.98484083
    outer loop
      vertex 16.35941576 16.57858807 0.39870392
      vertex 16.36014570 17.19290432 0.49592182
      vertex 15.75381562 16.57930794 0.35188160
    endloop
  endfacet
  facet normal -0.02512086 -0.15623017 0.98740117
    outer loop
      vertex 16.35941576 16.57858807 0.39870392
      vertex 16.96501587 16.57786879 0.41399742
      vertex 16.36014570 17.19290432 0.49592182
    endloop
  endfacet
  facet normal -0.07709099 -0.02496209 0.99671153
    outer loop
      vertex 15.75381562 16.57930794 0.35188160
      vertex 16.35868583 15.96427183 0.38326225
      vertex 16.35941576 16.57858807 0.39870392
    endloop
  endfacet
  facet normal -0.04295116 -0.02505422 0.99876298
    outer loop
      vertex 16.35941576 16.57858807 0.39870392
      vertex 16.35868583 15.96427183 0.38326225
      vertex 16.96428655 15.96355256 0.40928768
    endloop
  endfacet
  facet normal -0.02525374 -0.00763399 0.99965192
    outer loop
      vertex 16.96428655 15.96355256 0.40928768
      vertex 16.96501587 16.57786879 0.41399742
      vertex 16.35941576 16.57858807 0.39870392
    endloop
  endfacet
  facet normal -0.21123693 -0.17171742 0.96223287
    outer loop
      vertex 15.75381562 16.57930794 0.35188160
      vertex 15.14894662 17.19434470 0.32885376
      vertex 15.14821547 16.58002841 0.21906406
    endloop
  endfacet
  facet normal -0.04531789 -0.17569794 0.98340049
    outer loop
      vertex 15.14894662 17.19434470 0.32885376
      vertex 14.54261531 16.58074947 0.19128511
      vertex 15.14821547 16.58002841 0.21906406
    endloop
  endfacet
  facet normal -0.06304367 -0.02162925 0.99777636
    outer loop
      vertex 14.54188358 15.96643318 0.13123102
      vertex 14.54115187 15.35211690 0.11786798
      vertex 15.14748435 15.96571214 0.16947977
    endloop
  endfacet
  facet normal -0.06292476 -0.08021912 0.99478911
    outer loop
      vertex 15.14748435 15.96571214 0.16947977
      vertex 15.14821547 16.58002841 0.21906406
      vertex 14.54188358 15.96643318 0.13123102
    endloop
  endfacet
  facet normal -0.04572065 -0.09713813 0.99422020
    outer loop
      vertex 14.54188358 15.96643318 0.13123102
      vertex 15.14821547 16.58002841 0.21906406
      vertex 14.54261531 16.58074947 0.19128511
    endloop
  endfacet
  facet normal 0.18589665 -0.09581725 0.97788624
    outer loop
      vertex 14.54188358 15.96643318 0.13123102
      vertex 14.54261531 16.58074947 0.19128511
      vertex 13.93701513 16.58147112 0.30648071
    endloop
  endfacet
  facet normal 0.02046310 -0.02649157 0.99943957
    outer loop
      vertex 21.80329613 11.04329139 0.04572018
      vertex 21.80402052 11.65760739 0.06198867
      vertex 21.19769074 11.04400579 0.05813863
    endloop
  endfacet
  facet normal 0.02049779 -0.00309381 0.99978511
    outer loop
      vertex 21.19769074 11.04400579 0.05813863
      vertex 21.19696577 10.42968979 0.05625250
      vertex 21.80329613 11.04329139 0.04572018
    endloop
  endfacet
  facet normal -0.00795880 -0.00898351 0.99992797
    outer loop
      vertex 22.40817774 10.42826161 0.04500914
      vertex 22.40890151 11.04257758 0.05053401
      vertex 21.80329613 11.04329139 0.04572018
    endloop
  endfacet
  facet normal 0.00479456 0.00753686 0.99996010
    outer loop
      vertex 19.37578744 6.74594042 0.07516571
      vertex 19.98212315 7.35954032 0.06763368
      vertex 19.37651411 7.36025640 0.07053203
    endloop
  endfacet
  facet normal 0.02061862 0.00751663 0.99975916
    outer loop
      vertex 19.37651411 7.36025640 0.07053203
      vertex 18.77090505 7.36097308 0.08301647
      vertex 19.37578744 6.74594042 0.07516571
    endloop
  endfacet
  facet normal 0.00479574 0.00856797 0.99995179
    outer loop
      vertex 19.37651411 7.36025640 0.07053203
      vertex 19.98212315 7.35954032 0.06763368
      vertex 19.98284923 7.97385630 0.06236650
    endloop
  endfacet
  facet normal 0.00718186 0.00621013 0.99995493
    outer loop
      vertex 19.98284923 7.97385630 0.06236650
      vertex 19.37724079 7.97457240 0.06671165
      vertex 19.37651411 7.36025640 0.07053203
    endloop
  endfacet
  facet normal 0.12668382 0.29545107 0.94692126
    outer loop
      vertex 16.35211727 10.43542618 0.33490772
      vertex 16.35138751 9.82111006 0.52667953
      vertex 16.95699423 9.82039096 0.44588284
    endloop
  endfacet
  facet normal 0.20499214 0.36543998 0.90798229
    outer loop
      vertex 16.95699423 9.82039096 0.44588284
      vertex 16.95772339 10.43470706 0.19847147
      vertex 16.35211727 10.43542618 0.33490772
    endloop
  endfacet
  facet normal -0.01024694 -0.01469835 0.99983947
    outer loop
      vertex 17.56478665 11.66262075 0.09738993
      vertex 18.17039153 11.66190278 0.10358597
      vertex 17.56551525 12.27693688 0.10642828
    endloop
  endfacet
  facet normal -0.05036233 -0.05413929 0.99726254
    outer loop
      vertex 17.56551525 12.27693688 0.10642828
      vertex 18.17039153 11.66190278 0.10358597
      vertex 18.17111954 12.27621889 0.13697267
    endloop
  endfacet
  facet normal 0.03391006 0.01328283 0.99933662
    outer loop
      vertex 15.14090498 10.43686620 0.43108608
      vertex 15.74651113 10.43614590 0.41054588
      vertex 15.14163595 11.05118237 0.42289600
    endloop
  endfacet
  facet normal -0.13608483 0.01336872 0.99060698
    outer loop
      vertex 15.14163595 11.05118237 0.42289600
      vertex 14.53529881 10.43758709 0.34788109
      vertex 15.14090498 10.43686620 0.43108608
    endloop
  endfacet
  facet normal -0.12914815 0.00639212 0.99160471
    outer loop
      vertex 14.53603039 11.05190328 0.34401634
      vertex 14.53529881 10.43758709 0.34788109
      vertex 15.14163595 11.05118237 0.42289600
    endloop
  endfacet
  facet normal -0.19392586 -0.02732690 0.98063551
    outer loop
      vertex 16.35722603 14.73563938 0.32827164
      vertex 15.75235459 15.35067544 0.22579403
      vertex 15.75162409 14.73635921 0.20853071
    endloop
  endfacet
  facet normal -0.22205098 -0.05619035 0.97341461
    outer loop
      vertex 16.35795592 15.34995560 0.36389954
      vertex 15.75235459 15.35067544 0.22579403
      vertex 16.35722603 14.73563938 0.32827164
    endloop
  endfacet
  facet normal 0.02044695 -0.05299059 0.99838566
    outer loop
      vertex 15.14529107 14.12276338 0.13872808
      vertex 14.53895685 13.50916813 0.11857845
      vertex 15.14456001 13.50844716 0.10613743
    endloop
  endfacet
  facet normal 0.17559987 0.10615187 0.97872185
    outer loop
      vertex 13.93335366 13.50988970 0.22715603
      vertex 14.53895685 13.50916813 0.11857845
      vertex 13.93408592 14.12420596 0.16039610
    endloop
  endfacet
  facet normal -0.05291604 0.02567792 0.99826877
    outer loop
      vertex 19.38305489 12.88910079 0.19077986
      vertex 18.77672381 12.27550150 0.17442286
      vertex 19.38232806 12.27478470 0.20654305
    endloop
  endfacet
  facet normal -0.04103537 0.08669828 0.99538912
    outer loop
      vertex 14.54993353 22.72391302 0.84557991
      vertex 13.94433936 22.72463483 0.82055115
      vertex 14.54920163 22.10959661 0.89905663
    endloop
  endfacet
  facet normal 0.17295002 -0.17130817 0.96991845
    outer loop
      vertex 13.93921222 18.42442011 0.58327339
      vertex 13.93847984 17.81010377 0.47490269
      vertex 14.54481060 18.42369841 0.47515926
    endloop
  endfacet
  facet normal 0.19821364 -0.19626869 0.96030722
    outer loop
      vertex 14.54481060 18.42369841 0.47515926
      vertex 13.93847984 17.81010377 0.47490269
      vertex 14.54407882 17.80938208 0.34975563
    endloop
  endfacet
  facet normal -0.20036484 -0.23744857 0.95051150
    outer loop
      vertex 15.15040896 18.42297730 0.49340954
      vertex 15.14967778 17.80866099 0.33979221
      vertex 15.75527673 17.80794049 0.46727058
    endloop
  endfacet
  facet normal -0.04169471 -0.08505293 0.99550367
    outer loop
      vertex 15.75819915 20.26520574 0.87523216
      vertex 15.15333385 20.88024266 0.90244553
      vertex 15.15260260 20.26592630 0.84992950
    endloop
  endfacet
  facet normal 0.01389262 0.26578556 0.96393207
    outer loop
      vertex 11.52196249 22.72752800 0.56765778
      vertex 10.91636823 22.72825277 0.57618603
      vertex 11.52122759 22.11321151 0.73705421
    endloop
  endfacet
  facet normal -0.08788882 0.21130951 0.97345973
    outer loop
      vertex 13.94580441 23.95326771 0.67090012
      vertex 13.33947828 23.33967369 0.74935120
      vertex 13.94507187 23.33895127 0.80418404
    endloop
  endfacet
  facet normal 0.01748923 -0.01133929 0.99978275
    outer loop
      vertex 23.01089119 7.97028469 0.04444017
      vertex 23.01016811 7.35596879 0.03748540
      vertex 23.61649953 7.96957214 0.03383816
    endloop
  endfacet
  facet normal 0.01750899 0.00466680 0.99983581
    outer loop
      vertex 23.61649953 7.96957214 0.03383816
      vertex 23.01161429 8.58460060 0.04156014
      vertex 23.01089119 7.97028469 0.04444017
    endloop
  endfacet
  facet normal 0.00920177 -0.00350487 0.99995152
    outer loop
      vertex 23.61722204 8.58388804 0.03598472
      vertex 23.01161429 8.58460060 0.04156014
      vertex 23.61649953 7.96957214 0.03383816
    endloop
  endfacet
  facet normal 0.02150653 -0.00898011 0.99972838
    outer loop
      vertex 19.98139708 6.74522435 0.06213118
      vertex 19.98212315 7.35954032 0.06763368
      vertex 19.37578744 6.74594042 0.07516571
    endloop
  endfacet
  facet normal 0.00972703 -0.00896784 0.99991248
    outer loop
      vertex 19.98139708 6.74522435 0.06213118
      vertex 20.58700670 6.74450888 0.05623346
      vertex 19.98212315 7.35954032 0.06763368
    endloop
  endfacet
  facet normal 0.21151717 0.14494186 0.96656730
    outer loop
      vertex 19.97994499 5.51659245 0.21115206
      vertex 19.37433415 5.51730849 0.34357254
      vertex 19.97921898 4.90227652 0.30343084
    endloop
  endfacet
  facet normal -0.00280652 -0.11325521 0.99356197
    outer loop
      vertex 15.13651951 6.75096944 0.69566345
      vertex 15.74285953 7.36456531 0.76731941
      vertex 15.13725038 7.36528554 0.76569084
    endloop
  endfacet
  facet normal 0.04657631 -0.08858203 0.99497933
    outer loop
      vertex 15.13651951 6.75096944 0.69566345
      vertex 15.13578866 6.13665335 0.64100571
      vertex 15.74139901 6.13593316 0.61259216
    endloop
  endfacet
  facet normal 0.02480468 0.00618754 0.99967317
    outer loop
      vertex 18.77163233 7.97528909 0.08173405
      vertex 19.37651411 7.36025640 0.07053203
      vertex 19.37724079 7.97457240 0.06671165
    endloop
  endfacet
  facet normal 0.02061271 0.00206271 0.99978541
    outer loop
      vertex 18.77090505 7.36097308 0.08301647
      vertex 19.37651411 7.36025640 0.07053203
      vertex 18.77163233 7.97528909 0.08173405
    endloop
  endfacet
  facet normal 0.10739392 -0.10537455 0.98861658
    outer loop
      vertex 17.56114388 8.59104030 0.37989807
      vertex 18.16675177 8.59032241 0.31403406
      vertex 17.56187240 9.20535636 0.44529758
    endloop
  endfacet
  facet normal 0.12052817 -0.10523046 0.98711677
    outer loop
      vertex 17.56187240 9.20535636 0.44529758
      vertex 16.95553597 8.59175878 0.45392014
      vertex 17.56114388 8.59104030 0.37989807
    endloop
  endfacet
  facet normal 0.10528364 -0.21720356 0.97043185
    outer loop
      vertex 17.56114388 8.59104030 0.37989807
      vertex 18.16602386 7.97600637 0.17661587
      vertex 18.16675177 8.59032241 0.31403406
    endloop
  endfacet
  facet normal 0.05154822 0.14207896 0.98851219
    outer loop
      vertex 15.13213466 3.06507310 0.73629593
      vertex 15.73774801 3.06435299 0.70481834
      vertex 15.13286543 3.67938913 0.64796211
    endloop
  endfacet
  facet normal 0.15831286 -0.05118633 0.98606136
    outer loop
      vertex 10.89137087 1.84149817 1.47569824
      vertex 10.28502068 1.22790686 1.54119675
      vertex 10.89063596 1.22718207 1.44392715
    endloop
  endfacet
  facet normal 0.26189282 -0.05015856 0.96379265
    outer loop
      vertex 10.89063596 1.22718207 1.44392715
      vertex 11.49625122 1.22645787 1.27932472
      vertex 10.89137087 1.84149817 1.47569824
    endloop
  endfacet
  facet normal 0.01882985 0.05485489 0.99831677
    outer loop
      vertex 10.89063596 1.22718207 1.44392715
      vertex 10.28428518 0.61359075 1.48907913
      vertex 10.88990106 0.61286597 1.47769608
    endloop
  endfacet
  facet normal 0.15792690 -0.08366164 0.98390031
    outer loop
      vertex 10.89063596 1.22718207 1.44392715
      vertex 10.28502068 1.22790686 1.54119675
      vertex 10.28428518 0.61359075 1.48907913
    endloop
  endfacet
  facet normal 0.25350544 0.05279178 0.96589234
    outer loop
      vertex 10.88990106 0.61286597 1.47769608
      vertex 11.49551693 0.61214179 1.31878738
      vertex 10.89063596 1.22718207 1.44392715
    endloop
  endfacet
  facet normal 0.26184995 0.06155777 0.96314342
    outer loop
      vertex 10.89063596 1.22718207 1.44392715
      vertex 11.49551693 0.61214179 1.31878738
      vertex 11.49625122 1.22645787 1.27932472
    endloop
  endfacet
  facet normal 0.09565428 0.01172386 0.99534557
    outer loop
      vertex 10.28575619 1.84222298 1.53389023
      vertex 10.28502068 1.22790686 1.54119675
      vertex 10.89137087 1.84149817 1.47569824
    endloop
  endfacet
  facet normal 0.09514122 0.11575882 0.98871029
    outer loop
      vertex 10.28575619 1.84222298 1.53389023
      vertex 10.89137087 1.84149817 1.47569824
      vertex 10.89210580 2.45581429 1.40370300
    endloop
  endfacet
  facet normal 0.14683169 -0.01358494 0.98906820
    outer loop
      vertex 13.31529451 3.06723697 0.87541084
      vertex 13.31456196 2.45292091 0.86708191
      vertex 13.92017596 2.45219904 0.77716583
    endloop
  endfacet
  facet normal 0.17341898 0.14146284 0.97463538
    outer loop
      vertex 12.70894795 2.45364337 0.97473526
      vertex 12.70821482 1.83932730 1.06403023
      vertex 13.31456196 2.45292091 0.86708191
    endloop
  endfacet
  facet normal 0.17498367 -0.01355627 0.98447801
    outer loop
      vertex 12.70894795 2.45364337 0.97473526
      vertex 13.31456196 2.45292091 0.86708191
      vertex 13.31529451 3.06723697 0.87541084
    endloop
  endfacet
  facet normal 0.20424483 -0.10971488 0.97275212
    outer loop
      vertex 10.89137087 1.84149817 1.47569824
      vertex 11.49625122 1.22645787 1.27932472
      vertex 11.49698554 1.84077396 1.34845810
    endloop
  endfacet
  facet normal 0.20440859 0.11370019 0.97225994
    outer loop
      vertex 10.89210580 2.45581429 1.40370300
      vertex 10.89137087 1.84149817 1.47569824
      vertex 11.49698554 1.84077396 1.34845810
    endloop
  endfacet
  facet normal 0.23491140 0.07882847 0.96881510
    outer loop
      vertex 13.31456196 2.45292091 0.86708191
      vertex 12.70821482 1.83932730 1.06403023
      vertex 13.31382943 1.83860486 0.91724388
    endloop
  endfacet
  facet normal 0.12985297 0.02592297 0.99119433
    outer loop
      vertex 12.70674861 0.61069520 1.14586517
      vertex 13.31309692 1.22428882 1.05038208
      vertex 12.70748170 1.22501124 1.12970276
    endloop
  endfacet
  facet normal 0.12721818 0.20994275 0.96940166
    outer loop
      vertex 13.31309692 1.22428882 1.05038208
      vertex 13.31382943 1.83860486 0.91724388
      vertex 12.70748170 1.22501124 1.12970276
    endloop
  endfacet
  facet normal 0.23441742 0.10305934 0.96665777
    outer loop
      vertex 12.70748170 1.22501124 1.12970276
      vertex 13.31382943 1.83860486 0.91724388
      vertex 12.70821482 1.83932730 1.06403023
    endloop
  endfacet
  facet normal 0.33586258 0.00916520 0.94186640
    outer loop
      vertex 12.71408034 6.75385618 1.06631332
      vertex 12.71334709 6.13954003 1.07255264
      vertex 13.31969016 6.75313361 0.85036438
    endloop
  endfacet
  facet normal 0.10020182 0.29281359 0.95090473
    outer loop
      vertex 12.71481361 7.36817234 0.87706871
      vertex 12.10847051 6.75457934 1.12990692
      vertex 12.71408034 6.75385618 1.06631332
    endloop
  endfacet
  facet normal 0.31149245 0.03603515 0.94956512
    outer loop
      vertex 13.31969016 6.75313361 0.85036438
      vertex 12.71334709 6.13954003 1.07255264
      vertex 13.31895751 6.13881747 0.87391747
    endloop
  endfacet
  facet normal 0.30494460 -0.20305624 0.93047136
    outer loop
      vertex 13.31895751 6.13881747 0.87391747
      vertex 12.71334709 6.13954003 1.07255264
      vertex 12.71261386 5.52522389 0.93873108
    endloop
  endfacet
  facet normal -0.02141335 0.00002551 0.99977071
    outer loop
      vertex 13.92237186 4.29514722 0.60067314
      vertex 13.92163988 3.68083115 0.60067314
      vertex 14.52725266 3.68010984 0.61364433
    endloop
  endfacet
  facet normal 0.00002514 0.02111011 0.99977716
    outer loop
      vertex 14.52725266 3.68010984 0.61364433
      vertex 14.52798404 4.29442590 0.60067314
      vertex 13.92237186 4.29514722 0.60067314
    endloop
  endfacet
  facet normal -0.00006954 -0.05838106 0.99829437
    outer loop
      vertex 13.92237186 4.29514722 0.60067314
      vertex 14.52798404 4.29442590 0.60067314
      vertex 13.92310386 4.90946330 0.63659889
    endloop
  endfacet
  facet normal 0.05646829 -0.09732072 0.99364984
    outer loop
      vertex 14.53017829 6.13737413 0.67549263
      vertex 14.52944686 5.52305804 0.61536644
      vertex 15.13578866 6.13665335 0.64100571
    endloop
  endfacet
  facet normal 0.02412475 -0.06552288 0.99755940
    outer loop
      vertex 15.13578866 6.13665335 0.64100571
      vertex 14.52944686 5.52305804 0.61536644
      vertex 15.13505783 5.52233728 0.60067314
    endloop
  endfacet
  facet normal -0.13224276 0.32640492 0.93593359
    outer loop
      vertex 9.68455854 5.52884546 1.27857796
      vertex 9.07894742 5.52957155 1.19275490
      vertex 9.68382232 4.91452925 1.49271545
    endloop
  endfacet
  facet normal 0.15478966 -0.10242462 0.98262371
    outer loop
      vertex 11.50065736 4.91235458 1.13932068
      vertex 12.10700283 5.52594702 1.10776329
      vertex 11.50139178 5.52667074 1.20323875
    endloop
  endfacet
  facet normal -0.26562525 0.09519178 0.95936528
    outer loop
      vertex 8.47481118 6.75893075 0.74850143
      vertex 7.86993930 7.37397435 0.52000000
      vertex 7.86920124 6.75965805 0.58075039
    endloop
  endfacet
  facet normal -0.07511608 0.09822237 0.99232552
    outer loop
      vertex 7.86920124 6.75965805 0.58075039
      vertex 7.86993930 7.37397435 0.52000000
      vertex 7.26359127 6.76038595 0.53483547
    endloop
  endfacet
  facet normal -0.04676596 0.27879468 0.95921138
    outer loop
      vertex 7.26285262 6.14606965 0.72952751
      vertex 7.86846318 6.14534177 0.75926537
      vertex 7.86920124 6.75965805 0.58075039
    endloop
  endfacet
  facet normal -0.07172292 0.30141560 0.95079149
    outer loop
      vertex 7.86920124 6.75965805 0.58075039
      vertex 7.26359127 6.76038595 0.53483547
      vertex 7.26285262 6.14606965 0.72952751
    endloop
  endfacet
  facet normal -0.01607042 0.24810390 0.96860012
    outer loop
      vertex 4.23257472 4.30676885 0.81288383
      vertex 4.23331632 4.92108520 0.65554092
      vertex 3.62696226 4.30750023 0.80264854
    endloop
  endfacet
  facet normal -0.21739926 0.22939098 0.94874514
    outer loop
      vertex 4.23257472 4.30676885 0.81288383
      vertex 3.62622008 3.69318388 0.82229607
      vertex 4.23183314 3.69245252 0.96124550
    endloop
  endfacet
  facet normal -0.01685106 0.03198220 0.99934638
    outer loop
      vertex 3.62696226 4.30750023 0.80264854
      vertex 3.62622008 3.69318388 0.82229607
      vertex 4.23257472 4.30676885 0.81288383
    endloop
  endfacet
  facet normal -0.27450172 0.22605303 0.93463835
    outer loop
      vertex 4.23183314 3.69245252 0.96124550
      vertex 4.83744618 3.69172175 1.13928978
      vertex 4.23257472 4.30676885 0.81288383
    endloop
  endfacet
  facet normal 0.16952853 0.06818383 0.98316379
    outer loop
      vertex 3.62696226 4.30750023 0.80264854
      vertex 4.23331632 4.92108520 0.65554092
      vertex 3.62770446 4.92181659 0.75991684
    endloop
  endfacet
  facet normal 0.00255912 0.07954330 0.99682813
    outer loop
      vertex 3.62770446 4.92181659 0.75991684
      vertex 3.62844668 5.53613297 0.71089470
      vertex 3.02209258 4.92254858 0.76141319
    endloop
  endfacet
  facet normal -0.23437487 0.26389002 0.93564442
    outer loop
      vertex 7.26063677 4.30312083 1.37265503
      vertex 7.26137537 4.91743709 1.19957771
      vertex 6.65502439 4.30384925 1.22074631
    endloop
  endfacet
  facet normal -0.23341041 0.27775098 0.93186586
    outer loop
      vertex 6.65502439 4.30384925 1.22074631
      vertex 6.65428521 3.68953298 1.40366364
      vertex 7.26063677 4.30312083 1.37265503
    endloop
  endfacet
  facet normal -0.18214459 0.26085160 0.94803997
    outer loop
      vertex 6.65724204 6.14679812 0.61297260
      vertex 6.65650281 5.53248182 0.78185867
      vertex 7.26285262 6.14606965 0.72952751
    endloop
  endfacet
  facet normal -0.18693114 0.14126458 0.97216309
    outer loop
      vertex 6.65724204 6.14679812 0.61297260
      vertex 7.26285262 6.14606965 0.72952751
      vertex 6.65798130 6.76111444 0.52384872
    endloop
  endfacet
  facet normal 0.10921222 0.38290109 0.91731099
    outer loop
      vertex 7.86624913 4.30239300 1.42706619
      vertex 7.86551115 3.68807676 1.68358002
      vertex 8.47112409 3.68734954 1.61178116
    endloop
  endfacet
  facet normal 0.06226350 0.03351326 0.99749693
    outer loop
      vertex 8.47038673 3.07303333 1.69850388
      vertex 8.46964938 2.45871714 1.71918930
      vertex 9.07526351 2.45799054 1.68141144
    endloop
  endfacet
  facet normal 0.05291000 0.02429194 0.99830378
    outer loop
      vertex 9.07526351 2.45799054 1.68141144
      vertex 9.07600026 3.07230672 1.66642410
      vertex 8.47038673 3.07303333 1.69850388
    endloop
  endfacet
  facet normal -0.22460336 0.17666765 0.95830156
    outer loop
      vertex 4.23035002 2.46381989 1.16219994
      vertex 3.62473576 2.46455122 1.02012337
      vertex 4.22960849 1.84950359 1.27527840
    endloop
  endfacet
  facet normal 0.02247722 -0.00191780 0.99974552
    outer loop
      vertex 13.33068200 15.96787704 0.31893581
      vertex 13.93701513 16.58147112 0.30648071
      vertex 13.33141493 16.58219336 0.32009777
    endloop
  endfacet
  facet normal 0.28553899 -0.00215338 0.95836467
    outer loop
      vertex 13.33141493 16.58219336 0.32009777
      vertex 12.72508119 15.96859985 0.49937256
      vertex 13.33068200 15.96787704 0.31893581
    endloop
  endfacet
  facet normal 0.14977040 0.13804843 0.97903598
    outer loop
      vertex 13.33141493 16.58219336 0.32009777
      vertex 12.72581472 16.58291619 0.41263901
      vertex 12.72508119 15.96859985 0.49937256
    endloop
  endfacet
  facet normal 0.15023518 -0.09668760 0.98391102
    outer loop
      vertex 13.33214788 17.19650969 0.38035389
      vertex 12.72581472 16.58291619 0.41263901
      vertex 13.33141493 16.58219336 0.32009777
    endloop
  endfacet
  facet normal 0.05167127 -0.09754866 0.99388849
    outer loop
      vertex 13.33141493 16.58219336 0.32009777
      vertex 13.93774747 17.19578744 0.34879848
      vertex 13.33214788 17.19650969 0.38035389
    endloop
  endfacet
  facet normal 0.02234445 -0.06873246 0.99738487
    outer loop
      vertex 13.93701513 16.58147112 0.30648071
      vertex 13.93774747 17.19578744 0.34879848
      vertex 13.33141493 16.58219336 0.32009777
    endloop
  endfacet
  facet normal -0.02464307 -0.22902401 0.97310879
    outer loop
      vertex 12.12388539 19.65522157 0.75893265
      vertex 11.51755333 19.04162924 0.59916710
      vertex 12.12315118 19.04090516 0.61433289
    endloop
  endfacet
  facet normal -0.12635730 -0.13116050 0.98327553
    outer loop
      vertex 11.51828815 19.65594567 0.68120605
      vertex 11.51755333 19.04162924 0.59916710
      vertex 12.12388539 19.65522157 0.75893265
    endloop
  endfacet
  facet normal -0.09517376 0.00090468 0.99546026
    outer loop
      vertex 13.33801206 22.11104079 0.74028778
      vertex 13.33874516 22.72535724 0.73979958
      vertex 12.73241725 22.11176378 0.68238754
    endloop
  endfacet
  facet normal -0.03192180 -0.06179647 0.99757816
    outer loop
      vertex 13.33874516 22.72535724 0.73979958
      vertex 12.73315095 22.72608023 0.72046577
      vertex 12.73241725 22.11176378 0.68238754
    endloop
  endfacet
  facet normal -0.08149379 0.02516664 0.99635606
    outer loop
      vertex 10.30856570 20.88602861 0.69626160
      vertex 10.91489724 21.49961977 0.73035606
      vertex 10.30930177 21.50034510 0.68080498
    endloop
  endfacet
  facet normal -0.13537064 0.02997852 0.99034139
    outer loop
      vertex 12.71994698 11.66838581 0.21563374
      vertex 13.32555199 11.66766311 0.29843630
      vertex 13.32628480 12.28197935 0.27994057
    endloop
  endfacet
  facet normal -0.10559241 0.00012606 0.99440949
    outer loop
      vertex 13.32628480 12.28197935 0.27994057
      vertex 12.72068039 12.28270207 0.21563374
      vertex 12.71994698 11.66838581 0.21563374
    endloop
  endfacet
  facet normal 0.00000000 -0.00000000 1.00000000
    outer loop
      vertex 12.71994698 11.66838581 0.21563374
      vertex 12.72068039 12.28270207 0.21563374
      vertex 12.11507595 12.28342538 0.21563374
    endloop
  endfacet
  facet normal 0.17345872 -0.24522076 0.95382328
    outer loop
      vertex 10.29973423 13.51423154 1.19139450
      vertex 10.30047009 14.12854790 1.34919678
      vertex 9.69486740 14.12927362 1.45951599
    endloop
  endfacet
  facet normal 0.29093427 -0.12725570 0.94824218
    outer loop
      vertex 9.69413094 13.51495725 1.37729965
      vertex 10.29973423 13.51423154 1.19139450
      vertex 9.69486740 14.12927362 1.45951599
    endloop
  endfacet
  facet normal 0.11913466 0.13302203 0.98392686
    outer loop
      vertex 10.90754334 15.35645548 1.02746300
      vertex 11.51387952 15.97004726 0.87109276
      vertex 10.90827866 15.97077186 0.94432144
    endloop
  endfacet
  facet normal 0.23941668 0.01083141 0.97085649
    outer loop
      vertex 11.51314481 15.35573090 0.87812759
      vertex 11.51387952 15.97004726 0.87109276
      vertex 10.90754334 15.35645548 1.02746300
    endloop
  endfacet
  facet normal -0.01535140 0.08248524 0.99647404
    outer loop
      vertex 9.69634037 15.35790641 1.29240997
      vertex 10.30194187 15.35718065 1.30179977
      vertex 10.30267778 15.97149704 1.25095978
    endloop
  endfacet
  facet normal 0.08147167 -0.01318556 0.99658843
    outer loop
      vertex 10.30267778 15.97149704 1.25095978
      vertex 9.69707688 15.97222282 1.30047760
      vertex 9.69634037 15.35790641 1.29240997
    endloop
  endfacet
  facet normal 0.12044856 0.04871501 0.99152357
    outer loop
      vertex 12.72728183 17.81154891 0.42258892
      vertex 12.12241698 18.42658875 0.46584904
      vertex 12.12168280 17.81227236 0.49612049
    endloop
  endfacet
  facet normal 0.38678724 -0.13475416 0.91227022
    outer loop
      vertex 11.51608376 17.81299641 0.75299126
      vertex 11.51534899 17.19868002 0.66256027
      vertex 12.12168280 17.81227236 0.49612049
    endloop
  endfacet
  facet normal 0.33912107 -0.08087326 0.93726006
    outer loop
      vertex 11.51534899 17.19868002 0.66256027
      vertex 12.12094864 17.19795599 0.44337868
      vertex 12.12168280 17.81227236 0.49612049
    endloop
  endfacet
  facet normal 0.38718913 0.13225757 0.91246508
    outer loop
      vertex 11.51681854 18.42731282 0.66363716
      vertex 11.51608376 17.81299641 0.75299126
      vertex 12.12168280 17.81227236 0.49612049
    endloop
  endfacet
  facet normal 0.31017640 0.04641970 0.94954505
    outer loop
      vertex 12.12168280 17.81227236 0.49612049
      vertex 12.12241698 18.42658875 0.46584904
      vertex 11.51681854 18.42731282 0.66363716
    endloop
  endfacet
  facet normal -0.06018680 -0.07646714 0.99525390
    outer loop
      vertex 12.72654827 17.19723254 0.37534554
      vertex 13.33288084 17.81082604 0.45915627
      vertex 12.72728183 17.81154891 0.42258892
    endloop
  endfacet
  facet normal -0.00835444 -0.12721976 0.99183937
    outer loop
      vertex 13.33214788 17.19650969 0.38035389
      vertex 13.33288084 17.81082604 0.45915627
      vertex 12.72654827 17.19723254 0.37534554
    endloop
  endfacet
  facet normal 0.12009348 -0.07626520 0.98982886
    outer loop
      vertex 12.72728183 17.81154891 0.42258892
      vertex 12.12168280 17.81227236 0.49612049
      vertex 12.72654827 17.19723254 0.37534554
    endloop
  endfacet
  facet normal 0.11113207 -0.08514178 0.99015178
    outer loop
      vertex 12.72654827 17.19723254 0.37534554
      vertex 12.12168280 17.81227236 0.49612049
      vertex 12.12094864 17.19795599 0.44337868
    endloop
  endfacet
  facet normal -0.00818226 0.06060343 0.99812839
    outer loop
      vertex 12.72654827 17.19723254 0.37534554
      vertex 12.72581472 16.58291619 0.41263901
      vertex 13.33214788 17.19650969 0.38035389
    endloop
  endfacet
  facet normal 0.11150707 0.06008516 0.99194554
    outer loop
      vertex 12.72654827 17.19723254 0.37534554
      vertex 12.12094864 17.19795599 0.44337868
      vertex 12.72581472 16.58291619 0.41263901
    endloop
  endfacet
  facet normal 0.23259322 0.27917041 0.93164600
    outer loop
      vertex 9.09442460 18.43021500 1.42120148
      vertex 8.48882607 18.43094203 1.57217636
      vertex 8.48808829 17.81662554 1.75644226
    endloop
  endfacet
  facet normal 0.16863309 0.31913822 0.93258441
    outer loop
      vertex 7.88248915 17.81735314 1.86569977
      vertex 8.48735053 17.20230906 1.96679993
      vertex 8.48808829 17.81662554 1.75644226
    endloop
  endfacet
  facet normal 0.16659954 0.35189396 0.92109458
    outer loop
      vertex 8.48808829 17.81662554 1.75644226
      vertex 7.88322753 18.43166964 1.63087341
      vertex 7.88248915 17.81735314 1.86569977
    endloop
  endfacet
  facet normal 0.09278367 0.28596474 0.95373757
    outer loop
      vertex 8.48808829 17.81662554 1.75644226
      vertex 8.48882607 18.43094203 1.57217636
      vertex 7.88322753 18.43166964 1.63087341
    endloop
  endfacet
  facet normal 0.00000000 0.00000000 1.00000000
    outer loop
      vertex 4.84782153 12.29215126 0.52000000
      vertex 4.84708032 11.67783479 0.52000000
      vertex 5.45268554 11.67710439 0.52000000
    endloop
  endfacet
  facet normal -0.00002295 -0.01916785 0.99981628
    outer loop
      vertex 10.90313184 11.67055747 0.22741104
      vertex 10.29679097 11.05696623 0.21563374
      vertex 10.90239665 11.05624117 0.21563374
    endloop
  endfacet
  facet normal -0.00002293 -0.01916785 0.99981628
    outer loop
      vertex 10.90239665 11.05624117 0.21563374
      vertex 11.50800231 11.05551671 0.21563374
      vertex 10.90313184 11.67055747 0.22741104
    endloop
  endfacet
  facet normal 0.01944347 -0.00002325 0.99981096
    outer loop
      vertex 10.90313184 11.67055747 0.22741104
      vertex 11.50800231 11.05551671 0.21563374
      vertex 11.50873690 11.66983299 0.21563374
    endloop
  endfacet
  facet normal 0.01534239 -0.56669238 0.82378660
    outer loop
      vertex 11.50873690 11.66983299 0.21563374
      vertex 10.90386704 12.28487377 0.64999268
      vertex 10.90313184 11.67055747 0.22741104
    endloop
  endfacet
  facet normal 0.44354999 -0.18335438 0.87729389
    outer loop
      vertex 11.50947151 12.28414928 0.34365440
      vertex 10.90386704 12.28487377 0.64999268
      vertex 11.50873690 11.66983299 0.21563374
    endloop
  endfacet
  facet normal 0.20241413 -0.20002137 0.95865529
    outer loop
      vertex 12.11507595 12.28342538 0.21563374
      vertex 11.50947151 12.28414928 0.34365440
      vertex 11.50873690 11.66983299 0.21563374
    endloop
  endfacet
  facet normal 0.00000000 -0.00000000 1.00000000
    outer loop
      vertex 12.71921359 11.05406956 0.21563374
      vertex 12.71994698 11.66838581 0.21563374
      vertex 12.11360796 11.05479284 0.21563374
    endloop
  endfacet
  facet normal -0.09079284 -0.04453582 0.99487347
    outer loop
      vertex 12.71921359 11.05406956 0.21563374
      vertex 13.32481920 11.05334688 0.27086937
      vertex 13.32555199 11.66766311 0.29843630
    endloop
  endfacet
  facet normal -0.13546646 0.00016172 0.99078192
    outer loop
      vertex 13.32555199 11.66766311 0.29843630
      vertex 12.71994698 11.66838581 0.21563374
      vertex 12.71921359 11.05406956 0.21563374
    endloop
  endfacet
  facet normal -0.01960471 0.04818152 0.99864618
    outer loop
      vertex 13.93042480 11.05262478 0.28279303
      vertex 13.32481920 11.05334688 0.27086937
      vertex 13.92969263 10.43830858 0.31241747
    endloop
  endfacet
  facet normal 0.02478208 0.09162121 0.99548551
    outer loop
      vertex 13.32481920 11.05334688 0.27086937
      vertex 13.32408643 10.43903066 0.32742725
      vertex 13.92969263 10.43830858 0.31241747
    endloop
  endfacet
  facet normal -0.00025954 -0.21626038 0.97633569
    outer loop
      vertex 9.08557956 11.05841811 0.65607254
      vertex 8.47923626 10.44482859 0.52000000
      vertex 9.08484259 10.44410178 0.52000000
    endloop
  endfacet
  facet normal 0.14498479 -0.21414145 0.96598284
    outer loop
      vertex 9.08484259 10.44410178 0.52000000
      vertex 9.69044890 10.44337556 0.42894329
      vertex 9.08557956 11.05841811 0.65607254
    endloop
  endfacet
  facet normal 0.20374523 -0.16649673 0.96476252
    outer loop
      vertex 12.11580998 12.89774166 0.32149616
      vertex 11.50947151 12.28414928 0.34365440
      vertex 12.11507595 12.28342538 0.21563374
    endloop
  endfacet
  facet normal 0.35911111 -0.32324833 0.87552826
    outer loop
      vertex 12.11580998 12.89774166 0.32149616
      vertex 11.51020613 12.89846558 0.57016098
      vertex 11.50947151 12.28414928 0.34365440
    endloop
  endfacet
  facet normal 0.25022247 -0.32237975 0.91294031
    outer loop
      vertex 9.69265807 12.28632454 0.94769653
      vertex 9.08779058 12.90136717 1.33066650
      vertex 9.08705356 12.28705081 1.11393959
    endloop
  endfacet
  facet normal 0.25175294 -0.30510346 0.91844017
    outer loop
      vertex 9.08705356 12.28705081 1.11393959
      vertex 9.69192166 11.67200820 0.74382408
      vertex 9.69265807 12.28632454 0.94769653
    endloop
  endfacet
  facet normal 0.37554633 -0.17800717 0.90954846
    outer loop
      vertex 9.08631655 11.67273445 0.99401642
      vertex 9.69192166 11.67200820 0.74382408
      vertex 9.08705356 12.28705081 1.11393959
    endloop
  endfacet
  facet normal 0.09203215 0.29313433 0.95163142
    outer loop
      vertex 9.09000177 14.74431634 1.48359146
      vertex 9.69560388 14.74359001 1.42524750
      vertex 9.09073886 15.35863276 1.29429016
    endloop
  endfacet
  facet normal 0.00328800 0.21134667 0.97740563
    outer loop
      vertex 9.09073886 15.35863276 1.29429016
      vertex 9.69560388 14.74359001 1.42524750
      vertex 9.69634037 15.35790641 1.29240997
    endloop
  endfacet
  facet normal 0.15983398 -0.17667429 0.97120507
    outer loop
      vertex 7.88027411 15.97440369 1.54804031
      vertex 8.48513734 15.35935970 1.33661209
      vertex 8.48587505 15.97367614 1.44824249
    endloop
  endfacet
  facet normal 0.06838197 -0.17844799 0.98157028
    outer loop
      vertex 8.48513734 15.35935970 1.33661209
      vertex 9.09073886 15.35863276 1.29429016
      vertex 8.48587505 15.97367614 1.44824249
    endloop
  endfacet
  facet normal -0.31597261 0.30722620 0.89764880
    outer loop
      vertex 9.08115798 7.37252030 0.84277946
      vertex 9.68676729 7.37179416 1.05620262
      vertex 9.08189487 7.98683657 0.63278507
    endloop
  endfacet
  facet normal -0.13942097 0.16896692 0.97571101
    outer loop
      vertex 9.08189487 7.98683657 0.63278507
      vertex 9.08263177 8.60115285 0.52650730
      vertex 8.47628614 7.98756331 0.54612278
    endloop
  endfacet
  facet normal -0.01068375 0.04249532 0.99903954
    outer loop
      vertex 9.08263177 8.60115285 0.52650730
      vertex 8.47702364 8.60187961 0.52000000
      vertex 8.47628614 7.98756331 0.54612278
    endloop
  endfacet
  facet normal -0.04309461 0.00005178 0.99907099
    outer loop
      vertex 7.87141550 8.60260697 0.52000000
      vertex 7.87067739 7.98829065 0.52000000
      vertex 8.47628614 7.98756331 0.54612278
    endloop
  endfacet
  facet normal 0.00005103 0.04248488 0.99909711
    outer loop
      vertex 8.47628614 7.98756331 0.54612278
      vertex 8.47702364 8.60187961 0.52000000
      vertex 7.87141550 8.60260697 0.52000000
    endloop
  endfacet
  facet normal -0.16568009 0.27304694 0.94762623
    outer loop
      vertex 10.29311227 7.98538485 0.88777428
      vertex 9.68823988 8.60042668 0.60480343
      vertex 9.68750358 7.98611041 0.78168243
    endloop
  endfacet
  facet normal -0.15744901 0.40305621 0.90152953
    outer loop
      vertex 9.68750358 7.98611041 0.78168243
      vertex 9.68676729 7.37179416 1.05620262
      vertex 10.29311227 7.98538485 0.88777428
    endloop
  endfacet
  facet normal -0.21854302 0.39834387 0.89082047
    outer loop
      vertex 9.08189487 7.98683657 0.63278507
      vertex 9.68676729 7.37179416 1.05620262
      vertex 9.68750358 7.98611041 0.78168243
    endloop
  endfacet
  facet normal 0.11715656 -0.06036461 0.99127718
    outer loop
      vertex 15.14017403 9.82255004 0.54620983
      vertex 14.53383572 9.20895476 0.58050606
      vertex 15.13944309 9.20823390 0.50888695
    endloop
  endfacet
  facet normal 0.09025428 0.18333948 0.97889775
    outer loop
      vertex 15.74578078 9.82182976 0.49050785
      vertex 15.14090498 10.43686620 0.43108608
      vertex 15.14017403 9.82255004 0.54620983
    endloop
  endfacet
  facet normal 0.09159253 0.02393970 0.99550876
    outer loop
      vertex 15.14017403 9.82255004 0.54620983
      vertex 15.74505044 9.20751363 0.50534794
      vertex 15.74578078 9.82182976 0.49050785
    endloop
  endfacet
  facet normal 0.00576075 -0.06064918 0.99814252
    outer loop
      vertex 15.13944309 9.20823390 0.50888695
      vertex 15.74505044 9.20751363 0.50534794
      vertex 15.14017403 9.82255004 0.54620983
    endloop
  endfacet
  facet normal 0.00437038 -0.03091476 0.99951247
    outer loop
      vertex 13.32042283 7.36744975 0.78179962
      vertex 13.92603203 7.36672775 0.77912926
      vertex 13.92676411 7.98104390 0.79812675
    endloop
  endfacet
  facet normal 0.02542849 -0.03093013 0.99919804
    outer loop
      vertex 13.92676411 7.98104390 0.79812675
      vertex 13.92603203 7.36672775 0.77912926
      vertex 14.53164121 7.36600635 0.76369484
    endloop
  endfacet
  facet normal 0.02464566 -0.03169978 0.99919353
    outer loop
      vertex 14.53164121 7.36600635 0.76369484
      vertex 14.53237270 7.98032247 0.78316620
      vertex 13.92676411 7.98104390 0.79812675
    endloop
  endfacet
  facet normal -0.00301828 0.18526653 0.98268367
    outer loop
      vertex 15.13798127 7.97960164 0.64987534
      vertex 14.53164121 7.36600635 0.76369484
      vertex 15.13725038 7.36528554 0.76569084
    endloop
  endfacet
  facet normal 0.21480939 -0.03119607 0.97615764
    outer loop
      vertex 14.53237270 7.98032247 0.78316620
      vertex 14.53164121 7.36600635 0.76369484
      vertex 15.13798127 7.97960164 0.64987534
    endloop
  endfacet
  facet normal 0.12851200 0.03907976 0.99093766
    outer loop
      vertex 15.74358982 7.97888141 0.57136402
      vertex 15.13871217 8.59391777 0.62555367
      vertex 15.13798127 7.97960164 0.64987534
    endloop
  endfacet
  facet normal 0.03527847 -0.06140367 0.99748936
    outer loop
      vertex 13.32115551 7.98176591 0.81958992
      vertex 13.32042283 7.36744975 0.78179962
      vertex 13.92676411 7.98104390 0.79812675
    endloop
  endfacet
  facet normal -0.01845401 -0.39834996 0.91704785
    outer loop
      vertex 8.47997383 11.05914494 0.71528198
      vertex 9.08631655 11.67273445 0.99401642
      vertex 8.48071142 11.67346130 0.98214539
    endloop
  endfacet
  facet normal 0.08477355 -0.48033829 0.87297685
    outer loop
      vertex 8.47997383 11.05914494 0.71528198
      vertex 9.08557956 11.05841811 0.65607254
      vertex 9.08631655 11.67273445 0.99401642
    endloop
  endfacet
  facet normal -0.27251758 -0.38308067 0.88260034
    outer loop
      vertex 8.48071142 11.67346130 0.98214539
      vertex 7.87510628 11.67418873 0.79547043
      vertex 8.47997383 11.05914494 0.71528198
    endloop
  endfacet
  facet normal -0.15702094 -0.27797826 0.94766688
    outer loop
      vertex 7.87510628 11.67418873 0.79547043
      vertex 7.87436809 11.05987236 0.61515125
      vertex 8.47997383 11.05914494 0.71528198
    endloop
  endfacet
  facet normal 0.09241057 -0.30175128 0.94889749
    outer loop
      vertex 8.47997383 11.05914494 0.71528198
      vertex 8.47923626 10.44482859 0.52000000
      vertex 9.08557956 11.05841811 0.65607254
    endloop
  endfacet
  facet normal -0.15600888 -0.29906731 0.94139257
    outer loop
      vertex 8.47997383 11.05914494 0.71528198
      vertex 7.87436809 11.05987236 0.61515125
      vertex 8.47923626 10.44482859 0.52000000
    endloop
  endfacet
  facet normal 0.00000000 0.00000000 1.00000000
    outer loop
      vertex 7.26728480 9.83196762 0.52000000
      vertex 7.87362991 10.44555599 0.52000000
      vertex 7.26802355 10.44628399 0.52000000
    endloop
  endfacet
  facet normal -0.00000000 0.00000000 1.00000000
    outer loop
      vertex 7.26728480 9.83196762 0.52000000
      vertex 7.87289176 9.83123964 0.52000000
      vertex 7.87362991 10.44555599 0.52000000
    endloop
  endfacet
  facet normal -0.14655119 -0.33718104 0.92996328
    outer loop
      vertex 6.06199097 14.74795689 1.37759094
      vertex 6.66833266 15.36154408 1.69561432
      vertex 6.06273107 15.36227339 1.60044312
    endloop
  endfacet
  facet normal -0.15396797 -0.13578212 0.97870173
    outer loop
      vertex 6.06273107 15.36227339 1.60044312
      vertex 6.66833266 15.36154408 1.69561432
      vertex 6.06347118 15.97658990 1.68578796
    endloop
  endfacet
  facet normal -0.30440829 -0.13071462 0.94353022
    outer loop
      vertex 6.06347118 15.97658990 1.68578796
      vertex 5.45712946 15.36300329 1.40516083
      vertex 6.06273107 15.36227339 1.60044312
    endloop
  endfacet
  facet normal -0.21872747 -0.25795334 0.94107299
    outer loop
      vertex 5.45638876 14.74868678 1.22364395
      vertex 4.85078654 14.74941726 1.08308800
      vertex 5.45564808 14.13437028 1.05508423
    endloop
  endfacet
  facet normal -0.22028358 -0.23003825 0.94792275
    outer loop
      vertex 4.85152784 15.36373379 1.23234024
      vertex 4.85078654 14.74941726 1.08308800
      vertex 5.45638876 14.74868678 1.22364395
    endloop
  endfacet
  facet normal -0.26429587 -0.27299749 0.92499733
    outer loop
      vertex 5.45638876 14.74868678 1.22364395
      vertex 5.45712946 15.36300329 1.40516083
      vertex 4.85152784 15.36373379 1.23234024
    endloop
  endfacet
  facet normal -0.20970521 -0.08883459 0.97372077
    outer loop
      vertex 1.21568311 13.52517933 1.18707779
      vertex 1.82054239 12.91012875 1.26123085
      vertex 1.82128663 13.52444533 1.31743652
    endloop
  endfacet
  facet normal -0.21008361 -0.06346188 0.97562158
    outer loop
      vertex 1.21642797 14.13949593 1.22719803
      vertex 1.21568311 13.52517933 1.18707779
      vertex 1.82128663 13.52444533 1.31743652
    endloop
  endfacet
  facet normal -0.15885013 -0.01137318 0.98723720
    outer loop
      vertex 1.82128663 13.52444533 1.31743652
      vertex 1.82203089 14.13876192 1.32463333
      vertex 1.21642797 14.13949593 1.22719803
    endloop
  endfacet
  facet normal 0.06176037 -0.01176679 0.99802164
    outer loop
      vertex 2.42763380 14.13802850 1.28714828
      vertex 1.82203089 14.13876192 1.32463333
      vertex 1.82128663 13.52444533 1.31743652
    endloop
  endfacet
  facet normal 0.05488187 -0.00494676 0.99848060
    outer loop
      vertex 1.82128663 13.52444533 1.31743652
      vertex 2.42689014 13.52371193 1.28414566
      vertex 2.42763380 14.13802850 1.28714828
    endloop
  endfacet
  facet normal 0.22246491 0.05825720 0.97319857
    outer loop
      vertex 2.42763380 14.13802850 1.28714828
      vertex 3.03249363 13.52297912 1.18570030
      vertex 3.03323669 14.13729567 1.14875648
    endloop
  endfacet
  facet normal 0.29823298 -0.19646465 0.93405499
    outer loop
      vertex 3.63809710 13.52224690 1.06869499
      vertex 4.24370056 13.52151527 0.87517891
      vertex 4.24444242 14.13583179 1.00415443
    endloop
  endfacet
  facet normal 0.42085042 -0.08362796 0.90326701
    outer loop
      vertex 3.63661223 12.29361386 1.01959869
      vertex 3.03100755 12.29434604 1.30182999
      vertex 3.03026454 11.68002952 1.24530037
    endloop
  endfacet
  facet normal 0.12839616 -0.17547881 0.97607459
    outer loop
      vertex 3.02803562 9.83708003 1.34032715
      vertex 3.02729268 9.22276356 1.22998299
      vertex 3.63364269 9.83634791 1.26053192
    endloop
  endfacet
  facet normal 0.12267405 -0.28442863 0.95081619
    outer loop
      vertex 3.63215803 8.60771501 0.94433815
      vertex 3.63290035 9.22203146 1.12800995
      vertex 3.02654975 8.60844710 1.02269257
    endloop
  endfacet
  facet normal 0.15716884 -0.31591840 0.93567811
    outer loop
      vertex 3.63290035 9.22203146 1.12800995
      vertex 3.02729268 9.22276356 1.22998299
      vertex 3.02654975 8.60844710 1.02269257
    endloop
  endfacet
  facet normal -0.21356515 -0.14917661 0.96547204
    outer loop
      vertex 5.45861091 16.59163635 1.60954758
      vertex 4.85301048 16.59236688 1.47569992
      vertex 4.85226915 15.97805033 1.38061691
    endloop
  endfacet
  facet normal -0.26758171 -0.22576972 0.93671130
    outer loop
      vertex 4.85152784 15.36373379 1.23234024
      vertex 5.45712946 15.36300329 1.40516083
      vertex 4.85226915 15.97805033 1.38061691
    endloop
  endfacet
  facet normal 0.04650597 0.00611490 0.99889930
    outer loop
      vertex 26.64885828 11.65191334 0.03977373
      vertex 26.04325361 11.65262303 0.06796465
      vertex 26.64813869 11.03759747 0.04356785
    endloop
  endfacet
  facet normal 0.01218625 -0.02766449 0.99954298
    outer loop
      vertex 26.64813869 11.03759747 0.04356785
      vertex 26.04325361 11.65262303 0.06796465
      vertex 26.04253343 11.03830714 0.05097092
    endloop
  endfacet
  facet normal -0.00042101 -0.00309506 0.99999512
    outer loop
      vertex 22.40817774 10.42826161 0.04500914
      vertex 22.40745399 9.81394564 0.04310748
      vertex 23.01378370 10.42754840 0.04526190
    endloop
  endfacet
  facet normal -0.00000413 -0.00350700 0.99999385
    outer loop
      vertex 23.01378370 10.42754840 0.04526190
      vertex 22.40745399 9.81394564 0.04310748
      vertex 23.01306054 9.81323246 0.04310748
    endloop
  endfacet
  facet normal 0.00861630 -0.01009851 0.99991189
    outer loop
      vertex 23.01378370 10.42754840 0.04526190
      vertex 23.61866709 9.81251986 0.03383816
      vertex 23.61938964 10.42683579 0.04003616
    endloop
  endfacet
  facet normal 0.01529980 -0.00352460 0.99987674
    outer loop
      vertex 23.01306054 9.81323246 0.04310748
      vertex 23.61866709 9.81251986 0.03383816
      vertex 23.01378370 10.42754840 0.04526190
    endloop
  endfacet
  facet normal 0.00602350 0.00100553 0.99998135
    outer loop
      vertex 23.01016811 7.35596879 0.03748540
      vertex 23.61505458 6.74094039 0.03446024
      vertex 23.61577705 7.35525626 0.03383816
    endloop
  endfacet
  facet normal 0.00000119 0.00101263 0.99999949
    outer loop
      vertex 23.61577705 7.35525626 0.03383816
      vertex 23.61505458 6.74094039 0.03446024
      vertex 24.22138598 7.35454432 0.03383816
    endloop
  endfacet
  facet normal 0.00602231 -0.00000708 0.99998187
    outer loop
      vertex 23.61577705 7.35525626 0.03383816
      vertex 23.61649953 7.96957214 0.03383816
      vertex 23.01016811 7.35596879 0.03748540
    endloop
  endfacet
  facet normal 0.00000000 0.00000000 1.00000000
    outer loop
      vertex 24.22138598 7.35454432 0.03383816
      vertex 23.61649953 7.96957214 0.03383816
      vertex 23.61577705 7.35525626 0.03383816
    endloop
  endfacet
  facet normal 0.00652675 -0.00644935 0.99995790
    outer loop
      vertex 24.22427362 9.81180786 0.03779556
      vertex 24.22355168 9.19749195 0.03383816
      vertex 24.82988013 9.81109644 0.03383816
    endloop
  endfacet
  facet normal -0.00654189 -0.00643400 0.99995790
    outer loop
      vertex 24.22427362 9.81180786 0.03779556
      vertex 23.61866709 9.81251986 0.03383816
      vertex 24.22355168 9.19749195 0.03383816
    endloop
  endfacet
  facet normal -0.04400383 -0.19746833 0.97932115
    outer loop
      vertex 20.59571344 14.11630108 0.47793243
      vertex 19.99011102 14.11701674 0.45086521
      vertex 20.59498779 13.50198500 0.35403038
    endloop
  endfacet
  facet normal 0.03247901 0.00209408 0.99947022
    outer loop
      vertex 19.38741618 16.57499757 0.63977135
      vertex 19.99374256 17.18859741 0.61878242
      vertex 19.38814312 17.18931375 0.63846062
    endloop
  endfacet
  facet normal -0.00372322 0.03786053 0.99927610
    outer loop
      vertex 19.99301622 16.57428125 0.64205490
      vertex 19.99374256 17.18859741 0.61878242
      vertex 19.38741618 16.57499757 0.63977135
    endloop
  endfacet
  facet normal -0.09105527 0.00223252 0.99584334
    outer loop
      vertex 19.38741618 16.57499757 0.63977135
      vertex 19.38814312 17.18931375 0.63846062
      vertex 18.78254367 17.19003068 0.58308582
    endloop
  endfacet
  facet normal 0.17447183 0.28026343 0.94393431
    outer loop
      vertex 17.57790418 22.72031283 0.50680027
      vertex 16.97158058 22.10671534 0.80105309
      vertex 17.57717528 22.10599651 0.68933159
    endloop
  endfacet
  facet normal 0.04263805 0.01959144 0.99889848
    outer loop
      vertex 18.18204168 21.49096196 0.66082626
      vertex 18.18131342 20.87664568 0.67290596
      vertex 18.78763695 21.49024433 0.63499046
    endloop
  endfacet
  facet normal 0.16837013 0.01917965 0.98553723
    outer loop
      vertex 17.57644640 21.49168019 0.76427277
      vertex 18.18131342 20.87664568 0.67290596
      vertex 18.18204168 21.49096196 0.66082626
    endloop
  endfacet
  facet normal -0.13777013 -0.06570300 0.98828260
    outer loop
      vertex 23.02680336 21.48523744 0.22665474
      vertex 21.81633771 22.10098122 0.09884738
      vertex 22.42120821 21.48595094 0.14228004
    endloop
  endfacet
  facet normal -0.01790356 0.05290072 0.99843927
    outer loop
      vertex 21.81633771 22.10098122 0.09884738
      vertex 21.81561304 21.48666502 0.13138295
      vertex 22.42120821 21.48595094 0.14228004
    endloop
  endfacet
  facet normal 0.18491324 -0.04317375 0.98180605
    outer loop
      vertex 22.41758808 18.41437018 0.17084347
      vertex 23.02390962 19.02797288 0.08363138
      vertex 22.41831207 19.02868631 0.19772093
    endloop
  endfacet
  facet normal 0.31958716 -0.04179366 0.94663474
    outer loop
      vertex 22.41831207 19.02868631 0.19772093
      vertex 21.81271450 19.02940033 0.40220428
      vertex 22.41758808 18.41437018 0.17084347
    endloop
  endfacet
  facet normal 0.20076777 -0.11474910 0.97289514
    outer loop
      vertex 23.02463303 19.64228900 0.14497182
      vertex 22.41903608 19.64300245 0.27002766
      vertex 22.41831207 19.02868631 0.19772093
    endloop
  endfacet
  facet normal 0.18413478 -0.09787327 0.97801595
    outer loop
      vertex 22.41831207 19.02868631 0.19772093
      vertex 23.02390962 19.02797288 0.08363138
      vertex 23.02463303 19.64228900 0.14497182
    endloop
  endfacet
  facet normal 0.20800010 -0.11458098 0.97139444
    outer loop
      vertex 22.41831207 19.02868631 0.19772093
      vertex 22.41903608 19.64300245 0.27002766
      vertex 21.81343911 19.64371649 0.39978550
    endloop
  endfacet
  facet normal 0.31991266 0.00335307 0.94744110
    outer loop
      vertex 21.81343911 19.64371649 0.39978550
      vertex 21.81271450 19.02940033 0.40220428
      vertex 22.41831207 19.02868631 0.19772093
    endloop
  endfacet
  facet normal 0.00342510 0.00209351 0.99999194
    outer loop
      vertex 26.65173679 14.10917695 0.03416075
      vertex 26.65101713 13.49486103 0.03544931
      vertex 27.25661998 13.49415189 0.03337652
    endloop
  endfacet
  facet normal 0.00417487 0.00283092 0.99998728
    outer loop
      vertex 27.25661998 13.49415189 0.03337652
      vertex 26.65245646 14.72349288 0.03241865
      vertex 26.65173679 14.10917695 0.03416075
    endloop
  endfacet
  facet normal 0.03598687 -0.03092609 0.99887363
    outer loop
      vertex 23.62517067 15.34136365 0.09327114
      vertex 24.23077180 15.34065150 0.07143083
      vertex 24.23149391 15.95496752 0.09042462
    endloop
  endfacet
  facet normal -0.01949133 0.06245946 0.99785716
    outer loop
      vertex 24.83709442 15.95425595 0.10229847
      vertex 24.23221603 16.56928356 0.05198648
      vertex 24.23149391 15.95496752 0.09042462
    endloop
  endfacet
  facet normal -0.02826296 -0.03085831 0.99912410
    outer loop
      vertex 24.23149391 15.95496752 0.09042462
      vertex 24.23077180 15.34065150 0.07143083
      vertex 24.83637291 15.33993995 0.08853993
    endloop
  endfacet
  facet normal -0.01962433 -0.02236355 0.99955728
    outer loop
      vertex 24.83637291 15.33993995 0.08853993
      vertex 24.83709442 15.95425595 0.10229847
      vertex 24.23149391 15.95496752 0.09042462
    endloop
  endfacet
  facet normal 0.01834991 0.02704954 0.99946566
    outer loop
      vertex 24.23293817 17.18359960 0.04384968
      vertex 24.83781594 16.56857197 0.04938940
      vertex 24.83853748 17.18288799 0.03275030
    endloop
  endfacet
  facet normal 0.03461872 0.02833822 0.99899874
    outer loop
      vertex 26.65461557 16.56644075 0.03375121
      vertex 26.04973605 17.18146656 0.03726615
      vertex 26.04901571 16.56715056 0.05471718
    endloop
  endfacet
  facet normal 0.08047790 -0.01235353 0.99667984
    outer loop
      vertex 20.59789051 15.95924939 0.52953381
      vertex 19.99228989 15.95996511 0.57844250
      vertex 20.59716481 15.34493327 0.52197815
    endloop
  endfacet
  facet normal 0.06890540 -0.01235052 0.99754675
    outer loop
      vertex 20.59716481 15.34493327 0.52197815
      vertex 21.20349112 15.95853427 0.48769318
      vertex 20.59789051 15.95924939 0.52953381
    endloop
  endfacet
  facet normal 0.06891050 -0.00971687 0.99757552
    outer loop
      vertex 20.59789051 15.95924939 0.52953381
      vertex 21.20349112 15.95853427 0.48769318
      vertex 21.20421624 16.57285038 0.49362682
    endloop
  endfacet
  facet normal 0.14588882 -0.08648836 0.98551317
    outer loop
      vertex 21.20421624 16.57285038 0.49362682
      vertex 20.59861624 16.57356552 0.58333858
      vertex 20.59789051 15.95924939 0.52953381
    endloop
  endfacet
  facet normal 0.16447298 -0.08737810 0.98250380
    outer loop
      vertex 22.41469228 15.95710579 0.25453344
      vertex 21.80981623 16.57213583 0.41048798
      vertex 21.80909171 15.95781973 0.35597561
    endloop
  endfacet
  facet normal -0.00126407 -0.00075152 0.99999892
    outer loop
      vertex 22.41107292 12.88552557 0.07013266
      vertex 21.80619378 13.50055547 0.06983026
      vertex 21.80546934 12.88623943 0.06936767
    endloop
  endfacet
  facet normal 0.09836906 -0.00595527 0.99513218
    outer loop
      vertex 23.02029284 15.95639245 0.19466541
      vertex 23.02101616 16.57070851 0.19827023
      vertex 22.41469228 15.95710579 0.25453344
    endloop
  endfacet
  facet normal 0.02685521 -0.00176504 0.99963778
    outer loop
      vertex 23.01884624 14.72776035 0.07043292
      vertex 22.41324448 14.72847367 0.08670363
      vertex 23.01812297 14.11344433 0.06936767
    endloop
  endfacet
  facet normal 0.23000354 -0.08456997 0.96950827
    outer loop
      vertex 22.41396837 15.34278973 0.15882737
      vertex 21.80909171 15.95781973 0.35597561
      vertex 21.80836720 15.34350365 0.30256084
    endloop
  endfacet
  facet normal 0.16310950 -0.15206210 0.97481917
    outer loop
      vertex 22.41469228 15.95710579 0.25453344
      vertex 21.80909171 15.95781973 0.35597561
      vertex 22.41396837 15.34278973 0.15882737
    endloop
  endfacet
  facet normal 0.22929903 -0.11376378 0.96668493
    outer loop
      vertex 21.80836720 15.34350365 0.30256084
      vertex 22.41324448 14.72847367 0.08670363
      vertex 22.41396837 15.34278973 0.15882737
    endloop
  endfacet
  facet normal 0.09703572 -0.15332116 0.98340058
    outer loop
      vertex 22.41396837 15.34278973 0.15882737
      vertex 23.02029284 15.95639245 0.19466541
      vertex 22.41469228 15.95710579 0.25453344
    endloop
  endfacet
  facet normal 0.04992456 -0.10732769 0.99296944
    outer loop
      vertex 23.01956953 15.34207639 0.12830183
      vertex 23.02029284 15.95639245 0.19466541
      vertex 22.41396837 15.34278973 0.15882737
    endloop
  endfacet
  facet normal 0.25196732 0.05164926 0.96635647
    outer loop
      vertex 4.23405794 5.53540156 0.55302700
      vertex 4.23479957 6.14971792 0.52000000
      vertex 3.62844668 5.53613297 0.71089470
    endloop
  endfacet
  facet normal 0.25158953 0.07668588 0.96479116
    outer loop
      vertex 3.62844668 5.53613297 0.71089470
      vertex 3.62770446 4.92181659 0.75991684
      vertex 4.23405794 5.53540156 0.55302700
    endloop
  endfacet
  facet normal 0.16778850 0.16206815 0.97240986
    outer loop
      vertex 4.23405794 5.53540156 0.55302700
      vertex 3.62770446 4.92181659 0.75991684
      vertex 4.23331632 4.92108520 0.65554092
    endloop
  endfacet
  facet normal 0.09302935 0.09148948 0.99145107
    outer loop
      vertex 3.02357824 6.15118138 0.57675781
      vertex 3.62918891 6.15044935 0.52000000
      vertex 3.02432109 6.76549779 0.52000000
    endloop
  endfacet
  facet normal -0.11710027 0.14907509 0.98186768
    outer loop
      vertex 9.70444296 22.11538755 0.60568275
      vertex 9.70517967 22.72970409 0.51250011
      vertex 9.09884806 22.11611409 0.53334751
    endloop
  endfacet
  facet normal 0.09043496 0.42702510 0.89970611
    outer loop
      vertex 9.70223296 20.27243801 0.79422173
      vertex 9.09663625 20.27316449 0.85474915
      vertex 9.70149632 19.65812152 1.08586716
    endloop
  endfacet
  facet normal 0.19522927 0.17726099 0.96460566
    outer loop
      vertex 9.09442460 18.43021500 1.42120148
      vertex 9.69928653 17.81517211 1.41180527
      vertex 9.70002311 18.42948857 1.29876617
    endloop
  endfacet
  facet normal 0.26585723 0.33803838 0.90280119
    outer loop
      vertex 8.49103953 20.27389157 0.94450920
      vertex 7.88618124 20.88893578 0.89233536
      vertex 7.88544279 20.27461923 1.12257309
    endloop
  endfacet
  facet normal 0.25682837 0.41719950 0.87177048
    outer loop
      vertex 8.49030169 19.65957504 1.23871742
      vertex 8.49103953 20.27389157 0.94450920
      vertex 7.88544279 20.27461923 1.12257309
    endloop
  endfacet
  facet normal 0.18447552 0.35452340 0.91666894
    outer loop
      vertex 7.88544279 20.27461923 1.12257309
      vertex 7.88470435 19.66030269 1.36030975
      vertex 8.49030169 19.65957504 1.23871742
    endloop
  endfacet
  facet normal 0.11372721 0.35845006 0.92659575
    outer loop
      vertex 7.27910699 19.66103093 1.43435699
      vertex 7.88470435 19.66030269 1.36030975
      vertex 7.88544279 20.27461923 1.12257309
    endloop
  endfacet
  facet normal 0.09630797 0.43172692 0.89684817
    outer loop
      vertex 9.09589902 19.65884798 1.15054947
      vertex 9.70149632 19.65812152 1.08586716
      vertex 9.09663625 20.27316449 0.85474915
    endloop
  endfacet
  facet normal 0.13070307 0.42810589 0.89422707
    outer loop
      vertex 9.09589902 19.65884798 1.15054947
      vertex 8.49103953 20.27389157 0.94450920
      vertex 8.49030169 19.65957504 1.23871742
    endloop
  endfacet
  facet normal 0.13288371 0.42986052 0.89306319
    outer loop
      vertex 9.09589902 19.65884798 1.15054947
      vertex 9.09663625 20.27316449 0.85474915
      vertex 8.49103953 20.27389157 0.94450920
    endloop
  endfacet
  facet normal 0.19483317 0.18835764 0.96258061
    outer loop
      vertex 9.09442460 18.43021500 1.42120148
      vertex 9.70002311 18.42948857 1.29876617
      vertex 9.09516180 19.04453149 1.30084290
    endloop
  endfacet
  facet normal 0.25293296 0.24558608 0.93579506
    outer loop
      vertex 9.09516180 19.04453149 1.30084290
      vertex 9.70002311 18.42948857 1.29876617
      vertex 9.70075971 19.04380504 1.13734848
    endloop
  endfacet
  facet normal 0.23786295 0.18647413 0.95323062
    outer loop
      vertex 9.09516180 19.04453149 1.30084290
      vertex 8.48882607 18.43094203 1.57217636
      vertex 9.09442460 18.43021500 1.42120148
    endloop
  endfacet
  facet normal 0.20270638 0.22149380 0.95386090
    outer loop
      vertex 9.09516180 19.04453149 1.30084290
      vertex 8.48956387 19.04525853 1.42937057
      vertex 8.48882607 18.43094203 1.57217636
    endloop
  endfacet
  facet normal -0.13280520 -0.01382757 0.99104570
    outer loop
      vertex 18.17621606 16.57643200 0.49327358
      vertex 18.78254367 17.19003068 0.58308582
      vertex 18.17694420 17.19074820 0.50194241
    endloop
  endfacet
  facet normal 0.00716481 -0.08908569 0.99599820
    outer loop
      vertex 13.93628280 15.96715481 0.17723038
      vertex 13.93555049 15.35283852 0.12228897
      vertex 14.54115187 15.35211690 0.11786798
    endloop
  endfacet
  facet normal 0.07569464 -0.02177529 0.99689325
    outer loop
      vertex 14.54115187 15.35211690 0.11786798
      vertex 14.54188358 15.96643318 0.13123102
      vertex 13.93628280 15.96715481 0.17723038
    endloop
  endfacet
  facet normal 0.27110214 -0.08606413 0.95869526
    outer loop
      vertex 13.32994909 15.35356073 0.29360722
      vertex 13.93555049 15.35283852 0.12228897
      vertex 13.93628280 15.96715481 0.17723038
    endloop
  endfacet
  facet normal 0.22760580 -0.04038539 0.97291553
    outer loop
      vertex 13.33068200 15.96787704 0.31893581
      vertex 13.32994909 15.35356073 0.29360722
      vertex 13.93628280 15.96715481 0.17723038
    endloop
  endfacet
  facet normal 0.22296205 -0.20096104 0.95388814
    outer loop
      vertex 13.93628280 15.96715481 0.17723038
      vertex 13.93701513 16.58147112 0.30648071
      vertex 13.33068200 15.96787704 0.31893581
    endloop
  endfacet
  facet normal 0.07387997 -0.20541102 0.97588322
    outer loop
      vertex 13.93628280 15.96715481 0.17723038
      vertex 14.54188358 15.96643318 0.13123102
      vertex 13.93701513 16.58147112 0.30648071
    endloop
  endfacet
  facet normal -0.01610331 -0.02772893 0.99948576
    outer loop
      vertex 22.40962529 11.65689357 0.05339279
      vertex 22.41034910 12.27120956 0.07044754
      vertex 21.80474492 12.27192341 0.06071010
    endloop
  endfacet
  facet normal 0.01419485 0.00206434 0.99989712
    outer loop
      vertex 21.80474492 12.27192341 0.06071010
      vertex 21.80402052 11.65760739 0.06198867
      vertex 22.40962529 11.65689357 0.05339279
    endloop
  endfacet
  facet normal 0.00183565 0.00064925 0.99999810
    outer loop
      vertex 22.40817774 10.42826161 0.04500914
      vertex 21.80329613 11.04329139 0.04572018
      vertex 21.80257176 10.42897540 0.04612035
    endloop
  endfacet
  facet normal 0.01672900 0.00063160 0.99985986
    outer loop
      vertex 21.80257176 10.42897540 0.04612035
      vertex 21.80329613 11.04329139 0.04572018
      vertex 21.19696577 10.42968979 0.05625250
    endloop
  endfacet
  facet normal 0.00982577 -0.00062745 0.99995153
    outer loop
      vertex 21.19624082 9.81537379 0.05169329
      vertex 21.80184741 9.81465942 0.04574200
      vertex 21.80257176 10.42897540 0.04612035
    endloop
  endfacet
  facet normal 0.01671902 -0.00744010 0.99983255
    outer loop
      vertex 21.19696577 10.42968979 0.05625250
      vertex 21.19624082 9.81537379 0.05169329
      vertex 21.80257176 10.42897540 0.04612035
    endloop
  endfacet
  facet normal 0.33491293 0.13021348 0.93320832
    outer loop
      vertex 17.56187240 9.20535636 0.44529758
      vertex 18.16675177 8.59032241 0.31403406
      vertex 18.16747968 9.20463846 0.22805538
    endloop
  endfacet
  facet normal 0.00649028 -0.00213662 0.99997666
    outer loop
      vertex 19.98284923 7.97385630 0.06236650
      vertex 20.58845765 7.97314080 0.05843431
      vertex 19.98357533 8.58817229 0.06367438
    endloop
  endfacet
  facet normal 0.00401114 -0.00457490 0.99998149
    outer loop
      vertex 20.58845765 7.97314080 0.05843431
      vertex 20.58918316 8.58745677 0.06124189
      vertex 19.98357533 8.58817229 0.06367438
    endloop
  endfacet
  facet normal 0.00717211 -0.00213742 0.99997200
    outer loop
      vertex 19.98357533 8.58817229 0.06367438
      vertex 19.37724079 7.97457240 0.06671165
      vertex 19.98284923 7.97385630 0.06236650
    endloop
  endfacet
  facet normal 0.00316085 -0.00753245 0.99996664
    outer loop
      vertex 19.38087447 11.04615255 0.07093596
      vertex 18.77526902 11.04686932 0.07285566
      vertex 19.38014770 10.43183650 0.06631080
    endloop
  endfacet
  facet normal -0.01026944 -0.03946448 0.99916820
    outer loop
      vertex 18.16966355 11.04758669 0.07931464
      vertex 18.17039153 11.66190278 0.10358597
      vertex 17.56478665 11.66262075 0.09738993
    endloop
  endfacet
  facet normal 0.00550901 -0.02396217 0.99969769
    outer loop
      vertex 17.56478665 11.66262075 0.09738993
      vertex 17.56405806 11.04830464 0.08266914
      vertex 18.16966355 11.04758669 0.07931464
    endloop
  endfacet
  facet normal 0.02254016 -0.13660635 0.99036894
    outer loop
      vertex 18.77599641 11.66118541 0.08970384
      vertex 18.77672381 12.27550150 0.17442286
      vertex 18.17039153 11.66190278 0.10358597
    endloop
  endfacet
  facet normal 0.02285209 -0.03949544 0.99895840
    outer loop
      vertex 18.17039153 11.66190278 0.10358597
      vertex 18.16966355 11.04758669 0.07931464
      vertex 18.77599641 11.66118541 0.08970384
    endloop
  endfacet
  facet normal 0.01062822 -0.02742663 0.99956732
    outer loop
      vertex 18.77599641 11.66118541 0.08970384
      vertex 18.16966355 11.04758669 0.07931464
      vertex 18.77526902 11.04686932 0.07285566
    endloop
  endfacet
  facet normal 0.00313622 -0.02741918 0.99961910
    outer loop
      vertex 18.77526902 11.04686932 0.07285566
      vertex 19.38087447 11.04615255 0.07093596
      vertex 18.77599641 11.66118541 0.08970384
    endloop
  endfacet
  facet normal 0.13212351 0.05217195 0.98985932
    outer loop
      vertex 16.35065777 9.20679395 0.55915535
      vertex 16.95699423 9.82039096 0.44588284
      vertex 16.35138751 9.82111006 0.52667953
    endloop
  endfacet
  facet normal -0.08814756 -0.10340439 0.99072576
    outer loop
      vertex 16.35065777 9.20679395 0.55915535
      vertex 15.74505044 9.20751363 0.50534794
      vertex 16.34992806 8.59247785 0.49497280
    endloop
  endfacet
  facet normal -0.05947620 0.05276827 0.99683403
    outer loop
      vertex 16.35065777 9.20679395 0.55915535
      vertex 16.35138751 9.82111006 0.52667953
      vertex 15.74578078 9.82182976 0.49050785
    endloop
  endfacet
  facet normal -0.08844573 0.02416049 0.99578794
    outer loop
      vertex 15.74578078 9.82182976 0.49050785
      vertex 15.74505044 9.20751363 0.50534794
      vertex 16.35065777 9.20679395 0.55915535
    endloop
  endfacet
  facet normal 0.12136292 0.21207094 0.96968910
    outer loop
      vertex 15.74651113 10.43614590 0.41054588
      vertex 16.35211727 10.43542618 0.33490772
      vertex 16.35284704 11.04974232 0.20046549
    endloop
  endfacet
  facet normal -0.12725777 0.16221368 0.97851529
    outer loop
      vertex 14.53603039 11.05190328 0.34401634
      vertex 15.14163595 11.05118237 0.42289600
      vertex 15.14236694 11.66549855 0.32115261
    endloop
  endfacet
  facet normal -0.08193527 0.04154000 0.99577158
    outer loop
      vertex 15.75162409 14.73635921 0.20853071
      vertex 15.14675324 15.35139587 0.13310289
      vertex 15.14602215 14.73707962 0.15866980
    endloop
  endfacet
  facet normal -0.06834459 0.04156644 0.99679549
    outer loop
      vertex 15.14602215 14.73707962 0.15866980
      vertex 15.14675324 15.35139587 0.13310289
      vertex 14.54042018 14.73780063 0.11711705
    endloop
  endfacet
  facet normal -0.08204437 -0.03608768 0.99597510
    outer loop
      vertex 15.14602215 14.73707962 0.15866980
      vertex 15.75089362 14.12204298 0.18621170
      vertex 15.75162409 14.73635921 0.20853071
    endloop
  endfacet
  facet normal -0.07816480 -0.03225237 0.99641861
    outer loop
      vertex 15.14602215 14.73707962 0.15866980
      vertex 15.14529107 14.12276338 0.13872808
      vertex 15.75089362 14.12204298 0.18621170
    endloop
  endfacet
  facet normal -0.03565948 0.00241986 0.99936107
    outer loop
      vertex 14.53895685 13.50916813 0.11857845
      vertex 15.14529107 14.12276338 0.13872808
      vertex 14.53968850 14.12348438 0.11711705
    endloop
  endfacet
  facet normal 0.07128517 0.00228795 0.99745335
    outer loop
      vertex 14.53968850 14.12348438 0.11711705
      vertex 13.93408592 14.12420596 0.16039610
      vertex 14.53895685 13.50916813 0.11857845
    endloop
  endfacet
  facet normal -0.06845291 0.00008153 0.99765435
    outer loop
      vertex 14.53968850 14.12348438 0.11711705
      vertex 15.14602215 14.73707962 0.15866980
      vertex 14.54042018 14.73780063 0.11711705
    endloop
  endfacet
  facet normal -0.03568226 -0.03238148 0.99883843
    outer loop
      vertex 15.14529107 14.12276338 0.13872808
      vertex 15.14602215 14.73707962 0.15866980
      vertex 14.53968850 14.12348438 0.11711705
    endloop
  endfacet
  facet normal 0.07119475 0.06894663 0.99507672
    outer loop
      vertex 13.93481820 14.73852223 0.11777911
      vertex 13.93408592 14.12420596 0.16039610
      vertex 14.53968850 14.12348438 0.11711705
    endloop
  endfacet
  facet normal 0.00109322 -0.00000130 0.99999940
    outer loop
      vertex 14.54042018 14.73780063 0.11711705
      vertex 13.93481820 14.73852223 0.11777911
      vertex 14.53968850 14.12348438 0.11711705
    endloop
  endfacet
  facet normal 0.03256307 0.24621966 0.96866688
    outer loop
      vertex 16.97303960 23.33534804 0.44693710
      vertex 16.97231008 22.72103169 0.60311104
      vertex 17.57863309 23.33462917 0.42676197
    endloop
  endfacet
  facet normal 0.14997022 0.24343285 0.95825330
    outer loop
      vertex 16.97303960 23.33534804 0.44693710
      vertex 16.36744608 23.33606750 0.54153198
      vertex 16.97231008 22.72103169 0.60311104
    endloop
  endfacet
  facet normal 0.19575911 0.28642568 0.93789056
    outer loop
      vertex 16.97231008 22.72103169 0.60311104
      vertex 16.36744608 23.33606750 0.54153198
      vertex 16.36671597 22.72175113 0.72929260
    endloop
  endfacet
  facet normal -0.01062731 0.09815868 0.99511403
    outer loop
      vertex 15.76039114 22.10815479 0.78334290
      vertex 16.36598587 22.10743477 0.78988136
      vertex 16.36671597 22.72175113 0.72929260
    endloop
  endfacet
  facet normal 0.26856902 -0.18206431 0.94589813
    outer loop
      vertex 16.36671597 22.72175113 0.72929260
      vertex 15.76112184 22.72247117 0.90137764
      vertex 15.76039114 22.10815479 0.78334290
    endloop
  endfacet
  facet normal -0.08506651 -0.12543768 0.98844781
    outer loop
      vertex 14.54773788 20.88096383 0.91115402
      vertex 14.54846975 21.49528021 0.98917603
      vertex 13.94287437 21.49600199 0.93714966
    endloop
  endfacet
  facet normal 0.08041682 -0.12568034 0.98880614
    outer loop
      vertex 15.15406511 21.49455903 0.93983299
      vertex 14.54846975 21.49528021 0.98917603
      vertex 14.54773788 20.88096383 0.91115402
    endloop
  endfacet
  facet normal 0.01427965 -0.06075862 0.99805034
    outer loop
      vertex 14.54773788 20.88096383 0.91115402
      vertex 15.15333385 20.88024266 0.90244553
      vertex 15.15406511 21.49455903 0.93983299
    endloop
  endfacet
  facet normal -0.00974327 -0.05376275 0.99850620
    outer loop
      vertex 15.15333385 20.88024266 0.90244553
      vertex 15.75819915 20.26520574 0.87523216
      vertex 15.75892979 20.87952208 0.90831604
    endloop
  endfacet
  facet normal 0.10583763 0.05320396 0.99295908
    outer loop
      vertex 15.75966046 21.49383843 0.87532234
      vertex 15.15406511 21.49455903 0.93983299
      vertex 15.75892979 20.87952208 0.90831604
    endloop
  endfacet
  facet normal -0.00974769 -0.06073343 0.99810642
    outer loop
      vertex 15.75892979 20.87952208 0.90831604
      vertex 15.15406511 21.49455903 0.93983299
      vertex 15.15333385 20.88024266 0.90244553
    endloop
  endfacet
  facet normal -0.17104497 -0.20913622 0.96281133
    outer loop
      vertex 15.75600731 18.42225679 0.60083855
      vertex 15.15040896 18.42297730 0.49340954
      vertex 15.75527673 17.80794049 0.46727058
    endloop
  endfacet
  facet normal 0.00036525 -0.00036092 0.99999987
    outer loop
      vertex 24.22210786 7.96886019 0.03383816
      vertex 24.82843748 8.58246468 0.03383816
      vertex 24.22282976 8.58317606 0.03405962
    endloop
  endfacet
  facet normal -0.00100978 0.00099781 0.99999899
    outer loop
      vertex 24.82771617 7.96814882 0.03445040
      vertex 24.82843748 8.58246468 0.03383816
      vertex 24.22210786 7.96886019 0.03383816
    endloop
  endfacet
  facet normal 0.00317834 -0.00036422 0.99999488
    outer loop
      vertex 24.22282976 8.58317606 0.03405962
      vertex 23.61722204 8.58388804 0.03598472
      vertex 24.22210786 7.96886019 0.03383816
    endloop
  endfacet
  facet normal -0.00000411 -0.00349419 0.99999390
    outer loop
      vertex 23.61722204 8.58388804 0.03598472
      vertex 23.61649953 7.96957214 0.03383816
      vertex 24.22210786 7.96886019 0.03383816
    endloop
  endfacet
  facet normal 0.00000000 0.00000000 1.00000000
    outer loop
      vertex 24.22210786 7.96886019 0.03383816
      vertex 23.61649953 7.96957214 0.03383816
      vertex 24.22138598 7.35454432 0.03383816
    endloop
  endfacet
  facet normal -0.00101118 -0.00019920 0.99999947
    outer loop
      vertex 24.22210786 7.96886019 0.03383816
      vertex 24.82699489 7.35383297 0.03432730
      vertex 24.82771617 7.96814882 0.03445040
    endloop
  endfacet
  facet normal -0.00080768 0.00000095 0.99999967
    outer loop
      vertex 24.22210786 7.96886019 0.03383816
      vertex 24.22138598 7.35454432 0.03383816
      vertex 24.82699489 7.35383297 0.03432730
    endloop
  endfacet
  facet normal -0.04048162 -0.17273764 0.98413563
    outer loop
      vertex 15.74212926 6.75024923 0.72044830
      vertex 15.13651951 6.75096944 0.69566345
      vertex 15.74139901 6.13593316 0.61259216
    endloop
  endfacet
  facet normal -0.04086325 -0.07596508 0.99627280
    outer loop
      vertex 15.74285953 7.36456531 0.76731941
      vertex 15.13651951 6.75096944 0.69566345
      vertex 15.74212926 6.75024923 0.72044830
    endloop
  endfacet
  facet normal 0.02481048 0.01227192 0.99961685
    outer loop
      vertex 18.77235964 8.58960511 0.07417427
      vertex 18.77163233 7.97528909 0.08173405
      vertex 19.37724079 7.97457240 0.06671165
    endloop
  endfacet
  facet normal 0.36027829 -0.20404470 0.91025563
    outer loop
      vertex 18.16675177 8.59032241 0.31403406
      vertex 18.16602386 7.97600637 0.17661587
      vertex 18.77235964 8.58960511 0.07417427
    endloop
  endfacet
  facet normal 0.15478648 0.01197355 0.98787539
    outer loop
      vertex 18.16602386 7.97600637 0.17661587
      vertex 18.77163233 7.97528909 0.08173405
      vertex 18.77235964 8.58960511 0.07417427
    endloop
  endfacet
  facet normal 0.31851733 -0.00004862 0.94791704
    outer loop
      vertex 18.16602386 7.97600637 0.17661587
      vertex 17.56114388 8.59104030 0.37989807
      vertex 17.56041538 7.97672424 0.38011135
    endloop
  endfacet
  facet normal 0.35016273 0.16956580 0.92121306
    outer loop
      vertex 15.74139901 6.13593316 0.61259216
      vertex 16.34627971 5.52089752 0.49587902
      vertex 16.34700935 6.13521356 0.38252579
    endloop
  endfacet
  facet normal 0.00192781 -0.03282689 0.99945919
    outer loop
      vertex 18.76726888 4.28939319 0.37777008
      vertex 19.37215436 3.67436068 0.35640282
      vertex 19.37288094 4.28867660 0.37657841
    endloop
  endfacet
  facet normal 0.08441482 0.04844537 0.99525232
    outer loop
      vertex 18.76726888 4.28939319 0.37777008
      vertex 18.76654170 3.67507725 0.40773449
      vertex 19.37215436 3.67436068 0.35640282
    endloop
  endfacet
  facet normal -0.10121730 0.04858827 0.99367713
    outer loop
      vertex 18.16092903 3.67579442 0.34601089
      vertex 18.76654170 3.67507725 0.40773449
      vertex 18.76726888 4.28939319 0.37777008
    endloop
  endfacet
  facet normal 0.03342251 0.02011584 0.99923885
    outer loop
      vertex 19.37578744 6.74594042 0.07516571
      vertex 18.77090505 7.36097308 0.08301647
      vertex 18.77017778 6.74665708 0.09540770
    endloop
  endfacet
  facet normal 0.00002512 0.02111011 0.99977716
    outer loop
      vertex 14.52798404 4.29442590 0.60067314
      vertex 14.52725266 3.68010984 0.61364433
      vertex 15.13359621 4.29370517 0.60067314
    endloop
  endfacet
  facet normal -0.05631783 0.07669597 0.99546272
    outer loop
      vertex 15.13359621 4.29370517 0.60067314
      vertex 14.52725266 3.68010984 0.61364433
      vertex 15.13286543 3.67938913 0.64796211
    endloop
  endfacet
  facet normal -0.04703641 0.03112252 0.99840822
    outer loop
      vertex 15.73774801 3.06435299 0.70481834
      vertex 16.34409092 3.67794947 0.71425690
      vertex 15.73847818 3.67866900 0.68570320
    endloop
  endfacet
  facet normal -0.06213122 0.03111478 0.99758287
    outer loop
      vertex 15.73847818 3.67866900 0.68570320
      vertex 15.13286543 3.67938913 0.64796211
      vertex 15.73774801 3.06435299 0.70481834
    endloop
  endfacet
  facet normal -0.00527052 0.13185953 0.99125440
    outer loop
      vertex 15.73920836 4.29298502 0.60398899
      vertex 15.13359621 4.29370517 0.60067314
      vertex 15.73847818 3.67866900 0.68570320
    endloop
  endfacet
  facet normal -0.06192425 0.07667711 0.99513115
    outer loop
      vertex 15.73847818 3.67866900 0.68570320
      vertex 15.13359621 4.29370517 0.60067314
      vertex 15.13286543 3.67938913 0.64796211
    endloop
  endfacet
  facet normal 0.10400489 -0.10811212 0.98868334
    outer loop
      vertex 10.28869842 4.29948759 1.48410309
      vertex 9.68308612 4.30021305 1.54789001
      vertex 9.68234994 3.68589687 1.48079224
    endloop
  endfacet
  facet normal 0.19494897 0.01542776 0.98069204
    outer loop
      vertex 10.28649172 2.45653912 1.52407990
      vertex 10.28575619 1.84222298 1.53389023
      vertex 10.89210580 2.45581429 1.40370300
    endloop
  endfacet
  facet normal 0.19439129 -0.07028950 0.97840248
    outer loop
      vertex 10.89210580 2.45581429 1.40370300
      vertex 10.89284075 3.07013042 1.44769012
      vertex 10.28649172 2.45653912 1.52407990
    endloop
  endfacet
  facet normal 0.05103671 0.07356187 0.99598389
    outer loop
      vertex 10.89284075 3.07013042 1.44769012
      vertex 10.28722727 3.07085526 1.47866974
      vertex 10.28649172 2.45653912 1.52407990
    endloop
  endfacet
  facet normal 0.07093657 0.11770305 0.99051199
    outer loop
      vertex 13.92090791 3.06651509 0.70411392
      vertex 13.92017596 2.45219904 0.77716583
      vertex 14.52578995 2.45147777 0.73387985
    endloop
  endfacet
  facet normal 0.27054142 0.11336246 0.95601061
    outer loop
      vertex 13.31529451 3.06723697 0.87541084
      vertex 13.92017596 2.45219904 0.77716583
      vertex 13.92090791 3.06651509 0.70411392
    endloop
  endfacet
  facet normal 0.23107139 0.13968207 0.96285769
    outer loop
      vertex 12.70821482 1.83932730 1.06403023
      vertex 12.70894795 2.45364337 0.97473526
      vertex 12.10333391 2.45436642 1.11996864
    endloop
  endfacet
  facet normal 0.35620504 -0.12247085 0.92634705
    outer loop
      vertex 12.10406766 3.06868251 1.20090424
      vertex 11.49845421 3.06940617 1.43387436
      vertex 12.10333391 2.45436642 1.11996864
    endloop
  endfacet
  facet normal 0.04439406 0.03200507 0.99850130
    outer loop
      vertex 13.91944403 1.83788301 0.76078278
      vertex 13.91871212 1.22356698 0.78050606
      vertex 14.52505862 1.83716175 0.73387985
    endloop
  endfacet
  facet normal 0.07411160 0.06384172 0.99520435
    outer loop
      vertex 11.49625122 1.22645787 1.27932472
      vertex 11.49551693 0.61214179 1.31878738
      vertex 12.10113277 0.61141820 1.27373436
    endloop
  endfacet
  facet normal 0.20654659 0.02548707 0.97810476
    outer loop
      vertex 12.70674861 0.61069520 1.14586517
      vertex 12.70748170 1.22501124 1.12970276
      vertex 12.10113277 0.61141820 1.27373436
    endloop
  endfacet
  facet normal 0.16971835 0.07756172 0.98243568
    outer loop
      vertex 12.70821482 1.83932730 1.06403023
      vertex 12.10333391 2.45436642 1.11996864
      vertex 12.10260018 1.84005033 1.16859467
    endloop
  endfacet
  facet normal -0.02414391 0.05839279 0.99800168
    outer loop
      vertex 13.92383587 5.52377940 0.60067314
      vertex 13.92310386 4.90946330 0.63659889
      vertex 14.52944686 5.52305804 0.61536644
    endloop
  endfacet
  facet normal 0.05917195 -0.02393982 0.99796070
    outer loop
      vertex 14.52944686 5.52305804 0.61536644
      vertex 13.92310386 4.90946330 0.63659889
      vertex 14.52871544 4.90874196 0.60067314
    endloop
  endfacet
  facet normal 0.05921725 -0.00007050 0.99824512
    outer loop
      vertex 14.52871544 4.90874196 0.60067314
      vertex 13.92310386 4.90946330 0.63659889
      vertex 14.52798404 4.29442590 0.60067314
    endloop
  endfacet
  facet normal 0.02947642 -0.08884578 0.99560914
    outer loop
      vertex 14.53090974 6.75169024 0.70633652
      vertex 13.92603203 7.36672775 0.77912926
      vertex 13.92529996 6.75241162 0.72433083
    endloop
  endfacet
  facet normal 0.02525650 -0.09296520 0.99534897
    outer loop
      vertex 14.53090974 6.75169024 0.70633652
      vertex 14.53164121 7.36600635 0.76369484
      vertex 13.92603203 7.36672775 0.77912926
    endloop
  endfacet
  facet normal 0.17045075 -0.01931711 0.98517683
    outer loop
      vertex 15.74066878 5.52161710 0.60067314
      vertex 16.34627971 5.52089752 0.49587902
      vertex 15.74139901 6.13593316 0.61259216
    endloop
  endfacet
  facet normal 0.04683374 -0.01943281 0.99871366
    outer loop
      vertex 15.74139901 6.13593316 0.61259216
      vertex 15.13578866 6.13665335 0.64100571
      vertex 15.74066878 5.52161710 0.60067314
    endloop
  endfacet
  facet normal -0.00007791 -0.06551328 0.99785169
    outer loop
      vertex 15.13578866 6.13665335 0.64100571
      vertex 15.13505783 5.52233728 0.60067314
      vertex 15.74066878 5.52161710 0.60067314
    endloop
  endfacet
  facet normal 0.17040437 0.04174732 0.98448947
    outer loop
      vertex 15.73993856 4.90730106 0.62684963
      vertex 16.34627971 5.52089752 0.49587902
      vertex 15.74066878 5.52161710 0.60067314
    endloop
  endfacet
  facet normal 0.00005063 0.04257210 0.99909340
    outer loop
      vertex 15.74066878 5.52161710 0.60067314
      vertex 15.13505783 5.52233728 0.60067314
      vertex 15.73993856 4.90730106 0.62684963
    endloop
  endfacet
  facet normal 0.33402175 0.15811156 0.92920945
    outer loop
      vertex 12.70968109 3.06795945 0.98332817
      vertex 12.71041426 3.68227554 0.87853439
      vertex 12.10406766 3.06868251 1.20090424
    endloop
  endfacet
  facet normal 0.17539826 -0.01397886 0.98439832
    outer loop
      vertex 12.70968109 3.06795945 0.98332817
      vertex 12.70894795 2.45364337 0.97473526
      vertex 13.31529451 3.06723697 0.87541084
    endloop
  endfacet
  facet normal 0.33539080 -0.12344844 0.93395583
    outer loop
      vertex 12.10406766 3.06868251 1.20090424
      vertex 12.10333391 2.45436642 1.11996864
      vertex 12.70968109 3.06795945 0.98332817
    endloop
  endfacet
  facet normal 0.23316176 -0.01387912 0.97233891
    outer loop
      vertex 12.70968109 3.06795945 0.98332817
      vertex 12.10333391 2.45436642 1.11996864
      vertex 12.70894795 2.45364337 0.97473526
    endloop
  endfacet
  facet normal 0.34019148 0.15142362 0.92808440
    outer loop
      vertex 12.10406766 3.06868251 1.20090424
      vertex 12.71041426 3.68227554 0.87853439
      vertex 12.10480143 3.68299862 1.10040520
    endloop
  endfacet
  facet normal 0.28176405 -0.17126566 0.94407473
    outer loop
      vertex 13.31675966 4.29586914 0.72095551
      vertex 13.31749226 4.91018524 0.83218063
      vertex 12.71114744 4.29659164 0.90183472
    endloop
  endfacet
  facet normal 0.19441949 -0.05749801 0.97923186
    outer loop
      vertex 13.92237186 4.29514722 0.60067314
      vertex 13.92310386 4.90946330 0.63659889
      vertex 13.31675966 4.29586914 0.72095551
    endloop
  endfacet
  facet normal 0.30265526 -0.17015248 0.93778885
    outer loop
      vertex 13.92310386 4.90946330 0.63659889
      vertex 13.31749226 4.91018524 0.83218063
      vertex 13.31675966 4.29586914 0.72095551
    endloop
  endfacet
  facet normal 0.03258525 0.33141452 0.94292238
    outer loop
      vertex 10.89725080 6.75602744 1.36822525
      vertex 10.89798587 7.37034366 1.15228249
      vertex 10.29237659 7.37106861 1.17295616
    endloop
  endfacet
  facet normal -0.00046472 0.30218912 0.95324788
    outer loop
      vertex 10.29237659 7.37106861 1.17295616
      vertex 10.29164092 6.75675238 1.36770020
      vertex 10.89725080 6.75602744 1.36822525
    endloop
  endfacet
  facet normal 0.26876216 -0.01953403 0.96300848
    outer loop
      vertex 12.71261386 5.52522389 0.93873108
      vertex 12.10700283 5.52594702 1.10776329
      vertex 12.71188064 4.91090776 0.92647469
    endloop
  endfacet
  facet normal 0.15367873 -0.03978441 0.98731963
    outer loop
      vertex 12.71114744 4.29659164 0.90183472
      vertex 13.31749226 4.91018524 0.83218063
      vertex 12.71188064 4.91090776 0.92647469
    endloop
  endfacet
  facet normal 0.23461544 -0.18171807 0.95495243
    outer loop
      vertex 3.63290035 9.22203146 1.12800995
      vertex 4.23776629 8.60698352 0.86236717
      vertex 4.23850801 9.22129995 0.97908333
    endloop
  endfacet
  facet normal -0.09523152 0.39195712 0.91504130
    outer loop
      vertex 4.83818716 4.30603806 0.87622505
      vertex 4.23257472 4.30676885 0.81288383
      vertex 4.83744618 3.69172175 1.13928978
    endloop
  endfacet
  facet normal -0.26154796 0.29022097 0.92052401
    outer loop
      vertex 6.65576359 4.91816553 1.02727592
      vertex 6.65502439 4.30384925 1.22074631
      vertex 7.26137537 4.91743709 1.19957771
    endloop
  endfacet
  facet normal -0.23990933 0.36040198 0.90141773
    outer loop
      vertex 6.65650281 5.53248182 0.78185867
      vertex 6.05089162 5.53321087 0.62038578
      vertex 6.65576359 4.91816553 1.02727592
    endloop
  endfacet
  facet normal -0.32143383 0.28192742 0.90398961
    outer loop
      vertex 6.65576359 4.91816553 1.02727592
      vertex 6.05089162 5.53321087 0.62038578
      vertex 6.05015180 4.91889456 0.81170967
    endloop
  endfacet
  facet normal -0.25431027 0.36548580 0.89540294
    outer loop
      vertex 6.65576359 4.91816553 1.02727592
      vertex 7.26137537 4.91743709 1.19957771
      vertex 7.26211399 5.53175336 0.94903572
    endloop
  endfacet
  facet normal -0.24788574 0.35966605 0.89955155
    outer loop
      vertex 7.26211399 5.53175336 0.94903572
      vertex 6.65650281 5.53248182 0.78185867
      vertex 6.65576359 4.91816553 1.02727592
    endloop
  endfacet
  facet normal -0.13332615 0.00796280 0.99104023
    outer loop
      vertex 11.51975783 20.88457857 0.81667061
      vertex 10.91489724 21.49961977 0.73035606
      vertex 10.91416177 20.88530329 0.73519302
    endloop
  endfacet
  facet normal -0.06414222 0.00793406 0.99790923
    outer loop
      vertex 10.91489724 21.49961977 0.73035606
      vertex 10.30856570 20.88602861 0.69626160
      vertex 10.91416177 20.88530329 0.73519302
    endloop
  endfacet
  facet normal -0.00839677 0.16573448 0.98613466
    outer loop
      vertex 9.70223296 20.27243801 0.79422173
      vertex 10.30856570 20.88602861 0.69626160
      vertex 9.70296961 20.88675451 0.69098305
    endloop
  endfacet
  facet normal 0.01300191 -0.05492435 0.99840586
    outer loop
      vertex 13.33581286 20.26809154 0.80484192
      vertex 12.73021625 20.26881447 0.81276817
      vertex 12.72948262 19.65449807 0.77898293
    endloop
  endfacet
  facet normal -0.00067739 -0.18612266 0.98252628
    outer loop
      vertex 13.33581286 20.26809154 0.80484192
      vertex 13.94067703 19.65305283 0.68875046
      vertex 13.94140946 20.26736920 0.80512260
    endloop
  endfacet
  facet normal 0.31518434 0.29619259 0.90162563
    outer loop
      vertex 9.09368742 17.81589853 1.62326797
      vertex 9.69928653 17.81517211 1.41180527
      vertex 9.09442460 18.43021500 1.42120148
    endloop
  endfacet
  facet normal 0.20484766 0.30561194 0.92985955
    outer loop
      vertex 9.09442460 18.43021500 1.42120148
      vertex 8.48808829 17.81662554 1.75644226
      vertex 9.09368742 17.81589853 1.62326797
    endloop
  endfacet
  facet normal 0.68567561 0.37745333 0.62239693
    outer loop
      vertex 4.84633912 11.06351833 0.52000000
      vertex 4.24147507 11.67856577 0.81336395
      vertex 4.24073328 11.06424930 1.18673409
    endloop
  endfacet
  facet normal 0.43595666 -0.00052600 0.89996751
    outer loop
      vertex 4.84633912 11.06351833 0.52000000
      vertex 4.84708032 11.67783479 0.52000000
      vertex 4.24147507 11.67856577 0.81336395
    endloop
  endfacet
  facet normal -0.00047410 -0.39373431 0.91922417
    outer loop
      vertex 6.05829075 11.67637459 0.52000000
      vertex 6.66389594 11.67564538 0.52000000
      vertex 6.66463535 12.28996180 0.78313255
    endloop
  endfacet
  facet normal -0.00000000 0.00000000 1.00000000
    outer loop
      vertex 12.11434195 11.66910910 0.21563374
      vertex 12.71994698 11.66838581 0.21563374
      vertex 12.11507595 12.28342538 0.21563374
    endloop
  endfacet
  facet normal 0.00000000 0.00000000 1.00000000
    outer loop
      vertex 12.11507595 12.28342538 0.21563374
      vertex 11.50873690 11.66983299 0.21563374
      vertex 12.11434195 11.66910910 0.21563374
    endloop
  endfacet
  facet normal 0.00000000 0.00000000 1.00000000
    outer loop
      vertex 12.11360796 11.05479284 0.21563374
      vertex 12.71994698 11.66838581 0.21563374
      vertex 12.11434195 11.66910910 0.21563374
    endloop
  endfacet
  facet normal 0.00000000 0.00000000 1.00000000
    outer loop
      vertex 12.11434195 11.66910910 0.21563374
      vertex 11.50800231 11.05551671 0.21563374
      vertex 12.11360796 11.05479284 0.21563374
    endloop
  endfacet
  facet normal 0.00000000 0.00000000 1.00000000
    outer loop
      vertex 12.11434195 11.66910910 0.21563374
      vertex 11.50873690 11.66983299 0.21563374
      vertex 11.50800231 11.05551671 0.21563374
    endloop
  endfacet
  facet normal -0.02879761 0.34665256 0.93755144
    outer loop
      vertex 13.92822834 9.20967622 0.56163761
      vertex 14.53383572 9.20895476 0.58050606
      vertex 13.92896048 9.82399239 0.33452133
    endloop
  endfacet
  facet normal 0.21040096 -0.24241653 0.94708271
    outer loop
      vertex 9.08852763 13.51568355 1.43716324
      vertex 9.69486740 14.12927362 1.45951599
      vertex 9.08926469 14.12999994 1.59424072
    endloop
  endfacet
  facet normal 0.09735059 -0.13213573 0.98643956
    outer loop
      vertex 9.69413094 13.51495725 1.37729965
      vertex 9.69486740 14.12927362 1.45951599
      vertex 9.08852763 13.51568355 1.43716324
    endloop
  endfacet
  facet normal 0.10877480 -0.13939313 0.98424468
    outer loop
      vertex 9.09147597 15.97294918 1.38121094
      vertex 8.48587505 15.97367614 1.44824249
      vertex 9.09073886 15.35863276 1.29429016
    endloop
  endfacet
  facet normal 0.13211509 -0.01317482 0.99114682
    outer loop
      vertex 9.69634037 15.35790641 1.29240997
      vertex 9.69707688 15.97222282 1.30047760
      vertex 9.09147597 15.97294918 1.38121094
    endloop
  endfacet
  facet normal 0.00290600 -0.14009928 0.99013320
    outer loop
      vertex 9.09147597 15.97294918 1.38121094
      vertex 9.09073886 15.35863276 1.29429016
      vertex 9.69634037 15.35790641 1.29240997
    endloop
  endfacet
  facet normal -0.34432672 0.30404845 0.88825315
    outer loop
      vertex 8.47554865 7.37324703 0.60776939
      vertex 9.08115798 7.37252030 0.84277946
      vertex 9.08189487 7.98683657 0.63278507
    endloop
  endfacet
  facet normal -0.14084381 0.09902056 0.98506748
    outer loop
      vertex 9.08189487 7.98683657 0.63278507
      vertex 8.47628614 7.98756331 0.54612278
      vertex 8.47554865 7.37324703 0.60776939
    endloop
  endfacet
  facet normal -0.13961328 0.22127487 0.96516608
    outer loop
      vertex 8.47554865 7.37324703 0.60776939
      vertex 7.86993930 7.37397435 0.52000000
      vertex 8.47481118 6.75893075 0.74850143
    endloop
  endfacet
  facet normal -0.14342875 0.00017233 0.98966063
    outer loop
      vertex 7.87067739 7.98829065 0.52000000
      vertex 7.86993930 7.37397435 0.52000000
      vertex 8.47554865 7.37324703 0.60776939
    endloop
  endfacet
  facet normal -0.04275984 0.09980797 0.99408750
    outer loop
      vertex 8.47554865 7.37324703 0.60776939
      vertex 8.47628614 7.98756331 0.54612278
      vertex 7.87067739 7.98829065 0.52000000
    endloop
  endfacet
  facet normal -0.00485037 0.25765766 0.96622410
    outer loop
      vertex 13.32262094 9.21039826 0.56185364
      vertex 12.71628020 8.59680470 0.72243347
      vertex 13.32188822 8.59608208 0.72566628
    endloop
  endfacet
  facet normal 0.08868725 0.15043622 0.98463370
    outer loop
      vertex 12.71554690 7.98248851 0.87402748
      vertex 13.32115551 7.98176591 0.81958992
      vertex 13.32188822 8.59608208 0.72566628
    endloop
  endfacet
  facet normal -0.00489670 0.23958449 0.97086317
    outer loop
      vertex 12.71628020 8.59680470 0.72243347
      vertex 12.71554690 7.98248851 0.87402748
      vertex 13.32188822 8.59608208 0.72566628
    endloop
  endfacet
  facet normal 0.00000754 0.00626492 0.99998038
    outer loop
      vertex 6.65798130 6.76111444 0.52384872
      vertex 6.65872057 7.37543076 0.52000000
      vertex 6.05311117 7.37615986 0.52000000
    endloop
  endfacet
  facet normal 0.10180801 0.00403184 0.99479590
    outer loop
      vertex 3.63809710 13.52224690 1.06869499
      vertex 4.24444242 14.13583179 1.00415443
      vertex 3.63883956 14.13656344 1.06612923
    endloop
  endfacet
  facet normal 0.08373473 -0.12132921 0.98907417
    outer loop
      vertex 4.24518430 14.75014833 1.09006439
      vertex 3.63958204 14.75087999 1.14142426
      vertex 3.63883956 14.13656344 1.06612923
    endloop
  endfacet
  facet normal 0.10066630 -0.13791435 0.98531514
    outer loop
      vertex 3.63883956 14.13656344 1.06612923
      vertex 4.24444242 14.13583179 1.00415443
      vertex 4.24518430 14.75014833 1.09006439
    endloop
  endfacet
  facet normal 0.24957693 0.10737117 0.96238391
    outer loop
      vertex 3.63586982 11.67929735 1.08832924
      vertex 3.63661223 12.29361386 1.01959869
      vertex 3.03026454 11.68002952 1.24530037
    endloop
  endfacet
  facet normal -0.23255414 -0.10890057 0.96646740
    outer loop
      vertex 6.06347118 15.97658990 1.68578796
      vertex 5.45861091 16.59163635 1.60954758
      vertex 5.45787017 15.97731982 1.54014877
    endloop
  endfacet
  facet normal -0.25336107 -0.10829076 0.96129146
    outer loop
      vertex 5.45861091 16.59163635 1.60954758
      vertex 4.85226915 15.97805033 1.38061691
      vertex 5.45787017 15.97731982 1.54014877
    endloop
  endfacet
  facet normal -0.22891187 -0.20865459 0.95082208
    outer loop
      vertex 5.45787017 15.97731982 1.54014877
      vertex 5.45712946 15.36300329 1.40516083
      vertex 6.06347118 15.97658990 1.68578796
    endloop
  endfacet
  facet normal -0.24942420 -0.20754657 0.94589217
    outer loop
      vertex 5.45787017 15.97731982 1.54014877
      vertex 4.85226915 15.97805033 1.38061691
      vertex 5.45712946 15.36300329 1.40516083
    endloop
  endfacet
  facet normal -0.00582349 0.00967216 0.99993627
    outer loop
      vertex 24.22571754 11.04043970 0.03763207
      vertex 23.61938964 10.42683579 0.04003616
      vertex 24.22499557 10.42612377 0.04357001
    endloop
  endfacet
  facet normal 0.00981537 0.00965348 0.99990523
    outer loop
      vertex 24.22499557 10.42612377 0.04357001
      vertex 24.83060148 10.42541234 0.03763207
      vertex 24.22571754 11.04043970 0.03763207
    endloop
  endfacet
  facet normal -0.00584669 -0.01008170 0.99993209
    outer loop
      vertex 23.61938964 10.42683579 0.04003616
      vertex 23.61866709 9.81251986 0.03383816
      vertex 24.22499557 10.42612377 0.04357001
    endloop
  endfacet
  facet normal -0.00654521 -0.00939151 0.99993448
    outer loop
      vertex 23.61866709 9.81251986 0.03383816
      vertex 24.22427362 9.81180786 0.03779556
      vertex 24.22499557 10.42612377 0.04357001
    endloop
  endfacet
  facet normal 0.00979703 -0.00618692 0.99993287
    outer loop
      vertex 24.82988013 9.81109644 0.03383816
      vertex 24.83060148 10.42541234 0.03763207
      vertex 24.22499557 10.42612377 0.04357001
    endloop
  endfacet
  facet normal 0.00652312 -0.00940686 0.99993448
    outer loop
      vertex 24.22499557 10.42612377 0.04357001
      vertex 24.22427362 9.81180786 0.03779556
      vertex 24.82988013 9.81109644 0.03383816
    endloop
  endfacet
  facet normal -0.11481880 -0.03186860 0.99287514
    outer loop
      vertex 18.78181613 16.57571449 0.56328381
      vertex 18.78254367 17.19003068 0.58308582
      vertex 18.17621606 16.57643200 0.49327358
    endloop
  endfacet
  facet normal -0.12527859 -0.03181547 0.99161134
    outer loop
      vertex 18.78181613 16.57571449 0.56328381
      vertex 19.38741618 16.57499757 0.63977135
      vertex 18.78254367 17.19003068 0.58308582
    endloop
  endfacet
  facet normal 0.21706855 -0.00594853 0.97613824
    outer loop
      vertex 20.59426215 12.88766893 0.21577072
      vertex 21.19914073 12.27263784 0.07751300
      vertex 21.19986575 12.88695388 0.08109538
    endloop
  endfacet
  facet normal 0.33842449 -0.08311881 0.93731538
    outer loop
      vertex 21.19986575 12.88695388 0.08109538
      vertex 21.20059079 13.50126994 0.13530963
      vertex 20.59498779 13.50198500 0.35403038
    endloop
  endfacet
  facet normal 0.21176896 -0.21482862 0.95341626
    outer loop
      vertex 21.19986575 12.88695388 0.08109538
      vertex 20.59498779 13.50198500 0.35403038
      vertex 20.59426215 12.88766893 0.21577072
    endloop
  endfacet
  facet normal 0.10698143 -0.08753050 0.99040062
    outer loop
      vertex 21.19986575 12.88695388 0.08109538
      vertex 21.80619378 13.50055547 0.06983026
      vertex 21.20059079 13.50126994 0.13530963
    endloop
  endfacet
  facet normal 0.01936078 -0.00077571 0.99981226
    outer loop
      vertex 21.19986575 12.88695388 0.08109538
      vertex 21.80546934 12.88623943 0.06936767
      vertex 21.80619378 13.50055547 0.06983026
    endloop
  endfacet
  facet normal -0.01345907 0.01454595 0.99980361
    outer loop
      vertex 22.41107292 12.88552557 0.07013266
      vertex 23.01667648 12.88481230 0.07829550
      vertex 23.01739972 13.49912831 0.06936767
    endloop
  endfacet
  facet normal 0.00000147 0.00124527 0.99999922
    outer loop
      vertex 23.01739972 13.49912831 0.06936767
      vertex 22.41179676 13.49984159 0.06936767
      vertex 22.41107292 12.88552557 0.07013266
    endloop
  endfacet
  facet normal 0.09117335 -0.08548891 0.99215879
    outer loop
      vertex 23.62517067 15.34136365 0.09327114
      vertex 24.23149391 15.95496752 0.09042462
      vertex 23.62589338 15.95567969 0.14613699
    endloop
  endfacet
  facet normal -0.04028516 0.00257342 0.99918491
    outer loop
      vertex 10.30930177 21.50034510 0.68080498
      vertex 10.91563273 22.11393627 0.70367073
      vertex 10.31003785 22.11466161 0.67925247
    endloop
  endfacet
  facet normal 0.36625021 0.15146196 0.91810678
    outer loop
      vertex 10.30562160 18.42876273 1.06870140
      vertex 9.69928653 17.81517211 1.41180527
      vertex 10.30488562 17.81444629 1.17034004
    endloop
  endfacet
  facet normal 0.35019581 0.16910391 0.92128538
    outer loop
      vertex 10.30562160 18.42876273 1.06870140
      vertex 9.70002311 18.42948857 1.29876617
      vertex 9.69928653 17.81517211 1.41180527
    endloop
  endfacet
  facet normal 0.04820179 0.34047251 0.93901813
    outer loop
      vertex 7.27984603 20.27534749 1.21733543
      vertex 7.28058508 20.88966406 0.99455643
      vertex 6.67424926 20.27607634 1.24815773
    endloop
  endfacet
  facet normal 0.14635747 0.32935505 0.93279405
    outer loop
      vertex 7.27910699 19.66103093 1.43435699
      vertex 7.88544279 20.27461923 1.12257309
      vertex 7.27984603 20.27534749 1.21733543
    endloop
  endfacet
  facet normal 0.15712591 0.33651826 0.92847558
    outer loop
      vertex 7.27984603 20.27534749 1.21733543
      vertex 7.88618124 20.88893578 0.89233536
      vertex 7.28058508 20.88966406 0.99455643
    endloop
  endfacet
  facet normal 0.14539418 0.34706591 0.92650191
    outer loop
      vertex 7.27984603 20.27534749 1.21733543
      vertex 7.88544279 20.27461923 1.12257309
      vertex 7.88618124 20.88893578 0.89233536
    endloop
  endfacet
  facet normal 0.01417377 -0.00403421 0.99989141
    outer loop
      vertex 20.59063421 9.81608876 0.05382140
      vertex 19.98502759 9.81680431 0.06240894
      vertex 19.98430145 9.20248830 0.05994069
    endloop
  endfacet
  facet normal 0.00713764 0.00291936 0.99997027
    outer loop
      vertex 20.58990867 9.20177276 0.05562004
      vertex 20.59063421 9.81608876 0.05382140
      vertex 19.98430145 9.20248830 0.05994069
    endloop
  endfacet
  facet normal 0.02154163 0.00522747 0.99975429
    outer loop
      vertex 18.16893558 10.43327060 0.07285175
      vertex 17.56405806 11.04830464 0.08266914
      vertex 17.56332949 10.43398854 0.08589695
    endloop
  endfacet
  facet normal 0.00552622 -0.01052626 0.99992933
    outer loop
      vertex 18.16893558 10.43327060 0.07285175
      vertex 18.16966355 11.04758669 0.07931464
      vertex 17.56405806 11.04830464 0.08266914
    endloop
  endfacet
  facet normal 0.01065165 -0.01053190 0.99988780
    outer loop
      vertex 18.77526902 11.04686932 0.07285566
      vertex 18.16966355 11.04758669 0.07931464
      vertex 18.16893558 10.43327060 0.07285175
    endloop
  endfacet
  facet normal 0.09066412 -0.17590518 0.98022313
    outer loop
      vertex 19.98793230 12.27406849 0.15040015
      vertex 19.38232806 12.27478470 0.20654305
      vertex 19.38160126 11.66046862 0.09636866
    endloop
  endfacet
  facet normal 0.01720385 -0.10456082 0.99436968
    outer loop
      vertex 19.38160126 11.66046862 0.09636866
      vertex 19.98720610 11.65975243 0.08581562
      vertex 19.98793230 12.27406849 0.15040015
    endloop
  endfacet
  facet normal -0.01104408 -0.04134901 0.99908372
    outer loop
      vertex 19.38160126 11.66046862 0.09636866
      vertex 18.77599641 11.66118541 0.08970384
      vertex 19.38087447 11.04615255 0.07093596
    endloop
  endfacet
  facet normal 0.14170736 -0.12623335 0.98182695
    outer loop
      vertex 16.95626509 9.20607486 0.53279743
      vertex 16.95553597 8.59175878 0.45392014
      vertex 17.56187240 9.20535636 0.44529758
    endloop
  endfacet
  facet normal 0.04322011 0.13990557 0.98922114
    outer loop
      vertex 16.95699423 9.82039096 0.44588284
      vertex 16.35065777 9.20679395 0.55915535
      vertex 16.95626509 9.20607486 0.53279743
    endloop
  endfacet
  facet normal 0.06693314 -0.12714562 0.98962313
    outer loop
      vertex 16.34992806 8.59247785 0.49497280
      vertex 16.95553597 8.59175878 0.45392014
      vertex 16.95626509 9.20607486 0.53279743
    endloop
  endfacet
  facet normal 0.04312367 -0.10386646 0.99365593
    outer loop
      vertex 16.95626509 9.20607486 0.53279743
      vertex 16.35065777 9.20679395 0.55915535
      vertex 16.34992806 8.59247785 0.49497280
    endloop
  endfacet
  facet normal 0.27805333 0.13423897 0.95113945
    outer loop
      vertex 16.95626509 9.20607486 0.53279743
      vertex 17.56260093 9.81967244 0.26894295
      vertex 16.95699423 9.82039096 0.44588284
    endloop
  endfacet
  facet normal 0.13787765 0.27314347 0.95204117
    outer loop
      vertex 17.56187240 9.20535636 0.44529758
      vertex 17.56260093 9.81967244 0.26894295
      vertex 16.95626509 9.20607486 0.53279743
    endloop
  endfacet
  facet normal -0.06153595 0.06071645 0.99625641
    outer loop
      vertex 18.17111954 12.27621889 0.13697267
      vertex 18.77672381 12.27550150 0.17442286
      vertex 18.17184756 12.89053502 0.09957838
    endloop
  endfacet
  facet normal -0.04228615 0.07960849 0.99592890
    outer loop
      vertex 18.17184756 12.89053502 0.09957838
      vertex 18.77672381 12.27550150 0.17442286
      vertex 18.77745123 12.88981761 0.12534905
    endloop
  endfacet
  facet normal -0.05020734 0.06074160 0.99689000
    outer loop
      vertex 18.17184756 12.89053502 0.09957838
      vertex 17.56551525 12.27693688 0.10642828
      vertex 18.17111954 12.27621889 0.13697267
    endloop
  endfacet
  facet normal 0.00001322 0.01114974 0.99993784
    outer loop
      vertex 18.17184756 12.89053502 0.09957838
      vertex 17.56624388 12.89125302 0.09957838
      vertex 17.56551525 12.27693688 0.10642828
    endloop
  endfacet
  facet normal 0.06995223 0.04878937 0.99635650
    outer loop
      vertex 15.74724150 11.05046205 0.38041290
      vertex 15.14163595 11.05118237 0.42289600
      vertex 15.74651113 10.43614590 0.41054588
    endloop
  endfacet
  facet normal 0.28456961 0.04662926 0.95752068
    outer loop
      vertex 15.74651113 10.43614590 0.41054588
      vertex 16.35284704 11.04974232 0.20046549
      vertex 15.74724150 11.05046205 0.38041290
    endloop
  endfacet
  facet normal 0.02050345 0.11584803 0.99305531
    outer loop
      vertex 15.74797189 11.66477821 0.30873281
      vertex 15.14236694 11.66549855 0.32115261
      vertex 15.74724150 11.05046205 0.38041290
    endloop
  endfacet
  facet normal 0.06923567 0.16292247 0.98420663
    outer loop
      vertex 15.74724150 11.05046205 0.38041290
      vertex 15.14236694 11.66549855 0.32115261
      vertex 15.14163595 11.05118237 0.42289600
    endloop
  endfacet
  facet normal 0.02629633 -0.00440825 0.99964447
    outer loop
      vertex 15.14456001 13.50844716 0.10613743
      vertex 14.53822521 12.89485190 0.11938164
      vertex 15.14382897 12.89413094 0.10344764
    endloop
  endfacet
  facet normal -0.01926032 0.11338235 0.99336473
    outer loop
      vertex 15.14382897 12.89413094 0.10344764
      vertex 15.14309795 12.27981474 0.17355133
      vertex 15.74870230 12.27909439 0.18537560
    endloop
  endfacet
  facet normal 0.00466272 0.13654484 0.99062292
    outer loop
      vertex 15.14382897 12.89413094 0.10344764
      vertex 15.74870230 12.27909439 0.18537560
      vertex 15.74943272 12.89341057 0.10069644
    endloop
  endfacet
  facet normal -0.08213673 0.17285987 0.98151568
    outer loop
      vertex 13.93188920 12.28125722 0.33074688
      vertex 13.93262142 12.89557345 0.22261770
      vertex 13.32628480 12.28197935 0.27994057
    endloop
  endfacet
  facet normal -0.10996460 0.01870149 0.99375955
    outer loop
      vertex 13.94360686 22.11031841 0.83203087
      vertex 14.54920163 22.10959661 0.89905663
      vertex 13.94433936 22.72463483 0.82055115
    endloop
  endfacet
  facet normal -0.10868269 0.14441217 0.98353098
    outer loop
      vertex 14.54846975 21.49528021 0.98917603
      vertex 14.54920163 22.10959661 0.89905663
      vertex 13.94360686 22.11031841 0.83203087
    endloop
  endfacet
  facet normal -0.08417629 0.16816251 0.98215870
    outer loop
      vertex 13.94360686 22.11031841 0.83203087
      vertex 13.94287437 21.49600199 0.93714966
      vertex 14.54846975 21.49528021 0.98917603
    endloop
  endfacet
  facet normal 0.01392256 -0.18178362 0.98323999
    outer loop
      vertex 14.54700604 20.26664746 0.79758820
      vertex 15.15333385 20.88024266 0.90244553
      vertex 14.54773788 20.88096383 0.91115402
    endloop
  endfacet
  facet normal -0.08589863 -0.08475994 0.99269188
    outer loop
      vertex 15.15260260 20.26592630 0.84992950
      vertex 15.15333385 20.88024266 0.90244553
      vertex 14.54700604 20.26664746 0.79758820
    endloop
  endfacet
  facet normal 0.01198193 0.09333290 0.99556286
    outer loop
      vertex 16.36306565 19.65016945 0.84201523
      vertex 16.36379568 20.26448577 0.78441498
      vertex 15.75746852 19.65088941 0.84923630
    endloop
  endfacet
  facet normal 0.14812524 -0.04198836 0.98807687
    outer loop
      vertex 15.75746852 19.65088941 0.84923630
      vertex 16.36379568 20.26448577 0.78441498
      vertex 15.75819915 20.26520574 0.87523216
    endloop
  endfacet
  facet normal -0.04175790 -0.04219245 0.99823648
    outer loop
      vertex 15.75746852 19.65088941 0.84923630
      vertex 15.75819915 20.26520574 0.87523216
      vertex 15.15260260 20.26592630 0.84992950
    endloop
  endfacet
  facet normal -0.08248982 -0.08224510 0.99319241
    outer loop
      vertex 15.15260260 20.26592630 0.84992950
      vertex 15.15187137 19.65160996 0.79899796
      vertex 15.75746852 19.65088941 0.84923630
    endloop
  endfacet
  facet normal -0.18497134 -0.15653082 0.97019777
    outer loop
      vertex 15.75527673 17.80794049 0.46727058
      vertex 16.36087566 17.80722059 0.58261383
      vertex 16.36160564 18.42153686 0.68186623
    endloop
  endfacet
  facet normal -0.12988999 -0.21051407 0.96892333
    outer loop
      vertex 16.36160564 18.42153686 0.68186623
      vertex 15.75600731 18.42225679 0.60083855
      vertex 15.75527673 17.80794049 0.46727058
    endloop
  endfacet
  facet normal 0.00354692 0.00144495 0.99999267
    outer loop
      vertex 19.37724079 7.97457240 0.06671165
      vertex 19.98357533 8.58817229 0.06367438
      vertex 19.37796749 8.58888841 0.06582141
    endloop
  endfacet
  facet normal 0.01379289 0.00143270 0.99990385
    outer loop
      vertex 19.37796749 8.58888841 0.06582141
      vertex 18.77235964 8.58960511 0.07417427
      vertex 19.37724079 7.97457240 0.06671165
    endloop
  endfacet
  facet normal 0.12133035 0.00854274 0.99257542
    outer loop
      vertex 16.95480687 7.97744270 0.45929646
      vertex 17.56114388 8.59104030 0.37989807
      vertex 16.95553597 8.59175878 0.45392014
    endloop
  endfacet
  facet normal 0.12964961 0.00019050 0.99155985
    outer loop
      vertex 16.95480687 7.97744270 0.45929646
      vertex 17.56041538 7.97672424 0.38011135
      vertex 17.56114388 8.59104030 0.37989807
    endloop
  endfacet
  facet normal -0.04589701 0.25169761 0.96671701
    outer loop
      vertex 16.34555010 4.90658149 0.65578972
      vertex 16.34627971 5.52089752 0.49587902
      vertex 15.73993856 4.90730106 0.62684963
    endloop
  endfacet
  facet normal -0.04774321 -0.03708834 0.99817085
    outer loop
      vertex 15.73993856 4.90730106 0.62684963
      vertex 15.73920836 4.29298502 0.60398899
      vertex 16.34555010 4.90658149 0.65578972
    endloop
  endfacet
  facet normal 0.15525468 0.17607222 0.97205687
    outer loop
      vertex 16.94897467 3.06291455 0.57321400
      vertex 17.55531634 3.67651218 0.36522732
      vertex 16.94970364 3.67723053 0.46182426
    endloop
  endfacet
  facet normal 0.21524334 0.17398472 0.96093685
    outer loop
      vertex 16.94970364 3.67723053 0.46182426
      vertex 16.34336135 3.06363347 0.70873711
      vertex 16.94897467 3.06291455 0.57321400
    endloop
  endfacet
  facet normal 0.38471387 -0.00875024 0.92299440
    outer loop
      vertex 16.34409092 3.67794947 0.71425690
      vertex 16.34336135 3.06363347 0.70873711
      vertex 16.94970364 3.67723053 0.46182426
    endloop
  endfacet
  facet normal -0.02583274 0.25185670 0.96741970
    outer loop
      vertex 16.34627971 5.52089752 0.49587902
      vertex 16.34555010 4.90658149 0.65578972
      vertex 16.95189063 5.52017853 0.51223766
    endloop
  endfacet
  facet normal 0.04333061 0.18679216 0.98144340
    outer loop
      vertex 16.95189063 5.52017853 0.51223766
      vertex 16.34555010 4.90658149 0.65578972
      vertex 16.95116162 4.90586252 0.62918888
    endloop
  endfacet
  facet normal 0.00195982 -0.00663110 0.99997609
    outer loop
      vertex 18.76799608 4.90370915 0.38184235
      vertex 18.76726888 4.28939319 0.37777008
      vertex 19.37288094 4.28867660 0.37657841
    endloop
  endfacet
  facet normal -0.07130824 0.21904842 0.97310479
    outer loop
      vertex 18.76945053 6.13234109 0.23363853
      vertex 18.77017778 6.74665708 0.09540770
      vertex 18.16384026 6.13305832 0.18909851
    endloop
  endfacet
  facet normal -0.08668041 0.23002207 0.96931747
    outer loop
      vertex 9.07821061 4.91525532 1.33846817
      vertex 9.07894742 5.52957155 1.19275490
      vertex 8.47259888 4.91598199 1.28413940
    endloop
  endfacet
  facet normal -0.24027526 0.22430402 0.94443396
    outer loop
      vertex 9.68382232 4.91452925 1.49271545
      vertex 9.07894742 5.52957155 1.19275490
      vertex 9.07821061 4.91525532 1.33846817
    endloop
  endfacet
  facet normal -0.14056398 0.15541999 0.97779670
    outer loop
      vertex 7.86624913 4.30239300 1.42706619
      vertex 8.47112409 3.68734954 1.61178116
      vertex 8.47186148 4.30166576 1.51424210
    endloop
  endfacet
  facet normal -0.07797992 0.15642611 0.98460652
    outer loop
      vertex 8.47112409 3.68734954 1.61178116
      vertex 9.07747381 4.30093911 1.56232147
      vertex 8.47186148 4.30166576 1.51424210
    endloop
  endfacet
  facet normal -0.06644065 0.35006293 0.93436694
    outer loop
      vertex 8.47259888 4.91598199 1.28413940
      vertex 7.86698713 4.91670924 1.24080330
      vertex 8.47186148 4.30166576 1.51424210
    endloop
  endfacet
  facet normal -0.13611982 0.28760834 0.94802576
    outer loop
      vertex 8.47186148 4.30166576 1.51424210
      vertex 7.86698713 4.91670924 1.24080330
      vertex 7.86624913 4.30239300 1.42706619
    endloop
  endfacet
  facet normal -0.08417337 0.16242696 0.98312376
    outer loop
      vertex 9.07673702 3.68662291 1.66375275
      vertex 9.07747381 4.30093911 1.56232147
      vertex 8.47112409 3.68734954 1.61178116
    endloop
  endfacet
  facet normal 0.13447614 -0.13818352 0.98123467
    outer loop
      vertex 10.28796283 3.68517142 1.39769211
      vertex 10.28869842 4.29948759 1.48410309
      vertex 9.68234994 3.68589687 1.48079224
    endloop
  endfacet
  facet normal 0.13587598 0.04115131 0.98987084
    outer loop
      vertex 10.28796283 3.68517142 1.39769211
      vertex 9.68234994 3.68589687 1.48079224
      vertex 9.68161377 3.07158069 1.50643188
    endloop
  endfacet
  facet normal 0.04555766 0.13049770 0.99040136
    outer loop
      vertex 9.68161377 3.07158069 1.50643188
      vertex 10.28722727 3.07085526 1.47866974
      vertex 10.28796283 3.68517142 1.39769211
    endloop
  endfacet
  facet normal -0.06520866 0.06051615 0.99603495
    outer loop
      vertex 14.52652129 3.06579380 0.69660370
      vertex 14.52578995 2.45147777 0.73387985
      vertex 15.13213466 3.06507310 0.73629593
    endloop
  endfacet
  facet normal 0.01244942 0.06054825 0.99808763
    outer loop
      vertex 14.52652129 3.06579380 0.69660370
      vertex 13.92090791 3.06651509 0.70411392
      vertex 14.52578995 2.45147777 0.73387985
    endloop
  endfacet
  facet normal -0.06456812 0.14210652 0.98774323
    outer loop
      vertex 15.13213466 3.06507310 0.73629593
      vertex 15.13286543 3.67938913 0.64796211
      vertex 14.52652129 3.06579380 0.69660370
    endloop
  endfacet
  facet normal -0.05590904 0.13368472 0.98944559
    outer loop
      vertex 15.13286543 3.67938913 0.64796211
      vertex 14.52725266 3.68010984 0.61364433
      vertex 14.52652129 3.06579380 0.69660370
    endloop
  endfacet
  facet normal -0.02106145 0.13382362 0.99078134
    outer loop
      vertex 14.52652129 3.06579380 0.69660370
      vertex 14.52725266 3.68010984 0.61364433
      vertex 13.92163988 3.68083115 0.60067314
    endloop
  endfacet
  facet normal 0.01242568 0.16601893 0.98604428
    outer loop
      vertex 13.92163988 3.68083115 0.60067314
      vertex 13.92090791 3.06651509 0.70411392
      vertex 14.52652129 3.06579380 0.69660370
    endloop
  endfacet
  facet normal 0.31380796 -0.16830361 0.93445089
    outer loop
      vertex 11.49771987 2.45509006 1.32347672
      vertex 12.10333391 2.45436642 1.11996864
      vertex 11.49845421 3.06940617 1.43387436
    endloop
  endfacet
  facet normal 0.13090926 -0.07096174 0.98885145
    outer loop
      vertex 11.49771987 2.45509006 1.32347672
      vertex 10.89284075 3.07013042 1.44769012
      vertex 10.89210580 2.45581429 1.40370300
    endloop
  endfacet
  facet normal 0.02223600 -0.17685682 0.98398538
    outer loop
      vertex 11.49771987 2.45509006 1.32347672
      vertex 11.49845421 3.06940617 1.43387436
      vertex 10.89284075 3.07013042 1.44769012
    endloop
  endfacet
  facet normal 0.13126512 0.04012355 0.99053499
    outer loop
      vertex 10.89210580 2.45581429 1.40370300
      vertex 11.49698554 1.84077396 1.34845810
      vertex 11.49771987 2.45509006 1.32347672
    endloop
  endfacet
  facet normal 0.28453250 0.03861276 0.95788847
    outer loop
      vertex 11.49698554 1.84077396 1.34845810
      vertex 12.10260018 1.84005033 1.16859467
      vertex 11.49771987 2.45509006 1.32347672
    endloop
  endfacet
  facet normal 0.31772857 0.07444191 0.94525497
    outer loop
      vertex 11.49771987 2.45509006 1.32347672
      vertex 12.10260018 1.84005033 1.16859467
      vertex 12.10333391 2.45436642 1.11996864
    endloop
  endfacet
  facet normal 0.13369994 0.12255304 0.98341501
    outer loop
      vertex 11.49625122 1.22645787 1.27932472
      vertex 12.10113277 0.61141820 1.27373436
      vertex 12.10186647 1.22573426 1.19707863
    endloop
  endfacet
  facet normal 0.10987595 0.12294305 0.98631247
    outer loop
      vertex 12.10186647 1.22573426 1.19707863
      vertex 12.10113277 0.61141820 1.27373436
      vertex 12.70748170 1.22501124 1.12970276
    endloop
  endfacet
  facet normal 0.13360897 -0.11098627 0.98479982
    outer loop
      vertex 12.10186647 1.22573426 1.19707863
      vertex 11.49698554 1.84077396 1.34845810
      vertex 11.49625122 1.22645787 1.27932472
    endloop
  endfacet
  facet normal 0.28447427 0.04406449 0.95767046
    outer loop
      vertex 12.10186647 1.22573426 1.19707863
      vertex 12.10260018 1.84005033 1.16859467
      vertex 11.49698554 1.84077396 1.34845810
    endloop
  endfacet
  facet normal 0.35090127 -0.06976117 0.93381030
    outer loop
      vertex 13.31895751 6.13881747 0.87391747
      vertex 13.92383587 5.52377940 0.60067314
      vertex 13.92456791 6.13809551 0.64629112
    endloop
  endfacet
  facet normal 0.20203972 -0.12366031 0.97153903
    outer loop
      vertex 13.92456791 6.13809551 0.64629112
      vertex 13.92529996 6.75241162 0.72433083
      vertex 13.31969016 6.75313361 0.85036438
    endloop
  endfacet
  facet normal 0.35164723 0.03544651 0.93546126
    outer loop
      vertex 13.31969016 6.75313361 0.85036438
      vertex 13.31895751 6.13881747 0.87391747
      vertex 13.92456791 6.13809551 0.64629112
    endloop
  endfacet
  facet normal 0.21622944 -0.11121522 0.96998763
    outer loop
      vertex 13.31822487 5.52450135 0.80364555
      vertex 13.31895751 6.13881747 0.87391747
      vertex 12.71261386 5.52522389 0.93873108
    endloop
  endfacet
  facet normal 0.31579846 -0.10820522 0.94263618
    outer loop
      vertex 13.31822487 5.52450135 0.80364555
      vertex 13.92383587 5.52377940 0.60067314
      vertex 13.31895751 6.13881747 0.87391747
    endloop
  endfacet
  facet normal 0.21764162 -0.01972881 0.97582934
    outer loop
      vertex 12.71261386 5.52522389 0.93873108
      vertex 12.71188064 4.91090776 0.92647469
      vertex 13.31822487 5.52450135 0.80364555
    endloop
  endfacet
  facet normal 0.15373957 0.04566554 0.98705562
    outer loop
      vertex 13.31822487 5.52450135 0.80364555
      vertex 12.71188064 4.91090776 0.92647469
      vertex 13.31749226 4.91018524 0.83218063
    endloop
  endfacet
  facet normal 0.30707281 0.04379293 0.95067790
    outer loop
      vertex 13.31822487 5.52450135 0.80364555
      vertex 13.31749226 4.91018524 0.83218063
      vertex 13.92310386 4.90946330 0.63659889
    endloop
  endfacet
  facet normal 0.31735841 0.05498629 0.94671017
    outer loop
      vertex 13.92310386 4.90946330 0.63659889
      vertex 13.92383587 5.52377940 0.60067314
      vertex 13.31822487 5.52450135 0.80364555
    endloop
  endfacet
  facet normal -0.04318286 0.00005137 0.99906718
    outer loop
      vertex 15.73993856 4.90730106 0.62684963
      vertex 15.13505783 5.52233728 0.60067314
      vertex 15.13432701 4.90802122 0.60067314
    endloop
  endfacet
  facet normal -0.04319722 -0.03710143 0.99837743
    outer loop
      vertex 15.13432701 4.90802122 0.60067314
      vertex 15.73920836 4.29298502 0.60398899
      vertex 15.73993856 4.90730106 0.62684963
    endloop
  endfacet
  facet normal -0.00547511 0.00000651 0.99998501
    outer loop
      vertex 15.13432701 4.90802122 0.60067314
      vertex 15.13359621 4.29370517 0.60067314
      vertex 15.73920836 4.29298502 0.60398899
    endloop
  endfacet
  facet normal -0.00000000 0.00000000 1.00000000
    outer loop
      vertex 14.52798404 4.29442590 0.60067314
      vertex 15.13359621 4.29370517 0.60067314
      vertex 15.13432701 4.90802122 0.60067314
    endloop
  endfacet
  facet normal 0.00000000 0.00000000 1.00000000
    outer loop
      vertex 15.13432701 4.90802122 0.60067314
      vertex 14.52871544 4.90874196 0.60067314
      vertex 14.52798404 4.29442590 0.60067314
    endloop
  endfacet
  facet normal 0.15500640 -0.21045069 0.96523755
    outer loop
      vertex 12.71261386 5.52522389 0.93873108
      vertex 12.71334709 6.13954003 1.07255264
      vertex 12.10773666 6.14026317 1.16996460
    endloop
  endfacet
  facet normal 0.26744940 -0.09738440 0.95863815
    outer loop
      vertex 12.10773666 6.14026317 1.16996460
      vertex 12.10700283 5.52594702 1.10776329
      vertex 12.71261386 5.52522389 0.93873108
    endloop
  endfacet
  facet normal 0.33507781 -0.28237508 0.89888107
    outer loop
      vertex 12.10773666 6.14026317 1.16996460
      vertex 11.50212621 6.14098691 1.39594666
      vertex 11.50139178 5.52667074 1.20323875
    endloop
  endfacet
  facet normal 0.15483584 -0.09970606 0.98289601
    outer loop
      vertex 11.50139178 5.52667074 1.20323875
      vertex 12.10700283 5.52594702 1.10776329
      vertex 12.10773666 6.14026317 1.16996460
    endloop
  endfacet
  facet normal 0.34706874 -0.04574029 0.93672361
    outer loop
      vertex 5.44972328 9.21983870 0.52000000
      vertex 4.84485679 9.83488545 0.77414398
      vertex 4.84411565 9.22056903 0.74442146
    endloop
  endfacet
  facet normal 0.36088420 -0.04550422 0.93149984
    outer loop
      vertex 4.84411565 9.22056903 0.74442146
      vertex 4.84485679 9.83488545 0.77414398
      vertex 4.23850801 9.22129995 0.97908333
    endloop
  endfacet
  facet normal 0.46861932 -0.30362743 0.82958201
    outer loop
      vertex 4.23776629 8.60698352 0.86236717
      vertex 4.84337453 8.60625261 0.52000000
      vertex 4.84411565 9.22056903 0.74442146
    endloop
  endfacet
  facet normal 0.35555540 -0.17487195 0.91815040
    outer loop
      vertex 4.84411565 9.22056903 0.74442146
      vertex 4.23850801 9.22129995 0.97908333
      vertex 4.23776629 8.60698352 0.86236717
    endloop
  endfacet
  facet normal 0.00000000 0.00000000 1.00000000
    outer loop
      vertex 3.62993117 6.76476575 0.52000000
      vertex 3.62918891 6.15044935 0.52000000
      vertex 4.23554122 6.76403431 0.52000000
    endloop
  endfacet
  facet normal -0.00000000 0.00000000 1.00000000
    outer loop
      vertex 3.62918891 6.15044935 0.52000000
      vertex 4.23479957 6.14971792 0.52000000
      vertex 4.23554122 6.76403431 0.52000000
    endloop
  endfacet
  facet normal -0.10198802 0.08348406 0.99127638
    outer loop
      vertex 12.12755673 22.72680382 0.56835823
      vertex 12.12682243 22.11248735 0.62001965
      vertex 12.73241725 22.11176378 0.68238754
    endloop
  endfacet
  facet normal -0.24323650 -0.05971857 0.96812690
    outer loop
      vertex 12.12755673 22.72680382 0.56835823
      vertex 12.73241725 22.11176378 0.68238754
      vertex 12.73315095 22.72608023 0.72046577
    endloop
  endfacet
  facet normal -0.06412987 -0.05155981 0.99660872
    outer loop
      vertex 10.91342632 20.27098682 0.70336388
      vertex 10.91416177 20.88530329 0.73519302
      vertex 10.30856570 20.88602861 0.69626160
    endloop
  endfacet
  facet normal 0.17259852 -0.18205646 0.96802128
    outer loop
      vertex 13.93921222 18.42442011 0.58327339
      vertex 14.54481060 18.42369841 0.47515926
      vertex 14.54554239 19.03801475 0.59056370
    endloop
  endfacet
  facet normal -0.04274121 0.03037022 0.99862447
    outer loop
      vertex 14.54554239 19.03801475 0.59056370
      vertex 13.93994461 19.03873646 0.56462212
      vertex 13.93921222 18.42442011 0.58327339
    endloop
  endfacet
  facet normal -0.13374646 -0.22079808 0.96610563
    outer loop
      vertex 13.33434682 19.03945877 0.64010025
      vertex 13.33361382 18.42514240 0.49960018
      vertex 13.93921222 18.42442011 0.58327339
    endloop
  endfacet
  facet normal 0.12365687 0.02996684 0.99187246
    outer loop
      vertex 13.93921222 18.42442011 0.58327339
      vertex 13.93994461 19.03873646 0.56462212
      vertex 13.33434682 19.03945877 0.64010025
    endloop
  endfacet
  facet normal -0.08278294 -0.12321190 0.98892154
    outer loop
      vertex 14.54773788 20.88096383 0.91115402
      vertex 13.94287437 21.49600199 0.93714966
      vertex 13.94214191 20.88168559 0.86054932
    endloop
  endfacet
  facet normal 0.38695889 -0.00046647 0.92209685
    outer loop
      vertex 5.45046382 9.83415510 0.52000000
      vertex 4.84485679 9.83488545 0.77414398
      vertex 5.44972328 9.21983870 0.52000000
    endloop
  endfacet
  facet normal 0.46149083 -0.00055633 0.88714480
    outer loop
      vertex 5.45046382 9.83415510 0.52000000
      vertex 5.45120437 10.44847152 0.52000000
      vertex 4.84559795 10.44920188 0.83503563
    endloop
  endfacet
  facet normal 0.38524289 -0.09148454 0.91826929
    outer loop
      vertex 4.84559795 10.44920188 0.83503563
      vertex 4.84485679 9.83488545 0.77414398
      vertex 5.45046382 9.83415510 0.52000000
    endloop
  endfacet
  facet normal 0.51720045 -0.23635606 0.82258101
    outer loop
      vertex 4.23850801 9.22129995 0.97908333
      vertex 4.84485679 9.83488545 0.77414398
      vertex 4.23924975 9.83561639 1.15513138
    endloop
  endfacet
  facet normal -0.00005356 -0.04451958 0.99900851
    outer loop
      vertex 7.26802355 10.44628399 0.52000000
      vertex 7.26876233 11.06060037 0.54737629
      vertex 6.66241718 10.44701257 0.52000000
    endloop
  endfacet
  facet normal -0.04515862 0.00005435 0.99897983
    outer loop
      vertex 6.66241718 10.44701257 0.52000000
      vertex 7.26876233 11.06060037 0.54737629
      vertex 6.66315655 11.06132897 0.52000000
    endloop
  endfacet
  facet normal 0.00000000 0.00000000 1.00000000
    outer loop
      vertex 6.05755076 11.06205817 0.52000000
      vertex 6.05681078 10.44774175 0.52000000
      vertex 6.66241718 10.44701257 0.52000000
    endloop
  endfacet
  facet normal 0.00000000 0.00000000 1.00000000
    outer loop
      vertex 6.66315655 11.06132897 0.52000000
      vertex 6.05755076 11.06205817 0.52000000
      vertex 6.66241718 10.44701257 0.52000000
    endloop
  endfacet
  facet normal -0.16581715 -0.16307185 0.97258020
    outer loop
      vertex 4.84782153 12.29215126 0.52000000
      vertex 5.45268554 11.67710439 0.52000000
      vertex 5.45342615 12.29142085 0.62312828
    endloop
  endfacet
  facet normal -0.07306526 -0.27484050 0.95870964
    outer loop
      vertex 6.05977079 12.90500748 0.91894821
      vertex 6.66537478 12.90427823 0.96489349
      vertex 6.66611422 13.51859468 1.14106056
    endloop
  endfacet
  facet normal -0.13494727 0.12233814 0.98327138
    outer loop
      vertex 15.14090498 10.43686620 0.43108608
      vertex 14.53529881 10.43758709 0.34788109
      vertex 14.53456726 9.82327092 0.42421360
    endloop
  endfacet
  facet normal -0.19401195 0.18091813 0.96417218
    outer loop
      vertex 14.53456726 9.82327092 0.42421360
      vertex 15.14017403 9.82255004 0.54620983
      vertex 15.14090498 10.43686620 0.43108608
    endloop
  endfacet
  facet normal -0.05786737 0.12316904 0.99069711
    outer loop
      vertex 14.53529881 10.43758709 0.34788109
      vertex 13.92969263 10.43830858 0.31241747
      vertex 14.53456726 9.82327092 0.42421360
    endloop
  endfacet
  facet normal -0.14636980 0.03574493 0.98858393
    outer loop
      vertex 13.92969263 10.43830858 0.31241747
      vertex 13.92896048 9.82399239 0.33452133
      vertex 14.53456726 9.82327092 0.42421360
    endloop
  endfacet
  facet normal -0.19131986 0.24222175 0.95117051
    outer loop
      vertex 14.53383572 9.20895476 0.58050606
      vertex 15.14017403 9.82255004 0.54620983
      vertex 14.53456726 9.82327092 0.42421360
    endloop
  endfacet
  facet normal -0.14178381 0.24423005 0.95929611
    outer loop
      vertex 14.53456726 9.82327092 0.42421360
      vertex 13.92896048 9.82399239 0.33452133
      vertex 14.53383572 9.20895476 0.58050606
    endloop
  endfacet
  facet normal 0.36025965 0.03441338 0.93221709
    outer loop
      vertex 12.71774686 9.82543711 0.58440121
      vertex 13.32335368 9.82471445 0.35038830
      vertex 13.32408643 10.43903066 0.32742725
    endloop
  endfacet
  facet normal 0.38467325 -0.13036842 0.91380007
    outer loop
      vertex 3.63735465 12.90793037 1.04288841
      vertex 4.24295871 12.90719876 0.78784897
      vertex 4.24370056 13.52151527 0.87517891
    endloop
  endfacet
  facet normal 0.30408832 -0.04035084 0.95178890
    outer loop
      vertex 3.63735465 12.90793037 1.04288841
      vertex 4.24370056 13.52151527 0.87517891
      vertex 3.63809710 13.52224690 1.06869499
    endloop
  endfacet
  facet normal 0.22935371 0.17724839 0.95706838
    outer loop
      vertex 3.03175058 12.90866257 1.18788094
      vertex 3.03100755 12.29434604 1.30182999
      vertex 3.63735465 12.90793037 1.04288841
    endloop
  endfacet
  facet normal 0.42212193 -0.03485308 0.90586883
    outer loop
      vertex 3.03100755 12.29434604 1.30182999
      vertex 3.63661223 12.29361386 1.01959869
      vertex 3.63735465 12.90793037 1.04288841
    endloop
  endfacet
  facet normal 0.29944829 0.24213581 0.92287647
    outer loop
      vertex 9.70075971 19.04380504 1.13734848
      vertex 9.70002311 18.42948857 1.29876617
      vertex 10.30635760 19.04307918 0.94103889
    endloop
  endfacet
  facet normal 0.34884399 0.19028312 0.91766018
    outer loop
      vertex 9.70002311 18.42948857 1.29876617
      vertex 10.30562160 18.42876273 1.06870140
      vertex 10.30635760 19.04307918 0.94103889
    endloop
  endfacet
  facet normal -0.00122654 -0.01184701 0.99992907
    outer loop
      vertex 19.38014770 10.43183650 0.06631080
      vertex 18.77526902 11.04686932 0.07285566
      vertex 18.77454165 10.43255325 0.06557644
    endloop
  endfacet
  facet normal 0.01199752 -0.01186183 0.99985767
    outer loop
      vertex 18.77526902 11.04686932 0.07285566
      vertex 18.16893558 10.43327060 0.07285175
      vertex 18.77454165 10.43255325 0.06557644
    endloop
  endfacet
  facet normal 0.01203944 0.02633966 0.99958055
    outer loop
      vertex 18.16820762 9.81895452 0.08904819
      vertex 18.77454165 10.43255325 0.06557644
      vertex 18.16893558 10.43327060 0.07285175
    endloop
  endfacet
  facet normal -0.06675130 -0.15308686 0.98595572
    outer loop
      vertex 18.17257560 13.50485115 0.10329775
      vertex 18.77817867 13.50413372 0.14418697
      vertex 18.77890613 14.11844985 0.23961954
    endloop
  endfacet
  facet normal 0.06334783 0.07633572 0.99506779
    outer loop
      vertex 16.35503646 12.89269080 0.09970377
      vertex 15.74870230 12.27909439 0.18537560
      vertex 16.35430663 12.27837463 0.14687694
    endloop
  endfacet
  facet normal 0.00178608 0.13654946 0.99063164
    outer loop
      vertex 15.74943272 12.89341057 0.10069644
      vertex 15.74870230 12.27909439 0.18537560
      vertex 16.35503646 12.89269080 0.09970377
    endloop
  endfacet
  facet normal 0.07592203 0.23286077 0.96954201
    outer loop
      vertex 15.14236694 11.66549855 0.32115261
      vertex 15.14309795 12.27981474 0.17355133
      vertex 14.53676197 11.66621948 0.36840263
    endloop
  endfacet
  facet normal -0.04397741 0.01790547 0.99887205
    outer loop
      vertex 14.53676197 11.66621948 0.36840263
      vertex 13.93188920 12.28125722 0.33074688
      vertex 13.93115699 11.66694099 0.34172668
    endloop
  endfacet
  facet normal -0.04401834 -0.03957462 0.99824658
    outer loop
      vertex 14.53676197 11.66621948 0.36840263
      vertex 13.93115699 11.66694099 0.34172668
      vertex 14.53603039 11.05190328 0.34401634
    endloop
  endfacet
  facet normal 0.07767677 -0.03963792 0.99619032
    outer loop
      vertex 14.53603039 11.05190328 0.34401634
      vertex 15.14236694 11.66549855 0.32115261
      vertex 14.53676197 11.66621948 0.36840263
    endloop
  endfacet
  facet normal 0.00793347 0.00694185 0.99994443
    outer loop
      vertex 22.40383548 6.74236601 0.03542420
      vertex 21.79822590 6.74307971 0.04022410
      vertex 21.79750165 6.12876380 0.04449457
    endloop
  endfacet
  facet normal -0.00325766 0.01799877 0.99983270
    outer loop
      vertex 21.79750165 6.12876380 0.04449457
      vertex 22.40311183 6.12805012 0.04648062
      vertex 22.40383548 6.74236601 0.03542420
    endloop
  endfacet
  facet normal -0.00316173 0.08884826 0.99604016
    outer loop
      vertex 21.79677742 5.51444791 0.09929016
      vertex 22.40311183 6.12805012 0.04648062
      vertex 21.79750165 6.12876380 0.04449457
    endloop
  endfacet
  facet normal 0.12917266 -0.07717863 0.98861412
    outer loop
      vertex 17.56041538 7.97672424 0.38011135
      vertex 16.95480687 7.97744270 0.45929646
      vertex 16.95407779 7.36312664 0.41143360
    endloop
  endfacet
  facet normal 0.00739626 0.14379099 0.98958044
    outer loop
      vertex 18.16384026 6.13305832 0.18909851
      vertex 18.77017778 6.74665708 0.09540770
      vertex 18.16456811 6.74737432 0.09982988
    endloop
  endfacet
  facet normal 0.07563389 0.14330384 0.98678444
    outer loop
      vertex 18.16456811 6.74737432 0.09982988
      vertex 17.55895842 6.74809216 0.14614369
      vertex 18.16384026 6.13305832 0.18909851
    endloop
  endfacet
  facet normal 0.00732424 0.02015745 0.99976999
    outer loop
      vertex 18.16456811 6.74737432 0.09982988
      vertex 18.77017778 6.74665708 0.09540770
      vertex 18.77090505 7.36097308 0.08301647
    endloop
  endfacet
  facet normal 0.14477104 0.20991399 0.96694233
    outer loop
      vertex 18.16384026 6.13305832 0.18909851
      vertex 17.55895842 6.74809216 0.14614369
      vertex 17.55822997 6.13377614 0.27961493
    endloop
  endfacet
  facet normal 0.16463581 0.21465290 0.96271449
    outer loop
      vertex 17.55750154 5.51946013 0.41671127
      vertex 18.16311243 5.51874233 0.31330454
      vertex 17.55822997 6.13377614 0.27961493
    endloop
  endfacet
  facet normal 0.14518377 0.19591085 0.96981473
    outer loop
      vertex 17.55822997 6.13377614 0.27961493
      vertex 18.16311243 5.51874233 0.31330454
      vertex 18.16384026 6.13305832 0.18909851
    endloop
  endfacet
  facet normal -0.03278455 -0.05186549 0.99811580
    outer loop
      vertex 16.34482050 4.29226548 0.62384380
      vertex 16.34555010 4.90658149 0.65578972
      vertex 15.73920836 4.29298502 0.60398899
    endloop
  endfacet
  facet normal -0.04642241 0.14550527 0.98826777
    outer loop
      vertex 16.34482050 4.29226548 0.62384380
      vertex 15.73847818 3.67866900 0.68570320
      vertex 16.34409092 3.67794947 0.71425690
    endloop
  endfacet
  facet normal -0.03232468 0.13182405 0.99074595
    outer loop
      vertex 15.73920836 4.29298502 0.60398899
      vertex 15.73847818 3.67866900 0.68570320
      vertex 16.34482050 4.29226548 0.62384380
    endloop
  endfacet
  facet normal -0.03030164 -0.01535314 0.99942288
    outer loop
      vertex 18.16165681 4.29011038 0.35403255
      vertex 18.76799608 4.90370915 0.38184235
      vertex 18.16238461 4.90442635 0.36349174
    endloop
  endfacet
  facet normal -0.03917278 -0.00657734 0.99921080
    outer loop
      vertex 18.76726888 4.28939319 0.37777008
      vertex 18.76799608 4.90370915 0.38184235
      vertex 18.16165681 4.29011038 0.35403255
    endloop
  endfacet
  facet normal -0.03917791 -0.01300033 0.99914768
    outer loop
      vertex 18.16092903 3.67579442 0.34601089
      vertex 18.76726888 4.28939319 0.37777008
      vertex 18.16165681 4.29011038 0.35403255
    endloop
  endfacet
  facet normal -0.00820012 -0.01662215 0.99982822
    outer loop
      vertex 19.37360754 4.90299254 0.38679737
      vertex 18.76799608 4.90370915 0.38184235
      vertex 19.37288094 4.28867660 0.37657841
    endloop
  endfacet
  facet normal 0.13612271 0.06937547 0.98825991
    outer loop
      vertex 19.37360754 4.90299254 0.38679737
      vertex 19.97921898 4.90227652 0.30343084
      vertex 19.37433415 5.51730849 0.34357254
    endloop
  endfacet
  facet normal -0.01060027 0.16583450 0.98609663
    outer loop
      vertex 19.37433415 5.51730849 0.34357254
      vertex 18.76945053 6.13234109 0.23363853
      vertex 18.76872330 5.51802511 0.33694187
    endloop
  endfacet
  facet normal -0.01083801 0.07019764 0.99747422
    outer loop
      vertex 18.76872330 5.51802511 0.33694187
      vertex 19.37360754 4.90299254 0.38679737
      vertex 19.37433415 5.51730849 0.34357254
    endloop
  endfacet
  facet normal -0.00807355 0.07290288 0.99730637
    outer loop
      vertex 18.76799608 4.90370915 0.38184235
      vertex 19.37360754 4.90299254 0.38679737
      vertex 18.76872330 5.51802511 0.33694187
    endloop
  endfacet
  facet normal 0.16713733 0.01911117 0.98574838
    outer loop
      vertex 19.37506079 6.13162445 0.17683392
      vertex 19.98067103 6.13090840 0.07416431
      vertex 19.98139708 6.74522435 0.06213118
    endloop
  endfacet
  facet normal 0.02142236 0.16321514 0.98635790
    outer loop
      vertex 19.37506079 6.13162445 0.17683392
      vertex 19.98139708 6.74522435 0.06213118
      vertex 19.37578744 6.74594042 0.07516571
    endloop
  endfacet
  facet normal 0.03315075 0.16314937 0.98604427
    outer loop
      vertex 19.37578744 6.74594042 0.07516571
      vertex 18.77017778 6.74665708 0.09540770
      vertex 19.37506079 6.13162445 0.17683392
    endloop
  endfacet
  facet normal 0.09138708 0.21850532 0.97154713
    outer loop
      vertex 18.77017778 6.74665708 0.09540770
      vertex 18.76945053 6.13234109 0.23363853
      vertex 19.37506079 6.13162445 0.17683392
    endloop
  endfacet
  facet normal 0.09046216 0.26077071 0.96115308
    outer loop
      vertex 19.37506079 6.13162445 0.17683392
      vertex 18.76945053 6.13234109 0.23363853
      vertex 19.37433415 5.51730849 0.34357254
    endloop
  endfacet
  facet normal -0.01525683 0.07428619 0.99712025
    outer loop
      vertex 10.89357571 3.68444656 1.37879822
      vertex 11.49845421 3.06940617 1.43387436
      vertex 11.49918858 3.68372230 1.38811859
    endloop
  endfacet
  facet normal 0.02279812 0.11138956 0.99351528
    outer loop
      vertex 10.89284075 3.07013042 1.44769012
      vertex 11.49845421 3.06940617 1.43387436
      vertex 10.89357571 3.68444656 1.37879822
    endloop
  endfacet
  facet normal 0.14939403 -0.09702162 0.98400621
    outer loop
      vertex 12.10700283 5.52594702 1.10776329
      vertex 11.50065736 4.91235458 1.13932068
      vertex 12.10626901 4.91163087 1.04730400
    endloop
  endfacet
  facet normal 0.19463992 -0.09630109 0.97613595
    outer loop
      vertex 12.10626901 4.91163087 1.04730400
      vertex 12.71188064 4.91090776 0.92647469
      vertex 12.10700283 5.52594702 1.10776329
    endloop
  endfacet
  facet normal 0.14858754 0.15473623 0.97671820
    outer loop
      vertex 11.50065736 4.91235458 1.13932068
      vertex 11.49992296 4.29803843 1.23675522
      vertex 12.10626901 4.91163087 1.04730400
    endloop
  endfacet
  facet normal 0.15701585 0.14639725 0.97668514
    outer loop
      vertex 12.10626901 4.91163087 1.04730400
      vertex 11.49992296 4.29803843 1.23675522
      vertex 12.10553521 4.29731474 1.13950302
    endloop
  endfacet
  facet normal 0.36196917 0.13793436 0.92192865
    outer loop
      vertex 12.10626901 4.91163087 1.04730400
      vertex 12.10553521 4.29731474 1.13950302
      vertex 12.71114744 4.29659164 0.90183472
    endloop
  endfacet
  facet normal 0.19546150 -0.03953724 0.97991408
    outer loop
      vertex 12.71114744 4.29659164 0.90183472
      vertex 12.71188064 4.91090776 0.92647469
      vertex 12.10626901 4.91163087 1.04730400
    endloop
  endfacet
  facet normal 0.00000000 0.00000000 1.00000000
    outer loop
      vertex 4.84337453 8.60625261 0.52000000
      vertex 5.44824225 7.99120592 0.52000000
      vertex 5.44898275 8.60552230 0.52000000
    endloop
  endfacet
  facet normal 0.34748045 -0.00041887 0.93768713
    outer loop
      vertex 5.44972328 9.21983870 0.52000000
      vertex 4.84411565 9.22056903 0.74442146
      vertex 5.44898275 8.60552230 0.52000000
    endloop
  endfacet
  facet normal -0.00041380 -0.34313812 0.93928487
    outer loop
      vertex 5.44898275 8.60552230 0.52000000
      vertex 4.84411565 9.22056903 0.74442146
      vertex 4.84337453 8.60625261 0.52000000
    endloop
  endfacet
  facet normal -0.00000000 0.00000000 1.00000000
    outer loop
      vertex 4.84263342 7.99193621 0.52000000
      vertex 5.44824225 7.99120592 0.52000000
      vertex 4.84337453 8.60625261 0.52000000
    endloop
  endfacet
  facet normal 0.00000000 -0.00000000 1.00000000
    outer loop
      vertex 5.44750176 7.37688955 0.52000000
      vertex 5.44824225 7.99120592 0.52000000
      vertex 4.84263342 7.99193621 0.52000000
    endloop
  endfacet
  facet normal 0.00000000 0.00000000 1.00000000
    outer loop
      vertex 4.84263342 7.99193621 0.52000000
      vertex 4.84189234 7.37761983 0.52000000
      vertex 5.44750176 7.37688955 0.52000000
    endloop
  endfacet
  facet normal -0.00635498 0.00000765 0.99997981
    outer loop
      vertex 6.65798130 6.76111444 0.52384872
      vertex 6.05311117 7.37615986 0.52000000
      vertex 6.05237130 6.76184352 0.52000000
    endloop
  endfacet
  facet normal 0.05528317 0.10391164 0.99304891
    outer loop
      vertex 10.30782965 20.27171212 0.76058403
      vertex 10.30856570 20.88602861 0.69626160
      vertex 9.70223296 20.27243801 0.79422173
    endloop
  endfacet
  facet normal 0.09368371 0.10356739 0.99020056
    outer loop
      vertex 10.30782965 20.27171212 0.76058403
      vertex 10.91342632 20.27098682 0.70336388
      vertex 10.30856570 20.88602861 0.69626160
    endloop
  endfacet
  facet normal -0.23054553 -0.08012589 0.96975698
    outer loop
      vertex 14.54627421 19.65233110 0.65508568
      vertex 15.15187137 19.65160996 0.79899796
      vertex 15.15260260 20.26592630 0.84992950
    endloop
  endfacet
  facet normal -0.08416499 -0.22507233 0.97070011
    outer loop
      vertex 15.15260260 20.26592630 0.84992950
      vertex 14.54700604 20.26664746 0.79758820
      vertex 14.54627421 19.65233110 0.65508568
    endloop
  endfacet
  facet normal 0.12310404 -0.06583878 0.99020738
    outer loop
      vertex 13.33507983 19.65377515 0.76408722
      vertex 13.94067703 19.65305283 0.68875046
      vertex 13.33581286 20.26809154 0.80484192
    endloop
  endfacet
  facet normal 0.02445635 -0.06620529 0.99750626
    outer loop
      vertex 13.33581286 20.26809154 0.80484192
      vertex 12.72948262 19.65449807 0.77898293
      vertex 13.33507983 19.65377515 0.76408722
    endloop
  endfacet
  facet normal 0.12080529 -0.19674449 0.97298391
    outer loop
      vertex 13.33507983 19.65377515 0.76408722
      vertex 13.93994461 19.03873646 0.56462212
      vertex 13.94067703 19.65305283 0.68875046
    endloop
  endfacet
  facet normal 0.12103457 -0.19652420 0.97299993
    outer loop
      vertex 13.33507983 19.65377515 0.76408722
      vertex 13.33434682 19.03945877 0.64010025
      vertex 13.93994461 19.03873646 0.56462212
    endloop
  endfacet
  facet normal 0.02361224 -0.23612939 0.97143470
    outer loop
      vertex 13.33507983 19.65377515 0.76408722
      vertex 12.72948262 19.65449807 0.77898293
      vertex 12.72874901 19.04018167 0.62967712
    endloop
  endfacet
  facet normal -0.01710481 -0.19779134 0.98009490
    outer loop
      vertex 12.72874901 19.04018167 0.62967712
      vertex 13.33434682 19.03945877 0.64010025
      vertex 13.33507983 19.65377515 0.76408722
    endloop
  endfacet
  facet normal -0.07620626 -0.08950858 0.99306637
    outer loop
      vertex 13.94140946 20.26736920 0.80512260
      vertex 13.94214191 20.88168559 0.86054932
      vertex 13.33654591 20.88240795 0.81414200
    endloop
  endfacet
  facet normal -0.00048149 -0.01513660 0.99988532
    outer loop
      vertex 13.33581286 20.26809154 0.80484192
      vertex 13.94140946 20.26736920 0.80512260
      vertex 13.33654591 20.88240795 0.81414200
    endloop
  endfacet
  facet normal -0.10072257 0.09731329 0.99014397
    outer loop
      vertex 13.33654591 20.88240795 0.81414200
      vertex 12.73094990 20.88313090 0.75246658
      vertex 12.73021625 20.26881447 0.81276817
    endloop
  endfacet
  facet normal 0.01306763 -0.01515147 0.99979981
    outer loop
      vertex 13.33654591 20.88240795 0.81414200
      vertex 12.73021625 20.26881447 0.81276817
      vertex 13.33581286 20.26809154 0.80484192
    endloop
  endfacet
  facet normal -0.00809081 0.00000975 0.99996727
    outer loop
      vertex 6.66167782 9.83269619 0.52490002
      vertex 6.05681078 10.44774175 0.52000000
      vertex 6.05607083 9.83342535 0.52000000
    endloop
  endfacet
  facet normal 0.00000960 0.00797611 0.99996819
    outer loop
      vertex 6.66167782 9.83269619 0.52490002
      vertex 6.66241718 10.44701257 0.52000000
      vertex 6.05681078 10.44774175 0.52000000
    endloop
  endfacet
  facet normal 0.00809081 -0.00000973 0.99996727
    outer loop
      vertex 6.66167782 9.83269619 0.52490002
      vertex 7.26728480 9.83196762 0.52000000
      vertex 7.26802355 10.44628399 0.52000000
    endloop
  endfacet
  facet normal 0.00000960 0.00797611 0.99996819
    outer loop
      vertex 7.26802355 10.44628399 0.52000000
      vertex 6.66241718 10.44701257 0.52000000
      vertex 6.66167782 9.83269619 0.52490002
    endloop
  endfacet
  facet normal -0.10248937 -0.30478746 0.94688993
    outer loop
      vertex 6.05903076 12.29069103 0.71781792
      vertex 6.05829075 11.67637459 0.52000000
      vertex 6.66463535 12.28996180 0.78313255
    endloop
  endfacet
  facet normal -0.15754866 -0.19475923 0.96811531
    outer loop
      vertex 6.05977079 12.90500748 0.91894821
      vertex 6.66611422 13.51859468 1.14106056
      vertex 6.06051083 13.51932394 1.04265289
    endloop
  endfacet
  facet normal -0.04095724 0.00004901 0.99916090
    outer loop
      vertex 10.90239665 11.05624117 0.21563374
      vertex 10.90166147 10.44192489 0.21563374
      vertex 11.50726774 10.44120045 0.24045856
    endloop
  endfacet
  facet normal 0.00004830 0.04037749 0.99918450
    outer loop
      vertex 11.50800231 11.05551671 0.21563374
      vertex 10.90239665 11.05624117 0.21563374
      vertex 11.50726774 10.44120045 0.24045856
    endloop
  endfacet
  facet normal 0.07165177 0.32423386 0.94325947
    outer loop
      vertex 12.71848022 10.43975333 0.37318184
      vertex 12.71774686 9.82543711 0.58440121
      vertex 13.32408643 10.43903066 0.32742725
    endloop
  endfacet
  facet normal 0.07513051 0.09133070 0.99298243
    outer loop
      vertex 12.71848022 10.43975333 0.37318184
      vertex 13.32408643 10.43903066 0.32742725
      vertex 13.32481920 11.05334688 0.27086937
    endloop
  endfacet
  facet normal -0.08770990 0.24756224 0.96489373
    outer loop
      vertex 13.32481920 11.05334688 0.27086937
      vertex 12.71921359 11.05406956 0.21563374
      vertex 12.71848022 10.43975333 0.37318184
    endloop
  endfacet
  facet normal -0.00121571 -0.00262580 0.99999581
    outer loop
      vertex 19.38014770 10.43183650 0.06631080
      vertex 18.77454165 10.43255325 0.06557644
      vertex 19.37942095 9.81752046 0.06469684
    endloop
  endfacet
  facet normal -0.06874791 -0.15114981 0.98611737
    outer loop
      vertex 18.17330366 14.11916730 0.19750948
      vertex 18.17257560 13.50485115 0.10329775
      vertex 18.77890613 14.11844985 0.23961954
    endloop
  endfacet
  facet normal 0.08269196 -0.30144106 0.94989227
    outer loop
      vertex 18.77963360 14.73276600 0.33944687
      vertex 18.17403173 14.73348345 0.39239464
      vertex 18.17330366 14.11916730 0.19750948
    endloop
  endfacet
  facet normal -0.06866226 -0.15993980 0.98473588
    outer loop
      vertex 18.77890613 14.11844985 0.23961954
      vertex 18.77963360 14.73276600 0.33944687
      vertex 18.17330366 14.11916730 0.19750948
    endloop
  endfacet
  facet normal -0.00444712 -0.30237987 0.95317713
    outer loop
      vertex 18.17330366 14.11916730 0.19750948
      vertex 18.17403173 14.73348345 0.39239464
      vertex 17.56842985 14.73420150 0.38979694
    endloop
  endfacet
  facet normal -0.04205591 -0.12381714 0.99141344
    outer loop
      vertex 16.96282795 14.73492015 0.36419697
      vertex 16.96209867 14.12060396 0.28744438
      vertex 17.56842985 14.73420150 0.38979694
    endloop
  endfacet
  facet normal -0.05890922 -0.12369183 0.99057056
    outer loop
      vertex 16.35722603 14.73563938 0.32827164
      vertex 16.96209867 14.12060396 0.28744438
      vertex 16.96282795 14.73492015 0.36419697
    endloop
  endfacet
  facet normal -0.04222649 0.00591717 0.99909054
    outer loop
      vertex 17.56842985 14.73420150 0.38979694
      vertex 17.56915854 15.34851769 0.38618942
      vertex 16.96282795 14.73492015 0.36419697
    endloop
  endfacet
  facet normal 0.09524178 -0.12948955 0.98699618
    outer loop
      vertex 16.96282795 14.73492015 0.36419697
      vertex 17.56915854 15.34851769 0.38618942
      vertex 16.96355724 15.34923635 0.44472218
    endloop
  endfacet
  facet normal -0.04897907 -0.11403845 0.99226825
    outer loop
      vertex 16.35649615 14.12132317 0.25763407
      vertex 16.96209867 14.12060396 0.28744438
      vertex 16.35722603 14.73563938 0.32827164
    endloop
  endfacet
  facet normal 0.16946460 0.14222780 0.97521946
    outer loop
      vertex 14.53749358 12.28053568 0.27868250
      vertex 14.53676197 11.66621948 0.36840263
      vertex 15.14309795 12.27981474 0.17355133
    endloop
  endfacet
  facet normal 0.08493376 0.14389441 0.98594151
    outer loop
      vertex 13.93188920 12.28125722 0.33074688
      vertex 14.53676197 11.66621948 0.36840263
      vertex 14.53749358 12.28053568 0.27868250
    endloop
  endfacet
  facet normal 0.02575900 0.25089987 0.96767026
    outer loop
      vertex 14.53749358 12.28053568 0.27868250
      vertex 15.14382897 12.89413094 0.10344764
      vertex 14.53822521 12.89485190 0.11938164
    endloop
  endfacet
  facet normal 0.17010084 0.11152861 0.97909503
    outer loop
      vertex 15.14309795 12.27981474 0.17355133
      vertex 15.14382897 12.89413094 0.10344764
      vertex 14.53749358 12.28053568 0.27868250
    endloop
  endfacet
  facet normal 0.16310353 0.24746858 0.95506887
    outer loop
      vertex 14.53822521 12.89485190 0.11938164
      vertex 13.93262142 12.89557345 0.22261770
      vertex 14.53749358 12.28053568 0.27868250
    endloop
  endfacet
  facet normal 0.08457317 0.17263181 0.98134889
    outer loop
      vertex 13.93262142 12.89557345 0.22261770
      vertex 13.93188920 12.28125722 0.33074688
      vertex 14.53749358 12.28053568 0.27868250
    endloop
  endfacet
  facet normal 0.35010833 -0.30068020 0.88713898
    outer loop
      vertex 17.56041538 7.97672424 0.38011135
      vertex 16.95407779 7.36312664 0.41143360
      vertex 17.55968689 7.36240820 0.17218719
    endloop
  endfacet
  facet normal 0.07613384 -0.04232344 0.99619896
    outer loop
      vertex 17.55895842 6.74809216 0.14614369
      vertex 18.16456811 6.74737432 0.09982988
      vertex 17.55968689 7.36240820 0.17218719
    endloop
  endfacet
  facet normal 0.36252952 -0.15986859 0.91815814
    outer loop
      vertex 16.95407779 7.36312664 0.41143360
      vertex 16.95334872 6.74881059 0.30475750
      vertex 17.55968689 7.36240820 0.17218719
    endloop
  endfacet
  facet normal 0.25310024 -0.04127673 0.96655910
    outer loop
      vertex 17.55968689 7.36240820 0.17218719
      vertex 16.95334872 6.74881059 0.30475750
      vertex 17.55895842 6.74809216 0.14614369
    endloop
  endfacet
  facet normal 0.07893085 0.18079942 0.98034764
    outer loop
      vertex 16.95261967 6.13449456 0.33389881
      vertex 16.34700935 6.13521356 0.38252579
      vertex 16.34627971 5.52089752 0.49587902
    endloop
  endfacet
  facet normal -0.02560117 0.27873103 0.96002791
    outer loop
      vertex 16.34627971 5.52089752 0.49587902
      vertex 16.95189063 5.52017853 0.51223766
      vertex 16.95261967 6.13449456 0.33389881
    endloop
  endfacet
  facet normal 0.25314968 0.04554054 0.96635464
    outer loop
      vertex 17.55895842 6.74809216 0.14614369
      vertex 16.95334872 6.74881059 0.30475750
      vertex 16.95261967 6.13449456 0.33389881
    endloop
  endfacet
  facet normal 0.08750814 0.21140104 0.97347415
    outer loop
      vertex 16.95261967 6.13449456 0.33389881
      vertex 17.55822997 6.13377614 0.27961493
      vertex 17.55895842 6.74809216 0.14614369
    endloop
  endfacet
  facet normal 0.23304279 0.01233659 0.97238823
    outer loop
      vertex 17.55531634 3.67651218 0.36522732
      vertex 17.55604472 4.29082815 0.35725899
      vertex 16.95043262 4.29154652 0.50239101
    endloop
  endfacet
  facet normal 0.15710053 -0.06525953 0.98542408
    outer loop
      vertex 16.95043262 4.29154652 0.50239101
      vertex 16.94970364 3.67723053 0.46182426
      vertex 17.55531634 3.67651218 0.36522732
    endloop
  endfacet
  facet normal 0.32205177 -0.06425467 0.94453904
    outer loop
      vertex 10.28869842 4.29948759 1.48410309
      vertex 10.89431070 4.29876271 1.27756310
      vertex 10.28943402 4.91380377 1.52564270
    endloop
  endfacet
  facet normal 0.30025397 -0.08781759 0.94980821
    outer loop
      vertex 10.89431070 4.29876271 1.27756310
      vertex 10.89504570 4.91307888 1.33412933
      vertex 10.28943402 4.91380377 1.52564270
    endloop
  endfacet
  facet normal 0.09038665 0.26941252 0.95877377
    outer loop
      vertex 10.90166147 10.44192489 0.21563374
      vertex 10.90092632 9.82760862 0.38832405
      vertex 11.50653318 9.82688419 0.33143513
    endloop
  endfacet
  facet normal -0.04034100 0.14642421 0.98839899
    outer loop
      vertex 11.50653318 9.82688419 0.33143513
      vertex 11.50726774 10.44120045 0.24045856
      vertex 10.90166147 10.44192489 0.21563374
    endloop
  endfacet
  facet normal 0.23809335 0.01885099 0.97105932
    outer loop
      vertex 12.71701352 9.21112090 0.71032806
      vertex 12.71628020 8.59680470 0.72243347
      vertex 13.32262094 9.21039826 0.56185364
    endloop
  endfacet
  facet normal 0.26281431 -0.00031117 0.96484638
    outer loop
      vertex 18.16747968 9.20463846 0.22805538
      vertex 18.77308696 9.20392115 0.06309391
      vertex 18.77381429 9.81823719 0.06309391
    endloop
  endfacet
  facet normal 0.04202454 0.22045760 0.97449083
    outer loop
      vertex 18.77381429 9.81823719 0.06309391
      vertex 18.16820762 9.81895452 0.08904819
      vertex 18.16747968 9.20463846 0.22805538
    endloop
  endfacet
  facet normal 0.00000000 0.00000000 1.00000000
    outer loop
      vertex 18.77381429 9.81823719 0.06309391
      vertex 18.77308696 9.20392115 0.06309391
      vertex 19.37869421 9.20320443 0.06309391
    endloop
  endfacet
  facet normal -0.00264988 -0.00260614 0.99999309
    outer loop
      vertex 19.37869421 9.20320443 0.06309391
      vertex 19.37942095 9.81752046 0.06469684
      vertex 18.77381429 9.81823719 0.06309391
    endloop
  endfacet
  facet normal 0.04281216 -0.00408808 0.99907478
    outer loop
      vertex 18.77454165 10.43255325 0.06557644
      vertex 18.16820762 9.81895452 0.08904819
      vertex 18.77381429 9.81823719 0.06309391
    endloop
  endfacet
  facet normal -0.00265157 -0.00403794 0.99998833
    outer loop
      vertex 18.77381429 9.81823719 0.06309391
      vertex 19.37942095 9.81752046 0.06469684
      vertex 18.77454165 10.43255325 0.06557644
    endloop
  endfacet
  facet normal 0.10150430 -0.26045967 0.96013418
    outer loop
      vertex 17.56842985 14.73420150 0.38979694
      vertex 16.96209867 14.12060396 0.28744438
      vertex 17.56770117 14.11988533 0.22322582
    endloop
  endfacet
  facet normal 0.04063971 -0.26152788 0.96433997
    outer loop
      vertex 17.56770117 14.11988533 0.22322582
      vertex 18.17330366 14.11916730 0.19750948
      vertex 17.56842985 14.73420150 0.38979694
    endloop
  endfacet
  facet normal -0.00625467 -0.19730832 0.98032153
    outer loop
      vertex 17.56697252 13.50556917 0.09957838
      vertex 18.17257560 13.50485115 0.10329775
      vertex 17.56770117 14.11988533 0.22322582
    endloop
  endfacet
  facet normal 0.04175678 -0.15150420 0.98757422
    outer loop
      vertex 18.17257560 13.50485115 0.10329775
      vertex 18.17330366 14.11916730 0.19750948
      vertex 17.56770117 14.11988533 0.22322582
    endloop
  endfacet
  facet normal -0.04842336 -0.19829197 0.97894610
    outer loop
      vertex 16.96209867 14.12060396 0.28744438
      vertex 16.35649615 14.12132317 0.25763407
      vertex 16.96136941 13.50628778 0.16297453
    endloop
  endfacet
  facet normal 0.31620039 -0.11712344 0.94143476
    outer loop
      vertex 18.16602386 7.97600637 0.17661587
      vertex 17.56041538 7.97672424 0.38011135
      vertex 18.16529598 7.36169034 0.10043359
    endloop
  endfacet
  facet normal 0.11114973 -0.31873039 0.94130584
    outer loop
      vertex 17.56041538 7.97672424 0.38011135
      vertex 17.55968689 7.36240820 0.17218719
      vertex 18.16529598 7.36169034 0.10043359
    endloop
  endfacet
  facet normal 0.02875015 0.00205266 0.99958452
    outer loop
      vertex 18.77090505 7.36097308 0.08301647
      vertex 18.77163233 7.97528909 0.08173405
      vertex 18.16529598 7.36169034 0.10043359
    endloop
  endfacet
  facet normal 0.15349072 -0.12178958 0.98061608
    outer loop
      vertex 18.16529598 7.36169034 0.10043359
      vertex 18.77163233 7.97528909 0.08173405
      vertex 18.16602386 7.97600637 0.17661587
    endloop
  endfacet
  facet normal 0.02874656 -0.00101638 0.99958622
    outer loop
      vertex 18.16529598 7.36169034 0.10043359
      vertex 18.16456811 6.74737432 0.09982988
      vertex 18.77090505 7.36097308 0.08301647
    endloop
  endfacet
  facet normal 0.11765738 -0.00111531 0.99305362
    outer loop
      vertex 18.16529598 7.36169034 0.10043359
      vertex 17.55968689 7.36240820 0.17218719
      vertex 18.16456811 6.74737432 0.09982988
    endloop
  endfacet
  facet normal 0.01338021 -0.13923684 0.99016871
    outer loop
      vertex 16.35576630 13.50700698 0.17125921
      vertex 16.96136941 13.50628778 0.16297453
      vertex 16.35649615 14.12132317 0.25763407
    endloop
  endfacet
  facet normal -0.21503207 -0.01404302 0.97650602
    outer loop
      vertex 4.85375183 17.20668344 1.46384277
      vertex 4.24889396 17.82173117 1.33949463
      vertex 4.24815199 17.20741458 1.33049683
    endloop
  endfacet
  facet normal -0.14278706 0.05932361 0.98797397
    outer loop
      vertex 4.85449320 17.82100002 1.42706284
      vertex 4.24889396 17.82173117 1.33949463
      vertex 4.85375183 17.20668344 1.46384277
    endloop
  endfacet
  facet normal -0.31068837 0.26092980 0.91399583
    outer loop
      vertex 5.45935166 17.20595290 1.66990875
      vertex 5.46009242 17.82026946 1.49478394
      vertex 4.85375183 17.20668344 1.46384277
    endloop
  endfacet
  facet normal -0.11086425 0.05952919 0.99205110
    outer loop
      vertex 4.85375183 17.20668344 1.46384277
      vertex 5.46009242 17.82026946 1.49478394
      vertex 4.85449320 17.82100002 1.42706284
    endloop
  endfacet
  facet normal 0.22855041 -0.18200124 0.95636827
    outer loop
      vertex 9.07379007 1.22935822 1.69527313
      vertex 8.46743744 0.61576862 1.72340881
      vertex 9.07305337 0.61504207 1.57854202
    endloop
  endfacet
  facet normal 0.21880493 -0.17218323 0.96045684
    outer loop
      vertex 8.46817474 1.23008478 1.83337067
      vertex 8.46743744 0.61576862 1.72340881
      vertex 9.07379007 1.22935822 1.69527313
    endloop
  endfacet
  facet normal 0.22068537 0.12630038 0.96713297
    outer loop
      vertex 8.46817474 1.23008478 1.83337067
      vertex 9.07379007 1.22935822 1.69527313
      vertex 8.46891205 1.84440095 1.75297729
    endloop
  endfacet
  facet normal -0.00138987 -0.09476596 0.99549861
    outer loop
      vertex 8.46891205 1.84440095 1.75297729
      vertex 9.07379007 1.22935822 1.69527313
      vertex 9.07452678 1.84367437 1.75375366
    endloop
  endfacet
  facet normal 0.06625407 0.02150214 0.99757108
    outer loop
      vertex 19.39468637 22.71815983 0.65648125
      vertex 18.78909232 22.71887690 0.69668655
      vertex 19.39395927 22.10384355 0.66977081
    endloop
  endfacet
  facet normal 0.04068512 -0.00371392 0.99916512
    outer loop
      vertex 19.39395927 22.10384355 0.66977081
      vertex 18.78909232 22.71887690 0.69668655
      vertex 18.78836463 22.10456061 0.69443275
    endloop
  endfacet
  facet normal 0.00000000 0.00000000 1.00000000
    outer loop
      vertex 0.60262590 7.38274835 0.52000000
      vertex 1.20749077 6.76769745 0.52000000
      vertex 1.20823544 7.38201393 0.52000000
    endloop
  endfacet
  facet normal -0.00000000 0.00000000 1.00000000
    outer loop
      vertex 0.60188063 6.76843185 0.52000000
      vertex 1.20749077 6.76769745 0.52000000
      vertex 0.60262590 7.38274835 0.52000000
    endloop
  endfacet
  facet normal -0.22455186 0.19522620 0.95470582
    outer loop
      vertex 0.60709789 11.06864754 1.27370552
      vertex 1.21344862 11.68222958 1.29085205
      vertex 0.60784328 11.68296412 1.14826027
    endloop
  endfacet
  facet normal -0.27254284 0.24331771 0.93086889
    outer loop
      vertex 1.21270383 11.06791302 1.45120880
      vertex 1.21344862 11.68222958 1.29085205
      vertex 0.60709789 11.06864754 1.27370552
    endloop
  endfacet
  facet normal -0.36838854 -0.11496726 0.92253586
    outer loop
      vertex 0.60635251 10.45433098 1.28490601
      vertex 0.60560716 9.84001443 1.20805168
      vertex 1.21195905 10.45359648 1.52664627
    endloop
  endfacet
  facet normal -0.31727710 -0.17081731 0.93282190
    outer loop
      vertex 1.21195905 10.45359648 1.52664627
      vertex 0.60560716 9.84001443 1.20805168
      vertex 1.21121430 9.83927994 1.41389999
    endloop
  endfacet
  facet normal -0.27919250 0.11737025 0.95303503
    outer loop
      vertex 1.21270383 11.06791302 1.45120880
      vertex 0.60709789 11.06864754 1.27370552
      vertex 1.21195905 10.45359648 1.52664627
    endloop
  endfacet
  facet normal -0.37065227 0.01738053 0.92860907
    outer loop
      vertex 1.21195905 10.45359648 1.52664627
      vertex 0.60709789 11.06864754 1.27370552
      vertex 0.60635251 10.45433098 1.28490601
    endloop
  endfacet
  facet normal 0.00000000 0.00000000 1.00000000
    outer loop
      vertex 1.20898013 7.99633041 0.52000000
      vertex 0.60262590 7.38274835 0.52000000
      vertex 1.20823544 7.38201393 0.52000000
    endloop
  endfacet
  facet normal 0.00000000 0.00000000 1.00000000
    outer loop
      vertex 0.60337119 7.99706485 0.52000000
      vertex 0.60262590 7.38274835 0.52000000
      vertex 1.20898013 7.99633041 0.52000000
    endloop
  endfacet
  facet normal -0.00073929 -0.61059375 0.79194364
    outer loop
      vertex 1.81458905 7.99559657 0.52000000
      vertex 2.42019796 7.99486331 0.52000000
      vertex 2.42094146 8.60917978 0.99364273
    endloop
  endfacet
  facet normal -0.05662443 -0.57440707 0.81660896
    outer loop
      vertex 1.81533316 8.60991305 0.95216507
      vertex 1.81458905 7.99559657 0.52000000
      vertex 2.42094146 8.60917978 0.99364273
    endloop
  endfacet
  facet normal -0.16825604 0.12034678 0.97836934
    outer loop
      vertex 1.21270383 11.06791302 1.45120880
      vertex 1.21195905 10.45359648 1.52664627
      vertex 1.81830975 11.06717910 1.55544876
    endloop
  endfacet
  facet normal -0.14950782 0.10157733 0.98352908
    outer loop
      vertex 1.81830975 11.06717910 1.55544876
      vertex 1.21195905 10.45359648 1.52664627
      vertex 1.81756558 10.45286257 1.61878128
    endloop
  endfacet
  facet normal -0.18714594 0.04137317 0.98146047
    outer loop
      vertex 4.24815199 17.20741458 1.33049683
      vertex 3.64255214 17.20814630 1.21498955
      vertex 4.24741004 16.59309800 1.35625168
    endloop
  endfacet
  facet normal -0.26419311 -0.03847615 0.96370202
    outer loop
      vertex 4.24741004 16.59309800 1.35625168
      vertex 3.64255214 17.20814630 1.21498955
      vertex 3.64180959 16.59382971 1.19025917
    endloop
  endfacet
  facet normal 0.08475408 -0.13008265 0.98787411
    outer loop
      vertex 7.86255939 1.23081194 1.91415924
      vertex 7.25620554 0.61722349 1.88538406
      vertex 7.86182150 0.61649576 1.83332977
    endloop
  endfacet
  facet normal -0.04134263 -0.00600043 0.99912701
    outer loop
      vertex 7.25694403 1.23153969 1.88910400
      vertex 7.25620554 0.61722349 1.88538406
      vertex 7.86255939 1.23081194 1.91415924
    endloop
  endfacet
  facet normal 0.12998448 -0.17485460 0.97597638
    outer loop
      vertex 7.86255939 1.23081194 1.91415924
      vertex 8.46743744 0.61576862 1.72340881
      vertex 8.46817474 1.23008478 1.83337067
    endloop
  endfacet
  facet normal 0.17695259 -0.12860228 0.97578135
    outer loop
      vertex 7.86182150 0.61649576 1.83332977
      vertex 8.46743744 0.61576862 1.72340881
      vertex 7.86255939 1.23081194 1.91415924
    endloop
  endfacet
  facet normal -0.10294411 0.29480441 0.94999625
    outer loop
      vertex 5.44231884 3.07667528 1.36762726
      vertex 5.44157849 2.46235900 1.55818268
      vertex 6.04719270 2.46162945 1.62403503
    endloop
  endfacet
  facet normal -0.12969826 0.27017651 0.95403512
    outer loop
      vertex 5.44231884 3.07667528 1.36762726
      vertex 6.04719270 2.46162945 1.62403503
      vertex 6.04793245 3.07594571 1.45016525
    endloop
  endfacet
  facet normal 0.02586067 -0.06188182 0.99774840
    outer loop
      vertex 8.46964938 2.45871714 1.71918930
      vertex 7.86477318 3.07376054 1.77301300
      vertex 7.86403524 2.45944433 1.73493134
    endloop
  endfacet
  facet normal 0.12208191 0.03325511 0.99196275
    outer loop
      vertex 8.47038673 3.07303333 1.69850388
      vertex 7.86477318 3.07376054 1.77301300
      vertex 8.46964938 2.45871714 1.71918930
    endloop
  endfacet
  facet normal -0.10490919 0.23067923 0.96735782
    outer loop
      vertex 6.04719270 2.46162945 1.62403503
      vertex 5.44157849 2.46235900 1.55818268
      vertex 6.04645297 1.84731320 1.77044662
    endloop
  endfacet
  facet normal -0.15104824 0.18648331 0.97077722
    outer loop
      vertex 6.04645297 1.84731320 1.77044662
      vertex 5.44157849 2.46235900 1.55818268
      vertex 5.44083816 1.84804274 1.67607574
    endloop
  endfacet
  facet normal 0.03636123 -0.06187416 0.99742140
    outer loop
      vertex 7.86403524 2.45944433 1.73493134
      vertex 7.86477318 3.07376054 1.77301300
      vertex 7.25842107 2.46017211 1.75705429
    endloop
  endfacet
  facet normal -0.09591764 0.06895975 0.99299766
    outer loop
      vertex 7.25842107 2.46017211 1.75705429
      vertex 7.86477318 3.07376054 1.77301300
      vertex 7.25915962 3.07448834 1.71446381
    endloop
  endfacet
  facet normal -0.23490922 0.26497346 0.93520411
    outer loop
      vertex 6.04793245 3.07594571 1.45016525
      vertex 6.04719270 2.46162945 1.62403503
      vertex 6.65354604 3.07521672 1.60249283
    endloop
  endfacet
  facet normal -0.16488096 0.19686839 0.96646630
    outer loop
      vertex 6.04719270 2.46162945 1.62403503
      vertex 6.65280690 2.46090048 1.72750244
      vertex 6.65354604 3.07521672 1.60249283
    endloop
  endfacet
  facet normal -0.04752231 0.19923670 0.97879843
    outer loop
      vertex 6.65280690 2.46090048 1.72750244
      vertex 7.25842107 2.46017211 1.75705429
      vertex 6.65354604 3.07521672 1.60249283
    endloop
  endfacet
  facet normal -0.18130408 0.06823456 0.98105702
    outer loop
      vertex 6.65354604 3.07521672 1.60249283
      vertex 7.25842107 2.46017211 1.75705429
      vertex 7.25915962 3.07448834 1.71446381
    endloop
  endfacet
  facet normal -0.24168551 0.10553797 0.96459829
    outer loop
      vertex 4.23109157 3.07813620 1.04114319
      vertex 3.62622008 3.69318388 0.82229607
      vertex 3.62547791 3.07886754 0.88932327
    endloop
  endfacet
  facet normal -0.22169796 0.12602699 0.96693703
    outer loop
      vertex 4.23183314 3.69245252 0.96124550
      vertex 3.62622008 3.69318388 0.82229607
      vertex 4.23109157 3.07813620 1.04114319
    endloop
  endfacet
  facet normal 0.43653696 -0.22433006 0.87127005
    outer loop
      vertex 10.90607277 14.12782276 1.04558182
      vertex 10.30047009 14.12854790 1.34919678
      vertex 10.29973423 13.51423154 1.19139450
    endloop
  endfacet
  facet normal 0.35065001 -0.12597838 0.92799462
    outer loop
      vertex 10.90607277 14.12782276 1.04558182
      vertex 10.29973423 13.51423154 1.19139450
      vertex 10.90533751 13.51350642 0.96246414
    endloop
  endfacet
  facet normal 0.49850362 -0.03446652 0.86620217
    outer loop
      vertex 10.30120597 14.74286427 1.37321716
      vertex 10.30047009 14.12854790 1.34919678
      vertex 10.90680805 14.74213911 1.02466133
    endloop
  endfacet
  facet normal 0.44800246 0.02989295 0.89353243
    outer loop
      vertex 10.30047009 14.12854790 1.34919678
      vertex 10.90607277 14.12782276 1.04558182
      vertex 10.90680805 14.74213911 1.02466133
    endloop
  endfacet
  facet normal -0.17989592 -0.39835416 0.89941727
    outer loop
      vertex 7.87584449 12.28850512 1.06770035
      vertex 7.87510628 11.67418873 0.79547043
      vertex 8.48144903 12.28777767 1.18850746
    endloop
  endfacet
  facet normal -0.28083810 -0.30531661 0.90989655
    outer loop
      vertex 8.48144903 12.28777767 1.18850746
      vertex 7.87510628 11.67418873 0.79547043
      vertex 8.48071142 11.67346130 0.98214539
    endloop
  endfacet
  facet normal 0.57642893 -0.11024010 0.80967698
    outer loop
      vertex 11.51094077 13.51278189 0.53122166
      vertex 10.90607277 14.12782276 1.04558182
      vertex 10.90533751 13.51350642 0.96246414
    endloop
  endfacet
  facet normal 0.62471201 -0.03788297 0.77993575
    outer loop
      vertex 11.51167543 14.12709822 0.56047173
      vertex 10.90607277 14.12782276 1.04558182
      vertex 11.51094077 13.51278189 0.53122166
    endloop
  endfacet
  facet normal 0.57850858 -0.07154597 0.81253246
    outer loop
      vertex 10.90533751 13.51350642 0.96246414
      vertex 10.90460227 12.89919009 0.90889519
      vertex 11.51094077 13.51278189 0.53122166
    endloop
  endfacet
  facet normal 0.48748032 0.05465336 0.87142179
    outer loop
      vertex 10.90460227 12.89919009 0.90889519
      vertex 11.51020613 12.89846558 0.57016098
      vertex 11.51094077 13.51278189 0.53122166
    endloop
  endfacet
  facet normal -0.18501689 -0.33048985 0.92549728
    outer loop
      vertex 7.87584449 12.28850512 1.06770035
      vertex 8.48144903 12.28777767 1.18850746
      vertex 8.48218666 12.90209405 1.40802383
    endloop
  endfacet
  facet normal -0.17713007 -0.33769619 0.92443833
    outer loop
      vertex 7.87658271 12.90282152 1.29225082
      vertex 7.87584449 12.28850512 1.06770035
      vertex 8.48218666 12.90209405 1.40802383
    endloop
  endfacet
  facet normal 0.03325303 0.26020236 0.96498133
    outer loop
      vertex 10.29237659 7.37106861 1.17295616
      vertex 10.89798587 7.37034366 1.15228249
      vertex 10.89872095 7.98465988 0.98660988
    endloop
  endfacet
  facet normal -0.14593316 0.41670315 0.89725247
    outer loop
      vertex 10.29311227 7.98538485 0.88777428
      vertex 10.29237659 7.37106861 1.17295616
      vertex 10.89872095 7.98465988 0.98660988
    endloop
  endfacet
  facet normal -0.02957684 0.05639293 0.99797046
    outer loop
      vertex 10.89872095 7.98465988 0.98660988
      vertex 11.50359513 7.36961929 1.03929100
      vertex 11.50432962 7.98393550 1.00459923
    endloop
  endfacet
  facet normal 0.17759182 0.25604635 0.95021125
    outer loop
      vertex 10.89872095 7.98465988 0.98660988
      vertex 10.89798587 7.37034366 1.15228249
      vertex 11.50359513 7.36961929 1.03929100
    endloop
  endfacet
  facet normal -0.20613663 0.23994110 0.94864954
    outer loop
      vertex 10.89945606 8.59897611 0.83139114
      vertex 10.29384798 8.59970110 0.69961227
      vertex 10.89872095 7.98465988 0.98660988
    endloop
  endfacet
  facet normal -0.15383227 0.28954757 0.94472104
    outer loop
      vertex 10.89872095 7.98465988 0.98660988
      vertex 10.29384798 8.59970110 0.69961227
      vertex 10.29311227 7.98538485 0.88777428
    endloop
  endfacet
  facet normal 0.01396640 0.03009422 0.99944949
    outer loop
      vertex 25.43909055 12.88196515 0.06035706
      vertex 25.43836973 12.26764922 0.07886467
      vertex 26.04397381 12.26693893 0.07042329
    endloop
  endfacet
  facet normal -0.01132483 0.00522783 0.99992221
    outer loop
      vertex 26.04397381 12.26693893 0.07042329
      vertex 26.04469403 12.88125484 0.06721966
      vertex 25.43909055 12.88196515 0.06035706
    endloop
  endfacet
  facet normal 0.09138660 0.02577643 0.99548183
    outer loop
      vertex 18.78618164 20.26161180 0.65143250
      vertex 19.39177809 20.26089478 0.59585648
      vertex 18.78690928 20.87592806 0.63545895
    endloop
  endfacet
  facet normal 0.14865395 0.08274514 0.98542135
    outer loop
      vertex 18.78690928 20.87592806 0.63545895
      vertex 19.39177809 20.26089478 0.59585648
      vertex 19.39250513 20.87521103 0.54416309
    endloop
  endfacet
  facet normal 0.04046656 -0.07960461 0.99600480
    outer loop
      vertex 19.39323220 21.48952728 0.62070179
      vertex 19.39395927 22.10384355 0.66977081
      vertex 18.78836463 22.10456061 0.69443275
    endloop
  endfacet
  facet normal 0.02336423 -0.09631301 0.99507684
    outer loop
      vertex 18.78836463 22.10456061 0.69443275
      vertex 18.78763695 21.49024433 0.63499046
      vertex 19.39323220 21.48952728 0.62070179
    endloop
  endfacet
  facet normal 0.22537217 -0.07783882 0.97115833
    outer loop
      vertex 19.39395927 22.10384355 0.66977081
      vertex 19.39323220 21.48952728 0.62070179
      vertex 19.99955391 22.10312708 0.52917587
    endloop
  endfacet
  facet normal 0.19040102 -0.04184216 0.98081430
    outer loop
      vertex 19.99955391 22.10312708 0.52917587
      vertex 19.39323220 21.48952728 0.62070179
      vertex 19.99882743 21.48881083 0.50310978
    endloop
  endfacet
  facet normal -0.02612988 -0.05599497 0.99808907
    outer loop
      vertex 24.84070220 19.02583615 0.09398927
      vertex 24.23510469 19.02654780 0.07817471
      vertex 24.23438250 18.41223172 0.04369133
    endloop
  endfacet
  facet normal 0.00226788 -0.08392285 0.99646967
    outer loop
      vertex 24.23438250 18.41223172 0.04369133
      vertex 24.83998061 18.41152008 0.04225310
      vertex 24.84070220 19.02583615 0.09398927
    endloop
  endfacet
  facet normal 0.00235935 -0.01304026 0.99991219
    outer loop
      vertex 24.83998061 18.41152008 0.04225310
      vertex 24.23438250 18.41223172 0.04369133
      vertex 24.83925903 17.79720403 0.03424326
    endloop
  endfacet
  facet normal -0.00248579 -0.01780430 0.99983840
    outer loop
      vertex 24.83925903 17.79720403 0.03424326
      vertex 24.23438250 18.41223172 0.04369133
      vertex 24.23366032 17.79791565 0.03275030
    endloop
  endfacet
  facet normal 0.13514678 -0.12504604 0.98290327
    outer loop
      vertex 21.80764271 14.72918758 0.17006321
      vertex 21.80691824 14.11487152 0.09200886
      vertex 22.41324448 14.72847367 0.08670363
    endloop
  endfacet
  facet normal 0.03731200 -0.02823301 0.99890476
    outer loop
      vertex 22.41324448 14.72847367 0.08670363
      vertex 21.80691824 14.11487152 0.09200886
      vertex 22.41252061 14.11415763 0.06936767
    endloop
  endfacet
  facet normal 0.00000000 -0.00000000 1.00000000
    outer loop
      vertex 1.81235684 6.15264719 0.52000000
      vertex 1.81310089 6.76696364 0.52000000
      vertex 1.20749077 6.76769745 0.52000000
    endloop
  endfacet
  facet normal 0.00000000 0.00000000 1.00000000
    outer loop
      vertex 1.81235684 6.15264719 0.52000000
      vertex 1.20749077 6.76769745 0.52000000
      vertex 1.20674611 6.15338099 0.52000000
    endloop
  endfacet
  facet normal 0.00028227 0.23296257 0.97248566
    outer loop
      vertex 1.20674611 6.15338099 0.52000000
      vertex 1.20600148 5.53906454 0.66716202
      vertex 1.81235684 6.15264719 0.52000000
    endloop
  endfacet
  facet normal 0.11141310 0.12631343 0.98571397
    outer loop
      vertex 1.20600148 5.53906454 0.66716202
      vertex 1.81161280 5.53833076 0.59880512
      vertex 1.81235684 6.15264719 0.52000000
    endloop
  endfacet
  facet normal 0.00000000 -0.00000000 1.00000000
    outer loop
      vertex 3.02432109 6.76549779 0.52000000
      vertex 3.02506396 7.37981421 0.52000000
      vertex 2.41871100 6.76623042 0.52000000
    endloop
  endfacet
  facet normal 0.00000000 0.00000000 1.00000000
    outer loop
      vertex 2.41871100 6.76623042 0.52000000
      vertex 3.02506396 7.37981421 0.52000000
      vertex 2.41945447 7.38054686 0.52000000
    endloop
  endfacet
  facet normal 0.00000000 0.00000000 1.00000000
    outer loop
      vertex 1.81384496 7.38128010 0.52000000
      vertex 2.42019796 7.99486331 0.52000000
      vertex 1.81458905 7.99559657 0.52000000
    endloop
  endfacet
  facet normal 0.00000000 -0.00000000 1.00000000
    outer loop
      vertex 2.41945447 7.38054686 0.52000000
      vertex 2.42019796 7.99486331 0.52000000
      vertex 1.81384496 7.38128010 0.52000000
    endloop
  endfacet
  facet normal -0.03139176 -0.18039041 0.98309402
    outer loop
      vertex 1.81682142 9.83854605 1.43310333
      vertex 1.21195905 10.45359648 1.52664627
      vertex 1.21121430 9.83927994 1.41389999
    endloop
  endfacet
  facet normal -0.14445666 -0.28612929 0.94723930
    outer loop
      vertex 1.81756558 10.45286257 1.61878128
      vertex 1.21195905 10.45359648 1.52664627
      vertex 1.81682142 9.83854605 1.43310333
    endloop
  endfacet
  facet normal -0.06372197 -0.37774186 0.92371565
    outer loop
      vertex 1.81533316 8.60991305 0.95216507
      vertex 2.42094146 8.60917978 0.99364273
      vertex 1.81607728 9.22422954 1.20343338
    endloop
  endfacet
  facet normal -0.17923487 -0.47090036 0.86378684
    outer loop
      vertex 1.81607728 9.22422954 1.20343338
      vertex 2.42094146 8.60917978 0.99364273
      vertex 2.42168499 9.22349626 1.32869659
    endloop
  endfacet
  facet normal 0.04061774 -0.34994340 0.93588985
    outer loop
      vertex 2.42242853 9.83781275 1.40654572
      vertex 1.81682142 9.83854605 1.43310333
      vertex 1.81607728 9.22422954 1.20343338
    endloop
  endfacet
  facet normal -0.20115837 -0.12290983 0.97181710
    outer loop
      vertex 1.81607728 9.22422954 1.20343338
      vertex 2.42168499 9.22349626 1.32869659
      vertex 2.42242853 9.83781275 1.40654572
    endloop
  endfacet
  facet normal 0.21384282 -0.00025839 0.97686805
    outer loop
      vertex 3.63141572 7.99339858 0.52000000
      vertex 3.02580685 7.99413065 0.65257195
      vertex 3.63067344 7.37908216 0.52000000
    endloop
  endfacet
  facet normal -0.00025499 -0.21094753 0.97749735
    outer loop
      vertex 3.63067344 7.37908216 0.52000000
      vertex 3.02580685 7.99413065 0.65257195
      vertex 3.02506396 7.37981421 0.52000000
    endloop
  endfacet
  facet normal 0.00000000 0.00000000 1.00000000
    outer loop
      vertex 3.63067344 7.37908216 0.52000000
      vertex 3.02432109 6.76549779 0.52000000
      vertex 3.62993117 6.76476575 0.52000000
    endloop
  endfacet
  facet normal 0.00000000 0.00000000 1.00000000
    outer loop
      vertex 3.63067344 7.37908216 0.52000000
      vertex 3.02506396 7.37981421 0.52000000
      vertex 3.02432109 6.76549779 0.52000000
    endloop
  endfacet
  facet normal -0.00071409 -0.58882808 0.80825800
    outer loop
      vertex 0.60337119 7.99706485 0.52000000
      vertex 1.20898013 7.99633041 0.52000000
      vertex 1.20972483 8.61064691 0.96753944
    endloop
  endfacet
  facet normal -0.00111252 -0.58857071 0.80844497
    outer loop
      vertex 0.60411649 8.61138137 0.96724075
      vertex 0.60337119 7.99706485 0.52000000
      vertex 1.20972483 8.61064691 0.96753944
    endloop
  endfacet
  facet normal 0.02803898 0.10247681 0.99434014
    outer loop
      vertex 2.42391566 11.06644576 1.53844711
      vertex 1.81830975 11.06717910 1.55544876
      vertex 1.81756558 10.45286257 1.61878128
    endloop
  endfacet
  facet normal 0.05126787 0.07967383 0.99550173
    outer loop
      vertex 1.81756558 10.45286257 1.61878128
      vertex 2.42317208 10.45212925 1.58765152
      vertex 2.42391566 11.06644576 1.53844711
    endloop
  endfacet
  facet normal -0.03909991 -0.04136350 0.99837881
    outer loop
      vertex 3.03620912 16.59456201 1.14372704
      vertex 3.03546598 15.98024541 1.11824638
      vertex 3.64106706 15.97951312 1.14193344
    endloop
  endfacet
  facet normal -0.07647041 -0.07810206 0.99400822
    outer loop
      vertex 3.64180959 16.59382971 1.19025917
      vertex 3.03620912 16.59456201 1.14372704
      vertex 3.64106706 15.97951312 1.14193344
    endloop
  endfacet
  facet normal -0.24274950 -0.17684592 0.95383342
    outer loop
      vertex 3.64106706 15.97951312 1.14193344
      vertex 4.24592620 15.36446487 1.18183609
      vertex 4.24666811 15.97878143 1.29592255
    endloop
  endfacet
  facet normal 0.00278643 0.06746944 0.99771745
    outer loop
      vertex 3.64032454 15.36519655 1.18347794
      vertex 4.24592620 15.36446487 1.18183609
      vertex 3.64106706 15.97951312 1.14193344
    endloop
  endfacet
  facet normal -0.02509449 0.13401513 0.99066150
    outer loop
      vertex 1.82277518 14.75307852 1.31394440
      vertex 2.42837748 14.75234508 1.32938416
      vertex 2.42912118 15.36666168 1.24629921
    endloop
  endfacet
  facet normal 0.06841115 0.04228480 0.99676071
    outer loop
      vertex 2.42912118 15.36666168 1.24629921
      vertex 1.82351947 15.36739513 1.28783264
      vertex 1.82277518 14.75307852 1.31394440
    endloop
  endfacet
  facet normal 0.42898924 0.10203763 0.89752802
    outer loop
      vertex 10.30414965 17.20012986 1.24053185
      vertex 10.91048469 17.81372106 0.88096581
      vertex 10.30488562 17.81444629 1.17034004
    endloop
  endfacet
  facet normal 0.43493701 0.09493785 0.89544213
    outer loop
      vertex 10.90974933 17.19940464 0.94645493
      vertex 10.91048469 17.81372106 0.88096581
      vertex 10.30414965 17.20012986 1.24053185
    endloop
  endfacet
  facet normal 0.02271608 -0.04871511 0.99855436
    outer loop
      vertex 17.57280225 18.42009879 0.70455894
      vertex 16.96720395 18.42081753 0.71837074
      vertex 17.57207348 17.80578255 0.67460571
    endloop
  endfacet
  facet normal -0.01411686 -0.08477883 0.99629979
    outer loop
      vertex 17.57207348 17.80578255 0.67460571
      vertex 16.96720395 18.42081753 0.71837074
      vertex 16.96647458 17.80650127 0.66608597
    endloop
  endfacet
  facet normal -0.01385685 -0.27287000 0.96195112
    outer loop
      vertex 16.96647458 17.80650127 0.66608597
      vertex 16.96574522 17.19218502 0.49181664
      vertex 17.57207348 17.80578255 0.67460571
    endloop
  endfacet
  facet normal 0.00100829 -0.28641346 0.95810559
    outer loop
      vertex 16.96574522 17.19218502 0.49181664
      vertex 17.57134472 17.19146632 0.49096447
      vertex 17.57207348 17.80578255 0.67460571
    endloop
  endfacet
  facet normal -0.02601479 -0.06564030 0.99750418
    outer loop
      vertex 13.33361382 18.42514240 0.49960018
      vertex 13.33288084 17.81082604 0.45915627
      vertex 13.93847984 17.81010377 0.47490269
    endloop
  endfacet
  facet normal -0.13502802 -0.17197902 0.97580257
    outer loop
      vertex 13.93921222 18.42442011 0.58327339
      vertex 13.33361382 18.42514240 0.49960018
      vertex 13.93847984 17.81010377 0.47490269
    endloop
  endfacet
  facet normal -0.13177227 -0.27038684 0.95369126
    outer loop
      vertex 16.36087566 17.80722059 0.58261383
      vertex 16.96574522 17.19218502 0.49181664
      vertex 16.96647458 17.80650127 0.66608597
    endloop
  endfacet
  facet normal 0.00654608 -0.13973961 0.99016665
    outer loop
      vertex 16.36087566 17.80722059 0.58261383
      vertex 16.36014570 17.19290432 0.49592182
      vertex 16.96574522 17.19218502 0.49181664
    endloop
  endfacet
  facet normal -0.17181835 -0.09996778 0.98004331
    outer loop
      vertex 19.38378173 13.50341689 0.22621098
      vertex 19.98865853 12.88838456 0.26952082
      vertex 19.98938476 13.50270065 0.33231049
    endloop
  endfacet
  facet normal -0.12879232 -0.05694859 0.99003505
    outer loop
      vertex 19.38305489 12.88910079 0.19077986
      vertex 19.98865853 12.88838456 0.26952082
      vertex 19.38378173 13.50341689 0.22621098
    endloop
  endfacet
  facet normal 0.17760203 0.00517313 0.98408880
    outer loop
      vertex 18.18058517 20.26232940 0.67364159
      vertex 17.57498869 20.26304760 0.78293198
      vertex 18.17985694 19.64801314 0.67700233
    endloop
  endfacet
  facet normal 0.00163878 -0.16816882 0.98575685
    outer loop
      vertex 18.17985694 19.64801314 0.67700233
      vertex 17.57498869 20.26304760 0.78293198
      vertex 17.57425986 19.64873132 0.67813164
    endloop
  endfacet
  facet normal 0.00186224 -0.00213199 0.99999599
    outer loop
      vertex 17.57425986 19.64873132 0.67813164
      vertex 17.57353105 19.03441505 0.67682327
      vertex 18.17985694 19.64801314 0.67700233
    endloop
  endfacet
  facet normal -0.00000035 -0.00029148 0.99999996
    outer loop
      vertex 18.17985694 19.64801314 0.67700233
      vertex 17.57353105 19.03441505 0.67682327
      vertex 18.17912873 19.03369689 0.67682327
    endloop
  endfacet
  facet normal 0.00032119 0.02158671 0.99976693
    outer loop
      vertex 18.17985694 19.64801314 0.67700233
      vertex 18.78472640 19.03297931 0.69008766
      vertex 18.78545401 19.64729555 0.67682327
    endloop
  endfacet
  facet normal -0.02189803 -0.00026545 0.99976017
    outer loop
      vertex 18.17912873 19.03369689 0.67682327
      vertex 18.78472640 19.03297931 0.69008766
      vertex 18.17985694 19.64801314 0.67700233
    endloop
  endfacet
  facet normal -0.04548206 0.04410989 0.99799083
    outer loop
      vertex 16.96939219 20.26376639 0.75530098
      vertex 17.57498869 20.26304760 0.78293198
      vertex 17.57571754 20.87736389 0.75581322
    endloop
  endfacet
  facet normal 0.08367474 -0.08351201 0.99298755
    outer loop
      vertex 17.57571754 20.87736389 0.75581322
      vertex 16.97012164 20.87808269 0.80690460
      vertex 16.96939219 20.26376639 0.75530098
    endloop
  endfacet
  facet normal -0.05777328 0.02971081 0.99788753
    outer loop
      vertex 14.54993353 22.72391302 0.84557991
      vertex 15.15552769 22.72319180 0.88066261
      vertex 15.15625901 23.33750820 0.86241447
    endloop
  endfacet
  facet normal -0.04353639 0.01561400 0.99892982
    outer loop
      vertex 15.15625901 23.33750820 0.86241447
      vertex 14.55066545 23.33822944 0.83600960
      vertex 14.54993353 22.72391302 0.84557991
    endloop
  endfacet
  facet normal -0.03413571 0.02971499 0.99897536
    outer loop
      vertex 15.15552769 22.72319180 0.88066261
      vertex 15.76112184 22.72247117 0.90137764
      vertex 15.15625901 23.33750820 0.86241447
    endloop
  endfacet
  facet normal 0.07424586 0.13560690 0.98797688
    outer loop
      vertex 15.15625901 23.33750820 0.86241447
      vertex 15.76112184 22.72247117 0.90137764
      vertex 15.76185255 23.33678756 0.81700340
    endloop
  endfacet
  facet normal 0.04428014 0.02301970 0.99875390
    outer loop
      vertex 22.40311183 6.12805012 0.04648062
      vertex 22.40238819 5.51373424 0.06067172
      vertex 23.00799895 5.51302116 0.03383816
    endloop
  endfacet
  facet normal 0.01643749 -0.00438646 0.99985527
    outer loop
      vertex 23.00799895 5.51302116 0.03383816
      vertex 23.00872199 6.12733703 0.03652134
      vertex 22.40311183 6.12805012 0.04648062
    endloop
  endfacet
  facet normal 0.01306289 0.21220151 0.97713862
    outer loop
      vertex 21.19044181 4.90084626 0.16818682
      vertex 20.58483040 4.90156110 0.17612770
      vertex 20.58410500 4.28724519 0.30954607
    endloop
  endfacet
  facet normal 0.02138236 0.20433285 0.97866791
    outer loop
      vertex 21.19044181 4.90084626 0.16818682
      vertex 20.58410500 4.28724519 0.30954607
      vertex 21.18971701 4.28653037 0.29646364
    endloop
  endfacet
  facet normal -0.06601091 0.17551977 0.98226034
    outer loop
      vertex 21.79677742 5.51444791 0.09929016
      vertex 21.19116663 5.51516216 0.05846363
      vertex 21.19044181 4.90084626 0.16818682
    endloop
  endfacet
  facet normal 0.06055181 0.05208887 0.99680501
    outer loop
      vertex 21.19044181 4.90084626 0.16818682
      vertex 21.79605320 4.90013202 0.13143574
      vertex 21.79677742 5.51444791 0.09929016
    endloop
  endfacet
  facet normal 0.00781275 0.17581349 0.98439249
    outer loop
      vertex 21.19044181 4.90084626 0.16818682
      vertex 21.19116663 5.51516216 0.05846363
      vertex 20.58555582 5.51587701 0.06314246
    endloop
  endfacet
  facet normal 0.01310828 0.18085596 0.98342224
    outer loop
      vertex 20.58555582 5.51587701 0.06314246
      vertex 20.58483040 4.90156110 0.17612770
      vertex 21.19044181 4.90084626 0.16818682
    endloop
  endfacet
  facet normal 0.03639311 0.11764773 0.99238831
    outer loop
      vertex 7.86403524 2.45944433 1.73493134
      vertex 7.25842107 2.46017211 1.75705429
      vertex 7.86329731 1.84512813 1.80778564
    endloop
  endfacet
  facet normal -0.02271337 0.05997642 0.99794135
    outer loop
      vertex 7.86329731 1.84512813 1.80778564
      vertex 7.25842107 2.46017211 1.75705429
      vertex 7.25768254 1.84585589 1.79395798
    endloop
  endfacet
  facet normal 0.02594535 0.11769848 0.99271038
    outer loop
      vertex 7.86329731 1.84512813 1.80778564
      vertex 8.46964938 2.45871714 1.71918930
      vertex 7.86403524 2.45944433 1.73493134
    endloop
  endfacet
  facet normal 0.09006263 0.05458703 0.99443903
    outer loop
      vertex 8.46891205 1.84440095 1.75297729
      vertex 8.46964938 2.45871714 1.71918930
      vertex 7.86329731 1.84512813 1.80778564
    endloop
  endfacet
  facet normal 0.08953114 0.12913326 0.98757723
    outer loop
      vertex 8.46817474 1.23008478 1.83337067
      vertex 8.46891205 1.84440095 1.75297729
      vertex 7.86329731 1.84512813 1.80778564
    endloop
  endfacet
  facet normal 0.13052508 0.16900687 0.97693392
    outer loop
      vertex 7.86329731 1.84512813 1.80778564
      vertex 7.86255939 1.23081194 1.91415924
      vertex 8.46817474 1.23008478 1.83337067
    endloop
  endfacet
  facet normal -0.04052617 0.17052583 0.98451946
    outer loop
      vertex 7.25694403 1.23153969 1.88910400
      vertex 7.86255939 1.23081194 1.91415924
      vertex 7.86329731 1.84512813 1.80778564
    endloop
  endfacet
  facet normal -0.02237377 0.15304425 0.98796603
    outer loop
      vertex 7.25768254 1.84585589 1.79395798
      vertex 7.25694403 1.23153969 1.88910400
      vertex 7.86329731 1.84512813 1.80778564
    endloop
  endfacet
  facet normal -0.22186495 0.17567060 0.95912240
    outer loop
      vertex 8.47333629 5.53029823 1.05253136
      vertex 9.07894742 5.52957155 1.19275490
      vertex 9.07968426 6.14388779 1.08040863
    endloop
  endfacet
  facet normal -0.29140718 0.24596800 0.92443583
    outer loop
      vertex 9.07968426 6.14388779 1.08040863
      vertex 8.47407373 6.14461448 0.88931046
      vertex 8.47333629 5.53029823 1.05253136
    endloop
  endfacet
  facet normal -0.35747796 0.15272063 0.92135005
    outer loop
      vertex 9.68529477 6.14316168 1.31550201
      vertex 9.08042111 6.75820403 0.97886703
      vertex 9.07968426 6.14388779 1.08040863
    endloop
  endfacet
  facet normal -0.35560974 0.15476674 0.92173151
    outer loop
      vertex 9.68603102 6.75747791 1.21263702
      vertex 9.08042111 6.75820403 0.97886703
      vertex 9.68529477 6.14316168 1.31550201
    endloop
  endfacet
  facet normal -0.22498517 0.35960097 0.90557651
    outer loop
      vertex 6.05015180 4.91889456 0.81170967
      vertex 5.44453999 4.91962418 0.66095924
      vertex 6.04941200 4.30457826 1.05546852
    endloop
  endfacet
  facet normal -0.16397059 0.41328280 0.89571814
    outer loop
      vertex 6.04941200 4.30457826 1.05546852
      vertex 5.44453999 4.91962418 0.66095924
      vertex 5.44379959 4.30530787 0.94426819
    endloop
  endfacet
  facet normal -0.17946291 0.15387657 0.97165584
    outer loop
      vertex 7.25989819 3.68880458 1.61731384
      vertex 6.65354604 3.07521672 1.60249283
      vertex 7.25915962 3.07448834 1.71446381
    endloop
  endfacet
  facet normal -0.31784454 0.29230985 0.90195887
    outer loop
      vertex 6.65428521 3.68953298 1.40366364
      vertex 6.65354604 3.07521672 1.60249283
      vertex 7.25989819 3.68880458 1.61731384
    endloop
  endfacet
  facet normal -0.09487137 0.15560879 0.98325242
    outer loop
      vertex 7.25915962 3.07448834 1.71446381
      vertex 7.86477318 3.07376054 1.77301300
      vertex 7.25989819 3.68880458 1.61731384
    endloop
  endfacet
  facet normal -0.10747711 0.14335468 0.98381813
    outer loop
      vertex 7.25989819 3.68880458 1.61731384
      vertex 7.86477318 3.07376054 1.77301300
      vertex 7.86551115 3.68807676 1.68358002
    endloop
  endfacet
  facet normal -0.09999937 0.38348849 0.91811584
    outer loop
      vertex 7.25989819 3.68880458 1.61731384
      vertex 7.86551115 3.68807676 1.68358002
      vertex 7.86624913 4.30239300 1.42706619
    endloop
  endfacet
  facet normal -0.08273630 0.36881561 0.92581302
    outer loop
      vertex 7.25989819 3.68880458 1.61731384
      vertex 7.86624913 4.30239300 1.42706619
      vertex 7.26063677 4.30312083 1.37265503
    endloop
  endfacet
  facet normal -0.27973351 0.12415642 0.95201594
    outer loop
      vertex 4.23183314 3.69245252 0.96124550
      vertex 4.23109157 3.07813620 1.04114319
      vertex 4.83744618 3.69172175 1.13928978
    endloop
  endfacet
  facet normal -0.29827514 0.14382875 0.94358107
    outer loop
      vertex 4.83744618 3.69172175 1.13928978
      vertex 4.23109157 3.07813620 1.04114319
      vertex 4.83670521 3.07740544 1.23269493
    endloop
  endfacet
  facet normal -0.21493697 0.14705978 0.96549237
    outer loop
      vertex 4.83670521 3.07740544 1.23269493
      vertex 5.44231884 3.07667528 1.36762726
      vertex 4.83744618 3.69172175 1.13928978
    endloop
  endfacet
  facet normal -0.18439545 0.17753857 0.96668422
    outer loop
      vertex 5.44231884 3.07667528 1.36762726
      vertex 5.44305921 3.69099157 1.25494484
      vertex 4.83744618 3.69172175 1.13928978
    endloop
  endfacet
  facet normal -0.04853052 0.07095548 0.99629820
    outer loop
      vertex 6.65206777 1.84658425 1.77121750
      vertex 7.25842107 2.46017211 1.75705429
      vertex 6.65280690 2.46090048 1.72750244
    endloop
  endfacet
  facet normal -0.03738342 0.05996755 0.99750006
    outer loop
      vertex 7.25768254 1.84585589 1.79395798
      vertex 7.25842107 2.46017211 1.75705429
      vertex 6.65206777 1.84658425 1.77121750
    endloop
  endfacet
  facet normal -0.03689746 0.15299540 0.98753784
    outer loop
      vertex 6.65206777 1.84658425 1.77121750
      vertex 7.25694403 1.23153969 1.88910400
      vertex 7.25768254 1.84585589 1.79395798
    endloop
  endfacet
  facet normal 0.06969942 0.25347696 0.96482715
    outer loop
      vertex 6.65206777 1.84658425 1.77121750
      vertex 6.65132865 1.23226803 1.93266251
      vertex 7.25694403 1.23153969 1.88910400
    endloop
  endfacet
  facet normal 0.42218645 -0.06440601 0.90421815
    outer loop
      vertex 13.32994909 15.35356073 0.29360722
      vertex 12.72434768 15.35428353 0.57641869
      vertex 13.32921620 14.73924443 0.25019264
    endloop
  endfacet
  facet normal 0.16581951 -0.32986441 0.92935104
    outer loop
      vertex 13.32921620 14.73924443 0.25019264
      vertex 12.72434768 15.35428353 0.57641869
      vertex 12.72361419 14.73996721 0.35850376
    endloop
  endfacet
  facet normal 0.27149866 -0.06816994 0.96002153
    outer loop
      vertex 13.32994909 15.35356073 0.29360722
      vertex 13.32921620 14.73924443 0.25019264
      vertex 13.93555049 15.35283852 0.12228897
    endloop
  endfacet
  facet normal 0.21358723 -0.00742626 0.97689577
    outer loop
      vertex 13.93555049 15.35283852 0.12228897
      vertex 13.32921620 14.73924443 0.25019264
      vertex 13.93481820 14.73852223 0.11777911
    endloop
  endfacet
  facet normal 0.05378937 -0.30686304 0.95023249
    outer loop
      vertex 12.72874901 19.04018167 0.62967712
      vertex 12.12241698 18.42658875 0.46584904
      vertex 12.72801541 18.42586528 0.43133457
    endloop
  endfacet
  facet normal -0.02490123 -0.23483945 0.97171517
    outer loop
      vertex 12.12315118 19.04090516 0.61433289
      vertex 12.12241698 18.42658875 0.46584904
      vertex 12.72874901 19.04018167 0.62967712
    endloop
  endfacet
  facet normal -0.00320931 0.00652344 0.99997357
    outer loop
      vertex 12.12461963 20.26953800 0.82262413
      vertex 12.12535388 20.88385444 0.81861893
      vertex 11.51975783 20.88457857 0.81667061
    endloop
  endfacet
  facet normal -0.09760209 -0.08638950 0.99146895
    outer loop
      vertex 11.51902298 20.27026211 0.76307114
      vertex 12.12461963 20.26953800 0.82262413
      vertex 11.51975783 20.88457857 0.81667061
    endloop
  endfacet
  facet normal -0.22948340 -0.39410175 0.88995572
    outer loop
      vertex 7.27023993 12.28923316 0.91186195
      vertex 7.87510628 11.67418873 0.79547043
      vertex 7.87584449 12.28850512 1.06770035
    endloop
  endfacet
  facet normal -0.17214218 -0.34397501 0.92306460
    outer loop
      vertex 7.26950112 11.67491676 0.68280251
      vertex 7.87510628 11.67418873 0.79547043
      vertex 7.27023993 12.28923316 0.91186195
    endloop
  endfacet
  facet normal -0.29371131 -0.27694005 0.91489774
    outer loop
      vertex 7.87658271 12.90282152 1.29225082
      vertex 7.27097875 12.90354958 1.09805305
      vertex 7.27023993 12.28923316 0.91186195
    endloop
  endfacet
  facet normal -0.23532395 -0.33342189 0.91293619
    outer loop
      vertex 7.27023993 12.28923316 0.91186195
      vertex 7.87584449 12.28850512 1.06770035
      vertex 7.87658271 12.90282152 1.29225082
    endloop
  endfacet
  facet normal 0.16533293 -0.01539077 0.98611771
    outer loop
      vertex 12.72214725 13.51133461 0.26657690
      vertex 12.72288071 14.12565091 0.27604183
      vertex 12.11654402 13.51205796 0.36812389
    endloop
  endfacet
  facet normal 0.19789512 -0.04863364 0.97901598
    outer loop
      vertex 12.11654402 13.51205796 0.36812389
      vertex 12.72288071 14.12565091 0.27604183
      vertex 12.11727808 14.12637427 0.39849232
    endloop
  endfacet
  facet normal 0.39082700 -0.26627193 0.88110925
    outer loop
      vertex 10.29899839 12.89991519 1.10415573
      vertex 10.29826257 12.28559886 0.91883522
      vertex 10.90386704 12.28487377 0.64999268
    endloop
  endfacet
  facet normal 0.28436298 -0.37262253 0.88334033
    outer loop
      vertex 10.90460227 12.89919009 0.90889519
      vertex 10.29899839 12.89991519 1.10415573
      vertex 10.90386704 12.28487377 0.64999268
    endloop
  endfacet
  facet normal -0.12819816 0.01065853 0.99169130
    outer loop
      vertex 9.08336869 9.21546915 0.52000000
      vertex 9.08263177 8.60115285 0.52650730
      vertex 9.68823988 8.60042668 0.60480343
    endloop
  endfacet
  facet normal -0.00750341 0.12934082 0.99157181
    outer loop
      vertex 9.68897620 9.21474296 0.52467747
      vertex 9.08336869 9.21546915 0.52000000
      vertex 9.68823988 8.60042668 0.60480343
    endloop
  endfacet
  facet normal -0.01153145 0.00001376 0.99993351
    outer loop
      vertex 13.93262142 12.89557345 0.22261770
      vertex 13.32775047 13.51061186 0.21563374
      vertex 13.32701762 12.89629560 0.21563374
    endloop
  endfacet
  facet normal -0.01903096 -0.00736338 0.99979178
    outer loop
      vertex 13.93335366 13.50988970 0.22715603
      vertex 13.32775047 13.51061186 0.21563374
      vertex 13.93262142 12.89557345 0.22261770
    endloop
  endfacet
  facet normal 0.00000000 0.00000000 1.00000000
    outer loop
      vertex 6.65945985 7.98974710 0.52000000
      vertex 7.26580734 8.60333491 0.52000000
      vertex 6.66019916 8.60406345 0.52000000
    endloop
  endfacet
  facet normal 0.00000000 -0.00000000 1.00000000
    outer loop
      vertex 7.26506863 7.98901858 0.52000000
      vertex 7.26580734 8.60333491 0.52000000
      vertex 6.65945985 7.98974710 0.52000000
    endloop
  endfacet
  facet normal -0.17606569 -0.27705118 0.94458643
    outer loop
      vertex 7.87436809 11.05987236 0.61515125
      vertex 7.87510628 11.67418873 0.79547043
      vertex 7.26950112 11.67491676 0.68280251
    endloop
  endfacet
  facet normal -0.10889879 -0.21387597 0.97077192
    outer loop
      vertex 7.26950112 11.67491676 0.68280251
      vertex 7.26876233 11.06060037 0.54737629
      vertex 7.87436809 11.05987236 0.61515125
    endloop
  endfacet
  facet normal 0.00000000 0.00000000 1.00000000
    outer loop
      vertex 7.87289176 9.83123964 0.52000000
      vertex 7.87215362 9.21692330 0.52000000
      vertex 8.47776116 9.21619593 0.52000000
    endloop
  endfacet
  facet normal 0.00000000 0.00000000 1.00000000
    outer loop
      vertex 7.87289176 9.83123964 0.52000000
      vertex 8.47776116 9.21619593 0.52000000
      vertex 8.47849870 9.83051225 0.52000000
    endloop
  endfacet
  facet normal 0.00627458 -0.00000755 0.99998031
    outer loop
      vertex 6.66093848 9.21837981 0.52380001
      vertex 7.26580734 8.60333491 0.52000000
      vertex 7.26654606 9.21765126 0.52000000
    endloop
  endfacet
  facet normal -0.00000744 -0.00618563 0.99998087
    outer loop
      vertex 6.66019916 8.60406345 0.52000000
      vertex 7.26580734 8.60333491 0.52000000
      vertex 6.66093848 9.21837981 0.52380001
    endloop
  endfacet
  facet normal 0.01121423 -0.14775270 0.98896076
    outer loop
      vertex 4.85078654 14.74941726 1.08308800
      vertex 4.24592620 15.36446487 1.18183609
      vertex 4.24518430 14.75014833 1.09006439
    endloop
  endfacet
  facet normal -0.08105673 -0.23521936 0.96855648
    outer loop
      vertex 4.85152784 15.36373379 1.23234024
      vertex 4.24592620 15.36446487 1.18183609
      vertex 4.85078654 14.74941726 1.08308800
    endloop
  endfacet
  facet normal 0.00262224 -0.06829912 0.99766144
    outer loop
      vertex 3.63958204 14.75087999 1.14142426
      vertex 4.24592620 15.36446487 1.18183609
      vertex 3.64032454 15.36519655 1.18347794
    endloop
  endfacet
  facet normal 0.08340564 -0.14733247 0.98556412
    outer loop
      vertex 4.24518430 14.75014833 1.09006439
      vertex 4.24592620 15.36446487 1.18183609
      vertex 3.63958204 14.75087999 1.14142426
    endloop
  endfacet
  facet normal -0.12841835 -0.28321082 0.95042115
    outer loop
      vertex 7.27393423 15.36081536 1.77722443
      vertex 6.66833266 15.36154408 1.69561432
      vertex 6.66759316 14.74722760 1.51245758
    endloop
  endfacet
  facet normal -0.18900918 -0.22561582 0.95570552
    outer loop
      vertex 7.27319534 14.74649890 1.63205505
      vertex 7.27393423 15.36081536 1.77722443
      vertex 6.66759316 14.74722760 1.51245758
    endloop
  endfacet
  facet normal -0.20833551 -0.29045224 0.93393459
    outer loop
      vertex 6.66759316 14.74722760 1.51245758
      vertex 6.06199097 14.74795689 1.37759094
      vertex 6.06125089 14.13364041 1.18637436
    endloop
  endfacet
  facet normal -0.17146072 -0.32485023 0.93009330
    outer loop
      vertex 6.06125089 14.13364041 1.18637436
      vertex 6.66685368 14.13291113 1.29776123
      vertex 6.66759316 14.74722760 1.51245758
    endloop
  endfacet
  facet normal -0.24775450 -0.31936821 0.91467024
    outer loop
      vertex 6.66685368 14.13291113 1.29776123
      vertex 7.27245646 14.13218245 1.46154495
      vertex 6.66759316 14.74722760 1.51245758
    endloop
  endfacet
  facet normal -0.18725260 -0.26250985 0.94658599
    outer loop
      vertex 6.66759316 14.74722760 1.51245758
      vertex 7.27245646 14.13218245 1.46154495
      vertex 7.27319534 14.74649890 1.63205505
    endloop
  endfacet
  facet normal -0.19329778 0.04133065 0.98026922
    outer loop
      vertex 4.24815199 17.20741458 1.33049683
      vertex 4.24741004 16.59309800 1.35625168
      vertex 4.85301048 16.59236688 1.47569992
    endloop
  endfacet
  facet normal -0.21497585 0.01910591 0.97643246
    outer loop
      vertex 4.85301048 16.59236688 1.47569992
      vertex 4.85375183 17.20668344 1.46384277
      vertex 4.24815199 17.20741458 1.33049683
    endloop
  endfacet
  facet normal -0.00088461 -0.01948959 0.99980967
    outer loop
      vertex 25.43692815 11.03901740 0.05012973
      vertex 24.83060148 10.42541234 0.03763207
      vertex 25.43620738 10.42470150 0.03815404
    endloop
  endfacet
  facet normal -0.00890653 -0.01156453 0.99989346
    outer loop
      vertex 24.83132285 11.03972825 0.04474353
      vertex 24.83060148 10.42541234 0.03763207
      vertex 25.43692815 11.03901740 0.05012973
    endloop
  endfacet
  facet normal -0.00827081 -0.01948027 0.99977603
    outer loop
      vertex 25.43692815 11.03901740 0.05012973
      vertex 25.43620738 10.42470150 0.03815404
      vertex 26.04181326 10.42399126 0.04315018
    endloop
  endfacet
  facet normal -0.00140383 -0.01272813 0.99991801
    outer loop
      vertex 26.04181326 10.42399126 0.04315018
      vertex 26.04253343 11.03830714 0.05097092
      vertex 25.43692815 11.03901740 0.05012973
    endloop
  endfacet
  facet normal 0.00163202 -0.02456168 0.99969698
    outer loop
      vertex 23.62083480 11.65546769 0.05482172
      vertex 23.62011221 11.04115173 0.03972969
      vertex 24.22643952 11.65475563 0.05381556
    endloop
  endfacet
  facet normal 0.00343148 -0.02633865 0.99964719
    outer loop
      vertex 23.62011221 11.04115173 0.03972969
      vertex 24.22571754 11.04043970 0.03763207
      vertex 24.22643952 11.65475563 0.05381556
    endloop
  endfacet
  facet normal 0.04368605 -0.00404961 0.99903710
    outer loop
      vertex 26.04325361 11.65262303 0.06796465
      vertex 26.64957788 12.26622923 0.04393847
      vertex 26.04397381 12.26693893 0.07042329
    endloop
  endfacet
  facet normal 0.04649062 -0.00682645 0.99889540
    outer loop
      vertex 26.64885828 11.65191334 0.03977373
      vertex 26.64957788 12.26622923 0.04393847
      vertex 26.04325361 11.65262303 0.06796465
    endloop
  endfacet
  facet normal 0.00579433 -0.01202251 0.99991094
    outer loop
      vertex 25.43836973 12.26764922 0.07886467
      vertex 25.43764893 11.65333330 0.07148258
      vertex 26.04325361 11.65262303 0.06796465
    endloop
  endfacet
  facet normal 0.01393260 -0.00401816 0.99989486
    outer loop
      vertex 26.04325361 11.65262303 0.06796465
      vertex 26.04397381 12.26693893 0.07042329
      vertex 25.43836973 12.26764922 0.07886467
    endloop
  endfacet
  facet normal -0.00142091 -0.02765058 0.99961664
    outer loop
      vertex 26.04325361 11.65262303 0.06796465
      vertex 25.43692815 11.03901740 0.05012973
      vertex 26.04253343 11.03830714 0.05097092
    endloop
  endfacet
  facet normal 0.00576460 -0.03474394 0.99937962
    outer loop
      vertex 25.43764893 11.65333330 0.07148258
      vertex 25.43692815 11.03901740 0.05012973
      vertex 26.04325361 11.65262303 0.06796465
    endloop
  endfacet
  facet normal 0.01649091 0.00310477 0.99985920
    outer loop
      vertex 21.19334118 7.35810993 0.05036763
      vertex 20.58845765 7.97314080 0.05843431
      vertex 20.58773217 7.35882483 0.06035386
    endloop
  endfacet
  facet normal 0.00712832 -0.00610462 0.99995596
    outer loop
      vertex 21.19406606 7.97242588 0.05411279
      vertex 20.58845765 7.97314080 0.05843431
      vertex 21.19334118 7.35810993 0.05036763
    endloop
  endfacet
  facet normal -0.00000629 -0.00533452 0.99998577
    outer loop
      vertex 21.80039876 8.58602750 0.04537828
      vertex 22.40600653 8.58531376 0.04537828
      vertex 22.40673025 9.19962969 0.04865541
    endloop
  endfacet
  facet normal -0.00427296 -0.00111843 0.99999025
    outer loop
      vertex 21.80112307 9.20034346 0.04606845
      vertex 21.80039876 8.58602750 0.04537828
      vertex 22.40673025 9.19962969 0.04865541
    endloop
  endfacet
  facet normal 0.00881555 -0.00286584 0.99995704
    outer loop
      vertex 22.40673025 9.19962969 0.04865541
      vertex 23.01161429 8.58460060 0.04156014
      vertex 23.01233741 9.19891652 0.04331438
    endloop
  endfacet
  facet normal 0.00629813 -0.00534184 0.99996590
    outer loop
      vertex 22.40600653 8.58531376 0.04537828
      vertex 23.01161429 8.58460060 0.04156014
      vertex 22.40673025 9.19962969 0.04865541
    endloop
  endfacet
  facet normal 0.02194460 0.00117531 0.99975850
    outer loop
      vertex 21.19551588 9.20105781 0.04721160
      vertex 20.58918316 8.58745677 0.06124189
      vertex 21.19479096 8.58674184 0.04794970
    endloop
  endfacet
  facet normal 0.01389318 0.00913372 0.99986177
    outer loop
      vertex 20.58990867 9.20177276 0.05562004
      vertex 20.58918316 8.58745677 0.06124189
      vertex 21.19551588 9.20105781 0.04721160
    endloop
  endfacet
  facet normal 0.00424738 0.00119647 0.99999026
    outer loop
      vertex 21.19551588 9.20105781 0.04721160
      vertex 21.19479096 8.58674184 0.04794970
      vertex 21.80039876 8.58602750 0.04537828
    endloop
  endfacet
  facet normal 0.00188628 -0.00112570 0.99999759
    outer loop
      vertex 21.19551588 9.20105781 0.04721160
      vertex 21.80039876 8.58602750 0.04537828
      vertex 21.80112307 9.20034346 0.04606845
    endloop
  endfacet
  facet normal -0.17756715 -0.11103034 0.97782523
    outer loop
      vertex 18.78036109 15.34708215 0.40933350
      vertex 18.77963360 14.73276600 0.33944687
      vertex 19.38523546 14.73204913 0.44933910
    endloop
  endfacet
  facet normal -0.17000155 -0.10344831 0.97999894
    outer loop
      vertex 19.38596235 15.34636527 0.51431217
      vertex 18.78036109 15.34708215 0.40933350
      vertex 19.38523546 14.73204913 0.44933910
    endloop
  endfacet
  facet normal 0.02288545 -0.10517747 0.99419010
    outer loop
      vertex 19.38523546 14.73204913 0.44933910
      vertex 19.99156358 15.34564897 0.50029594
      vertex 19.38596235 15.34636527 0.51431217
    endloop
  endfacet
  facet normal -0.09026601 0.00649133 0.99589654
    outer loop
      vertex 19.99083729 14.73133285 0.50423428
      vertex 19.99156358 15.34564897 0.50029594
      vertex 19.38523546 14.73204913 0.44933910
    endloop
  endfacet
  facet normal 0.08641021 -0.11271243 0.98986322
    outer loop
      vertex 18.17403173 14.73348345 0.39239464
      vertex 18.77963360 14.73276600 0.33944687
      vertex 18.78036109 15.34708215 0.40933350
    endloop
  endfacet
  facet normal -0.06668494 0.03837098 0.99703600
    outer loop
      vertex 18.78036109 15.34708215 0.40933350
      vertex 18.17475982 15.34779962 0.36880135
      vertex 18.17403173 14.73348345 0.39239464
    endloop
  endfacet
  facet normal 0.02281539 -0.12340167 0.99209449
    outer loop
      vertex 19.38596235 15.34636527 0.51431217
      vertex 19.99156358 15.34564897 0.50029594
      vertex 19.38668925 15.96068141 0.59070717
    endloop
  endfacet
  facet normal 0.01993687 -0.12619020 0.99180570
    outer loop
      vertex 19.38668925 15.96068141 0.59070717
      vertex 19.99156358 15.34564897 0.50029594
      vertex 19.99228989 15.95996511 0.57844250
    endloop
  endfacet
  facet normal -0.06070204 -0.00359010 0.99814947
    outer loop
      vertex 18.78836463 22.10456061 0.69443275
      vertex 18.78909232 22.71887690 0.69668655
      vertex 18.18276996 22.10527826 0.65760635
    endloop
  endfacet
  facet normal -0.15846165 0.09398263 0.98288207
    outer loop
      vertex 18.78909232 22.71887690 0.69668655
      vertex 18.18349826 22.71959457 0.59898319
      vertex 18.18276996 22.10527826 0.65760635
    endloop
  endfacet
  facet normal 0.19974970 -0.04177437 0.97895606
    outer loop
      vertex 20.60442265 21.48809497 0.37951141
      vertex 19.99955391 22.10312708 0.52917587
      vertex 19.99882743 21.48881083 0.50310978
    endloop
  endfacet
  facet normal 0.26039928 0.02120384 0.96526816
    outer loop
      vertex 20.60514853 22.10241120 0.36582104
      vertex 19.99955391 22.10312708 0.52917587
      vertex 20.60442265 21.48809497 0.37951141
    endloop
  endfacet
  facet normal 0.20950323 -0.00384971 0.97780038
    outer loop
      vertex 21.81416373 20.25803265 0.40204887
      vertex 21.81343911 19.64371649 0.39978550
      vertex 22.41903608 19.64300245 0.27002766
    endloop
  endfacet
  facet normal 0.08665724 -0.12688305 0.98812510
    outer loop
      vertex 22.41976010 20.25731860 0.34884720
      vertex 21.81416373 20.25803265 0.40204887
      vertex 22.41903608 19.64300245 0.27002766
    endloop
  endfacet
  facet normal 0.19905750 -0.17110687 0.96493448
    outer loop
      vertex 22.41903608 19.64300245 0.27002766
      vertex 23.02463303 19.64228900 0.14497182
      vertex 23.02535646 20.25660514 0.25375610
    endloop
  endfacet
  facet normal 0.15374034 -0.12592660 0.98005428
    outer loop
      vertex 22.41903608 19.64300245 0.27002766
      vertex 23.02535646 20.25660514 0.25375610
      vertex 22.41976010 20.25731860 0.34884720
    endloop
  endfacet
  facet normal 0.30897147 -0.04058889 0.95020481
    outer loop
      vertex 21.20639172 18.41579879 0.57314747
      vertex 21.81198990 18.41508419 0.37619881
      vertex 21.81271450 19.02940033 0.40220428
    endloop
  endfacet
  facet normal 0.17002015 0.10496855 0.97983404
    outer loop
      vertex 21.81271450 19.02940033 0.40220428
      vertex 21.20711691 19.03011494 0.50721062
      vertex 21.20639172 18.41579879 0.57314747
    endloop
  endfacet
  facet normal 0.11338782 0.03249610 0.99301924
    outer loop
      vertex 19.99519529 18.41722975 0.63152054
      vertex 19.99592169 19.03154595 0.61133438
      vertex 19.38959706 18.41794613 0.70064728
    endloop
  endfacet
  facet normal 0.20807180 -0.06353555 0.97604783
    outer loop
      vertex 19.38959706 18.41794613 0.70064728
      vertex 19.99592169 19.03154595 0.61133438
      vertex 19.39032405 19.03226233 0.74048103
    endloop
  endfacet
  facet normal 0.08939206 -0.04275062 0.99507861
    outer loop
      vertex 19.38959706 18.41794613 0.70064728
      vertex 19.38887008 17.80362993 0.67432030
      vertex 19.99446892 17.80291357 0.61988605
    endloop
  endfacet
  facet normal 0.11336728 -0.01894745 0.99337246
    outer loop
      vertex 19.99446892 17.80291357 0.61988605
      vertex 19.99519529 18.41722975 0.63152054
      vertex 19.38959706 18.41794613 0.70064728
    endloop
  endfacet
  facet normal -0.08282965 -0.06438658 0.99448158
    outer loop
      vertex 19.39032405 19.03226233 0.74048103
      vertex 18.78472640 19.03297931 0.69008766
      vertex 19.38959706 18.41794613 0.70064728
    endloop
  endfacet
  facet normal 0.01835169 0.03520410 0.99921163
    outer loop
      vertex 19.38959706 18.41794613 0.70064728
      vertex 18.78472640 19.03297931 0.69008766
      vertex 18.78399881 18.41866309 0.71174454
    endloop
  endfacet
  facet normal -0.00267116 0.02530485 0.99967621
    outer loop
      vertex 24.83276564 12.26836011 0.08655214
      vertex 24.83348706 12.88267605 0.07100386
      vertex 24.22788355 12.88338754 0.06936767
    endloop
  endfacet
  facet normal 0.00508884 0.03293037 0.99944469
    outer loop
      vertex 24.22788355 12.88338754 0.06936767
      vertex 24.22716153 12.26907158 0.08961224
      vertex 24.83276564 12.26836011 0.08655214
    endloop
  endfacet
  facet normal 0.01272243 0.03009618 0.99946604
    outer loop
      vertex 24.83276564 12.26836011 0.08655214
      vertex 25.43836973 12.26764922 0.07886467
      vertex 25.43909055 12.88196515 0.06035706
    endloop
  endfacet
  facet normal 0.01760181 0.02527723 0.99952551
    outer loop
      vertex 25.43909055 12.88196515 0.06035706
      vertex 24.83348706 12.88267605 0.07100386
      vertex 24.83276564 12.26836011 0.08655214
    endloop
  endfacet
  facet normal 0.03804703 -0.00789523 0.99924476
    outer loop
      vertex 26.04613452 14.10988670 0.03818633
      vertex 25.44053225 14.11059704 0.06125073
      vertex 25.43981139 13.49628109 0.05642435
    endloop
  endfacet
  facet normal 0.02573119 0.00428678 0.99965971
    outer loop
      vertex 25.43981139 13.49628109 0.05642435
      vertex 26.04541427 13.49557076 0.04083920
      vertex 26.04613452 14.10988670 0.03818633
    endloop
  endfacet
  facet normal 0.06890072 -0.00791845 0.99759210
    outer loop
      vertex 25.43981139 13.49628109 0.05642435
      vertex 25.44053225 14.11059704 0.06125073
      vertex 24.83420850 13.49699201 0.09825718
    endloop
  endfacet
  facet normal 0.04416992 0.01659693 0.99888616
    outer loop
      vertex 24.83420850 13.49699201 0.09825718
      vertex 25.44053225 14.11059704 0.06125073
      vertex 24.83492995 14.11130798 0.08801815
    endloop
  endfacet
  facet normal 0.01750846 -0.04433382 0.99886334
    outer loop
      vertex 24.83420850 13.49699201 0.09825718
      vertex 24.83348706 12.88267605 0.07100386
      vertex 25.43909055 12.88196515 0.06035706
    endloop
  endfacet
  facet normal 0.06891813 0.00630556 0.99760239
    outer loop
      vertex 25.43909055 12.88196515 0.06035706
      vertex 25.43981139 13.49628109 0.05642435
      vertex 24.83420850 13.49699201 0.09825718
    endloop
  endfacet
  facet normal -0.04764947 0.00005600 0.99886412
    outer loop
      vertex 24.83420850 13.49699201 0.09825718
      vertex 24.22860559 13.49770352 0.06936767
      vertex 24.22788355 12.88338754 0.06936767
    endloop
  endfacet
  facet normal -0.00275116 -0.04431670 0.99901374
    outer loop
      vertex 24.22788355 12.88338754 0.06936767
      vertex 24.83348706 12.88267605 0.07100386
      vertex 24.83420850 13.49699201 0.09825718
    endloop
  endfacet
  facet normal 0.03801774 -0.02431306 0.99898124
    outer loop
      vertex 25.44053225 14.11059704 0.06125073
      vertex 26.04613452 14.10988670 0.03818633
      vertex 26.04685480 14.72420265 0.05311006
    endloop
  endfacet
  facet normal 0.07764692 -0.06352529 0.99495502
    outer loop
      vertex 25.44125312 14.72491301 0.10041695
      vertex 25.44053225 14.11059704 0.06125073
      vertex 26.04685480 14.72420265 0.05311006
    endloop
  endfacet
  facet normal 0.08665979 0.07779644 0.99319575
    outer loop
      vertex 23.62733884 17.18431180 0.05658933
      vertex 23.62661610 16.56999574 0.10477140
      vertex 24.23221603 16.56928356 0.05198648
    endloop
  endfacet
  facet normal 0.02104548 0.01321648 0.99969116
    outer loop
      vertex 24.23293817 17.18359960 0.04384968
      vertex 23.62733884 17.18431180 0.05658933
      vertex 24.23221603 16.56928356 0.05198648
    endloop
  endfacet
  facet normal -0.03244063 0.08580179 0.99578394
    outer loop
      vertex 25.44341583 16.56786097 0.06917988
      vertex 24.83781594 16.56857197 0.04938940
      vertex 24.83709442 15.95425595 0.10229847
    endloop
  endfacet
  facet normal 0.00993748 0.04409909 0.99897774
    outer loop
      vertex 24.83709442 15.95425595 0.10229847
      vertex 25.44269491 15.95354497 0.09630555
      vertex 25.44341583 16.56786097 0.06917988
    endloop
  endfacet
  facet normal -0.02917348 0.00161953 0.99957305
    outer loop
      vertex 24.83492995 14.11130798 0.08801815
      vertex 24.83565142 14.72562396 0.08704388
      vertex 24.23004971 14.72633550 0.06936767
    endloop
  endfacet
  facet normal -0.03078195 0.00003618 0.99952612
    outer loop
      vertex 24.23004971 14.72633550 0.06936767
      vertex 24.22932764 14.11201950 0.06936767
      vertex 24.83492995 14.11130798 0.08801815
    endloop
  endfacet
  facet normal -0.02824393 -0.00332391 0.99959553
    outer loop
      vertex 24.83637291 15.33993995 0.08853993
      vertex 24.23077180 15.34065150 0.07143083
      vertex 24.23004971 14.72633550 0.06936767
    endloop
  endfacet
  facet normal -0.02917816 -0.00240001 0.99957135
    outer loop
      vertex 24.23004971 14.72633550 0.06936767
      vertex 24.83565142 14.72562396 0.08704388
      vertex 24.83637291 15.33993995 0.08853993
    endloop
  endfacet
  facet normal 0.00715595 -0.00000866 0.99997440
    outer loop
      vertex 2.41648069 4.92328116 0.59447128
      vertex 2.41722411 5.53759757 0.59447128
      vertex 1.81161280 5.53833076 0.59880512
    endloop
  endfacet
  facet normal 0.16012880 0.15060401 0.97553944
    outer loop
      vertex 2.41648069 4.92328116 0.59447128
      vertex 1.81161280 5.53833076 0.59880512
      vertex 1.81086879 4.92401433 0.69376556
    endloop
  endfacet
  facet normal 0.15869264 0.20221160 0.96639904
    outer loop
      vertex 2.41648069 4.92328116 0.59447128
      vertex 1.81086879 4.92401433 0.69376556
      vertex 1.81012479 4.30969792 0.82242874
    endloop
  endfacet
  facet normal 0.11046434 0.24836642 0.96234700
    outer loop
      vertex 1.81012479 4.30969792 0.82242874
      vertex 2.41573729 4.30896477 0.75310188
      vertex 2.41648069 4.92328116 0.59447128
    endloop
  endfacet
  facet normal -0.11376408 0.13098392 0.98483549
    outer loop
      vertex 0.60933412 12.91159730 0.98447571
      vertex 0.60858870 12.29728070 1.06609421
      vertex 1.21419343 12.29654615 1.13614883
    endloop
  endfacet
  facet normal -0.22000458 0.02412787 0.97520041
    outer loop
      vertex 1.21419343 12.29654615 1.13614883
      vertex 1.21493826 12.91086273 1.12111778
      vertex 0.60933412 12.91159730 0.98447571
    endloop
  endfacet
  facet normal -0.22230706 0.23834791 0.94539402
    outer loop
      vertex 0.60784328 11.68296412 1.14826027
      vertex 1.21344862 11.68222958 1.29085205
      vertex 1.21419343 12.29654615 1.13614883
    endloop
  endfacet
  facet normal -0.11374991 0.13184655 0.98472201
    outer loop
      vertex 1.21419343 12.29654615 1.13614883
      vertex 0.60858870 12.29728070 1.06609421
      vertex 0.60784328 11.68296412 1.14826027
    endloop
  endfacet
  facet normal -0.27734274 0.07887604 0.95752784
    outer loop
      vertex 1.81979816 12.29581219 1.31161942
      vertex 1.82054239 12.91012875 1.26123085
      vertex 1.21419343 12.29654615 1.13614883
    endloop
  endfacet
  facet normal -0.22531347 0.02410465 0.97398809
    outer loop
      vertex 1.21419343 12.29654615 1.13614883
      vertex 1.82054239 12.91012875 1.26123085
      vertex 1.21493826 12.91086273 1.12111778
    endloop
  endfacet
  facet normal -0.16558678 0.21037432 0.96349554
    outer loop
      vertex 1.21270383 11.06791302 1.45120880
      vertex 1.81830975 11.06717910 1.55544876
      vertex 1.81905395 11.68149564 1.42144379
    endloop
  endfacet
  facet normal -0.20394867 0.24749261 0.94718126
    outer loop
      vertex 1.81905395 11.68149564 1.42144379
      vertex 1.21344862 11.68222958 1.29085205
      vertex 1.21270383 11.06791302 1.45120880
    endloop
  endfacet
  facet normal -0.00480920 -0.06828963 0.99765395
    outer loop
      vertex 3.03472287 15.36592882 1.18060875
      vertex 3.63958204 14.75087999 1.14142426
      vertex 3.64032454 15.36519655 1.18347794
    endloop
  endfacet
  facet normal 0.21369006 0.14863646 0.96552771
    outer loop
      vertex 3.03397977 14.75161224 1.27534309
      vertex 3.63958204 14.75087999 1.14142426
      vertex 3.03472287 15.36592882 1.18060875
    endloop
  endfacet
  facet normal 0.10703814 0.13313025 0.98530156
    outer loop
      vertex 3.03472287 15.36592882 1.18060875
      vertex 2.42912118 15.36666168 1.24629921
      vertex 2.42837748 14.75234508 1.32938416
    endloop
  endfacet
  facet normal 0.08803534 0.15171361 0.98449620
    outer loop
      vertex 2.42837748 14.75234508 1.32938416
      vertex 3.03397977 14.75161224 1.27534309
      vertex 3.03472287 15.36592882 1.18060875
    endloop
  endfacet
  facet normal -0.03876179 0.10096647 0.99413444
    outer loop
      vertex 3.03472287 15.36592882 1.18060875
      vertex 3.64106706 15.97951312 1.14193344
      vertex 3.03546598 15.98024541 1.11824638
    endloop
  endfacet
  facet normal -0.00464530 0.06747792 0.99770995
    outer loop
      vertex 3.64032454 15.36519655 1.18347794
      vertex 3.64106706 15.97951312 1.14193344
      vertex 3.03472287 15.36592882 1.18060875
    endloop
  endfacet
  facet normal 0.10584068 0.20279247 0.97348496
    outer loop
      vertex 2.42986490 15.98097828 1.11824638
      vertex 2.42912118 15.36666168 1.24629921
      vertex 3.03472287 15.36592882 1.18060875
    endloop
  endfacet
  facet normal 0.00012222 0.10099582 0.99488684
    outer loop
      vertex 3.03472287 15.36592882 1.18060875
      vertex 3.03546598 15.98024541 1.11824638
      vertex 2.42986490 15.98097828 1.11824638
    endloop
  endfacet
  facet normal -0.05741909 0.28418852 0.95704751
    outer loop
      vertex 8.49251525 21.50252465 0.53458500
      vertex 8.49177738 20.88820810 0.71695770
      vertex 9.09811077 21.50179754 0.57113426
    endloop
  endfacet
  facet normal 0.08733112 0.14782872 0.98514971
    outer loop
      vertex 9.09811077 21.50179754 0.57113426
      vertex 8.49177738 20.88820810 0.71695770
      vertex 9.09737350 20.88748101 0.66338219
    endloop
  endfacet
  facet normal -0.17802087 0.27460167 0.94493518
    outer loop
      vertex 6.67129082 17.81881012 1.78840088
      vertex 6.67203040 18.43312665 1.61001755
      vertex 6.06643181 18.43385605 1.49571396
    endloop
  endfacet
  facet normal -0.23535281 0.21914546 0.94688137
    outer loop
      vertex 6.06569163 17.81953949 1.63770691
      vertex 6.67129082 17.81881012 1.78840088
      vertex 6.06643181 18.43385605 1.49571396
    endloop
  endfacet
  facet normal -0.18363103 0.13439954 0.97376404
    outer loop
      vertex 6.67203040 18.43312665 1.61001755
      vertex 6.67277000 19.04744320 1.52536865
      vertex 6.06643181 18.43385605 1.49571396
    endloop
  endfacet
  facet normal -0.18559734 0.13637392 0.97311653
    outer loop
      vertex 6.06643181 18.43385605 1.49571396
      vertex 6.67277000 19.04744320 1.52536865
      vertex 6.06717201 19.04817261 1.40976395
    endloop
  endfacet
  facet normal 0.36726694 -0.25049342 0.89574999
    outer loop
      vertex 9.69854996 17.20085567 1.50275787
      vertex 9.09295025 17.20158207 1.75126328
      vertex 9.09221310 16.58726562 1.57977402
    endloop
  endfacet
  facet normal 0.32603015 -0.20637932 0.92255727
    outer loop
      vertex 9.69854996 17.20085567 1.50275787
      vertex 9.09221310 16.58726562 1.57977402
      vertex 9.69781341 16.58653924 1.36559341
    endloop
  endfacet
  facet normal 0.20065268 -0.21371126 0.95606799
    outer loop
      vertex 9.69781341 16.58653924 1.36559341
      vertex 10.30341371 16.58581344 1.23833214
      vertex 9.69854996 17.20085567 1.50275787
    endloop
  endfacet
  facet normal 0.39734502 -0.00376192 0.91766158
    outer loop
      vertex 10.30341371 16.58581344 1.23833214
      vertex 10.30414965 17.20012986 1.24053185
      vertex 9.69854996 17.20085567 1.50275787
    endloop
  endfacet
  facet normal 0.36707574 0.13580366 0.92022430
    outer loop
      vertex 10.30488562 17.81444629 1.17034004
      vertex 9.69928653 17.81517211 1.41180527
      vertex 9.69854996 17.20085567 1.50275787
    endloop
  endfacet
  facet normal 0.39530967 0.10380733 0.91266330
    outer loop
      vertex 9.69854996 17.20085567 1.50275787
      vertex 10.30414965 17.20012986 1.24053185
      vertex 10.30488562 17.81444629 1.17034004
    endloop
  endfacet
  facet normal -0.10738201 0.00766000 0.99418833
    outer loop
      vertex 17.56915854 15.34851769 0.38618942
      vertex 18.17548793 15.96211580 0.44695126
      vertex 17.56988725 15.96283389 0.38153496
    endloop
  endfacet
  facet normal 0.02832138 -0.12617982 0.99160302
    outer loop
      vertex 18.17475982 15.34779962 0.36880135
      vertex 18.17548793 15.96211580 0.44695126
      vertex 17.56915854 15.34851769 0.38618942
    endloop
  endfacet
  facet normal 0.02872458 0.03832766 0.99885229
    outer loop
      vertex 17.56915854 15.34851769 0.38618942
      vertex 18.17403173 14.73348345 0.39239464
      vertex 18.17475982 15.34779962 0.36880135
    endloop
  endfacet
  facet normal -0.00428236 0.00587734 0.99997356
    outer loop
      vertex 17.56842985 14.73420150 0.38979694
      vertex 18.17403173 14.73348345 0.39239464
      vertex 17.56915854 15.34851769 0.38618942
    endloop
  endfacet
  facet normal -0.24594409 -0.07769095 0.96616542
    outer loop
      vertex 15.14821547 16.58002841 0.21906406
      vertex 15.14748435 15.96571214 0.16947977
      vertex 15.75308510 15.96499169 0.32358170
    endloop
  endfacet
  facet normal -0.21406068 -0.04469781 0.97579718
    outer loop
      vertex 15.14821547 16.58002841 0.21906406
      vertex 15.75308510 15.96499169 0.32358170
      vertex 15.75381562 16.57930794 0.35188160
    endloop
  endfacet
  facet normal 0.01137147 0.03292129 0.99939326
    outer loop
      vertex 23.62155740 12.26978365 0.09647957
      vertex 24.22716153 12.26907158 0.08961224
      vertex 24.22788355 12.88338754 0.06936767
    endloop
  endfacet
  facet normal 0.00005184 0.04409050 0.99902754
    outer loop
      vertex 23.62155740 12.26978365 0.09647957
      vertex 24.22788355 12.88338754 0.06936767
      vertex 23.62228002 12.88409963 0.06936767
    endloop
  endfacet
  facet normal 0.00157805 -0.06765816 0.99770731
    outer loop
      vertex 23.62083480 11.65546769 0.05482172
      vertex 24.22643952 11.65475563 0.05381556
      vertex 23.62155740 12.26978365 0.09647957
    endloop
  endfacet
  facet normal 0.01125130 -0.05818161 0.99824261
    outer loop
      vertex 23.62155740 12.26978365 0.09647957
      vertex 24.22643952 11.65475563 0.05381556
      vertex 24.22716153 12.26907158 0.08961224
    endloop
  endfacet
  facet normal 0.00349163 -0.06766007 0.99770232
    outer loop
      vertex 23.62083480 11.65546769 0.05482172
      vertex 23.62155740 12.26978365 0.09647957
      vertex 23.01523005 11.65618033 0.05698946
    endloop
  endfacet
  facet normal 0.00181481 -0.06601053 0.99781728
    outer loop
      vertex 23.01523005 11.65618033 0.05698946
      vertex 23.62155740 12.26978365 0.09647957
      vertex 23.01595326 12.27049631 0.09762817
    endloop
  endfacet
  facet normal 0.00354946 -0.02456381 0.99969196
    outer loop
      vertex 23.01523005 11.65618033 0.05698946
      vertex 23.62011221 11.04115173 0.03972969
      vertex 23.62083480 11.65546769 0.05482172
    endloop
  endfacet
  facet normal 0.01585797 -0.01246130 0.99979660
    outer loop
      vertex 23.01450687 11.04186436 0.04934420
      vertex 23.62011221 11.04115173 0.03972969
      vertex 23.01523005 11.65618033 0.05698946
    endloop
  endfacet
  facet normal 0.25228862 0.19021731 0.94877175
    outer loop
      vertex 15.74797189 11.66477821 0.30873281
      vertex 16.35357683 11.66405847 0.14784024
      vertex 15.74870230 12.27909439 0.18537560
    endloop
  endfacet
  facet normal 0.06344428 0.00148956 0.99798427
    outer loop
      vertex 15.74870230 12.27909439 0.18537560
      vertex 16.35357683 11.66405847 0.14784024
      vertex 16.35430663 12.27837463 0.14687694
    endloop
  endfacet
  facet normal -0.01878256 0.10804053 0.99396904
    outer loop
      vertex 13.93408592 14.12420596 0.16039610
      vertex 13.32775047 13.51061186 0.21563374
      vertex 13.93335366 13.50988970 0.22715603
    endloop
  endfacet
  facet normal 0.17552954 -0.08515987 0.98078396
    outer loop
      vertex 13.32848332 14.12492814 0.26884266
      vertex 13.32775047 13.51061186 0.21563374
      vertex 13.93408592 14.12420596 0.16039610
    endloop
  endfacet
  facet normal 0.17622499 0.02966006 0.98390296
    outer loop
      vertex 13.93408592 14.12420596 0.16039610
      vertex 13.32921620 14.73924443 0.25019264
      vertex 13.32848332 14.12492814 0.26884266
    endloop
  endfacet
  facet normal 0.21319305 0.06736274 0.97468507
    outer loop
      vertex 13.93481820 14.73852223 0.11777911
      vertex 13.32921620 14.73924443 0.25019264
      vertex 13.93408592 14.12420596 0.16039610
    endloop
  endfacet
  facet normal -0.12886335 0.02558978 0.99133213
    outer loop
      vertex 19.38232806 12.27478470 0.20654305
      vertex 19.98865853 12.88838456 0.26952082
      vertex 19.38305489 12.88910079 0.19077986
    endloop
  endfacet
  facet normal 0.09041145 -0.18968535 0.97767338
    outer loop
      vertex 19.98793230 12.27406849 0.15040015
      vertex 19.98865853 12.88838456 0.26952082
      vertex 19.38232806 12.27478470 0.20654305
    endloop
  endfacet
  facet normal 0.16175697 -0.16613898 0.97274484
    outer loop
      vertex 17.57425986 19.64873132 0.67813164
      vertex 17.57498869 20.26304760 0.78293198
      vertex 16.96866276 19.64945009 0.77895866
    endloop
  endfacet
  facet normal -0.04549929 0.03849616 0.99822235
    outer loop
      vertex 17.57498869 20.26304760 0.78293198
      vertex 16.96939219 20.26376639 0.75530098
      vertex 16.96866276 19.64945009 0.77895866
    endloop
  endfacet
  facet normal 0.07435972 -0.09177134 0.99299983
    outer loop
      vertex 16.96866276 19.64945009 0.77895866
      vertex 16.96793335 19.03513381 0.72223923
      vertex 17.57353105 19.03441505 0.67682327
    endloop
  endfacet
  facet normal 0.16422819 -0.00229570 0.98641970
    outer loop
      vertex 16.96866276 19.64945009 0.77895866
      vertex 17.57353105 19.03441505 0.67682327
      vertex 17.57425986 19.64873132 0.67813164
    endloop
  endfacet
  facet normal -0.02975216 -0.19988790 0.97936696
    outer loop
      vertex 15.15040896 18.42297730 0.49340954
      vertex 14.54481060 18.42369841 0.47515926
      vertex 14.54407882 17.80938208 0.34975563
    endloop
  endfacet
  facet normal 0.01566984 -0.24258024 0.97000479
    outer loop
      vertex 14.54407882 17.80938208 0.34975563
      vertex 15.14967778 17.80866099 0.33979221
      vertex 15.15040896 18.42297730 0.49340954
    endloop
  endfacet
  facet normal -0.09018261 -0.01537555 0.99580655
    outer loop
      vertex 13.94507187 23.33895127 0.80418404
      vertex 13.33947828 23.33967369 0.74935120
      vertex 13.33874516 22.72535724 0.73979958
    endloop
  endfacet
  facet normal -0.13209511 0.02655736 0.99088122
    outer loop
      vertex 13.33874516 22.72535724 0.73979958
      vertex 13.94433936 22.72463483 0.82055115
      vertex 13.94507187 23.33895127 0.80418404
    endloop
  endfacet
  facet normal -0.04992976 0.28709044 0.95660133
    outer loop
      vertex 14.55066545 23.33822944 0.83600960
      vertex 14.55139738 23.95254587 0.65168221
      vertex 13.94507187 23.33895127 0.80418404
    endloop
  endfacet
  facet normal 0.03125017 0.21189077 0.97679359
    outer loop
      vertex 13.94507187 23.33895127 0.80418404
      vertex 14.55139738 23.95254587 0.65168221
      vertex 13.94580441 23.95326771 0.67090012
    endloop
  endfacet
  facet normal -0.05245529 0.01561795 0.99850114
    outer loop
      vertex 14.54993353 22.72391302 0.84557991
      vertex 14.55066545 23.33822944 0.83600960
      vertex 13.94507187 23.33895127 0.80418404
    endloop
  endfacet
  facet normal -0.04124761 0.02665983 0.99879322
    outer loop
      vertex 13.94507187 23.33895127 0.80418404
      vertex 13.94433936 22.72463483 0.82055115
      vertex 14.54993353 22.72391302 0.84557991
    endloop
  endfacet
  facet normal -0.03048506 0.16734092 0.98542766
    outer loop
      vertex 16.36598587 22.10743477 0.78988136
      vertex 15.75966046 21.49383843 0.87532234
      vertex 16.36525579 21.49311843 0.89417923
    endloop
  endfacet
  facet normal -0.01050108 0.14807998 0.98891964
    outer loop
      vertex 15.76039114 22.10815479 0.78334290
      vertex 15.75966046 21.49383843 0.87532234
      vertex 16.36598587 22.10743477 0.78988136
    endloop
  endfacet
  facet normal -0.01382518 0.16738347 0.98579493
    outer loop
      vertex 16.36598587 22.10743477 0.78988136
      vertex 16.36525579 21.49311843 0.89417923
      vertex 16.97085110 21.49239901 0.90279449
    endloop
  endfacet
  facet normal -0.01800250 0.16338594 0.98639796
    outer loop
      vertex 16.97085110 21.49239901 0.90279449
      vertex 16.97158058 22.10671534 0.80105309
      vertex 16.36598587 22.10743477 0.78988136
    endloop
  endfacet
  facet normal 0.20146114 0.20765563 0.95723171
    outer loop
      vertex 20.58410500 4.28724519 0.30954607
      vertex 20.58483040 4.90156110 0.17612770
      vertex 19.97921898 4.90227652 0.30343084
    endloop
  endfacet
  facet normal 0.08945538 0.09783495 0.99117408
    outer loop
      vertex 19.97849298 4.28796060 0.36413311
      vertex 20.58410500 4.28724519 0.30954607
      vertex 19.97921898 4.90227652 0.30343084
    endloop
  endfacet
  facet normal 0.20266608 0.17690120 0.96313676
    outer loop
      vertex 19.97921898 4.90227652 0.30343084
      vertex 20.58483040 4.90156110 0.17612770
      vertex 20.58555582 5.51587701 0.06314246
    endloop
  endfacet
  facet normal 0.23509221 0.14411227 0.96123010
    outer loop
      vertex 20.58555582 5.51587701 0.06314246
      vertex 19.97994499 5.51659245 0.21115206
      vertex 19.97921898 4.90227652 0.30343084
    endloop
  endfacet
  facet normal 0.13277393 -0.04885652 0.98994148
    outer loop
      vertex 10.28575619 1.84222298 1.53389023
      vertex 9.68014149 1.84294838 1.61515289
      vertex 9.67940538 1.22863224 1.58493332
    endloop
  endfacet
  facet normal 0.07203985 0.01177576 0.99733224
    outer loop
      vertex 9.67940538 1.22863224 1.58493332
      vertex 10.28502068 1.22790686 1.54119675
      vertex 10.28575619 1.84222298 1.53389023
    endloop
  endfacet
  facet normal -0.36138202 -0.05551134 0.93076395
    outer loop
      vertex 9.68455854 5.52884546 1.27857796
      vertex 9.68529477 6.14316168 1.31550201
      vertex 9.07968426 6.14388779 1.08040863
    endloop
  endfacet
  facet normal -0.13785232 0.17833907 0.97426481
    outer loop
      vertex 9.07968426 6.14388779 1.08040863
      vertex 9.07894742 5.52957155 1.19275490
      vertex 9.68455854 5.52884546 1.27857796
    endloop
  endfacet
  facet normal 0.27002326 0.23830288 0.93289827
    outer loop
      vertex 12.10847051 6.75457934 1.12990692
      vertex 12.10920438 7.36889552 0.97277138
      vertex 11.50286066 6.75530310 1.30501312
    endloop
  endfacet
  facet normal 0.10077589 0.39487904 0.91318933
    outer loop
      vertex 11.50286066 6.75530310 1.30501312
      vertex 12.10920438 7.36889552 0.97277138
      vertex 11.50359513 7.36961929 1.03929100
    endloop
  endfacet
  facet normal -0.20162664 0.27354059 0.94049043
    outer loop
      vertex 7.86920124 6.75965805 0.58075039
      vertex 7.86846318 6.14534177 0.75926537
      vertex 8.47407373 6.14461448 0.88931046
    endloop
  endfacet
  facet normal -0.26040059 0.21600787 0.94102717
    outer loop
      vertex 7.86920124 6.75965805 0.58075039
      vertex 8.47407373 6.14461448 0.88931046
      vertex 8.47481118 6.75893075 0.74850143
    endloop
  endfacet
  facet normal -0.02061042 0.06558555 0.99763407
    outer loop
      vertex 3.02134978 4.30823220 0.76936592
      vertex 3.02060700 3.69391584 0.80973640
      vertex 3.62622008 3.69318388 0.82229607
    endloop
  endfacet
  facet normal -0.05480754 0.03198450 0.99798453
    outer loop
      vertex 3.02134978 4.30823220 0.76936592
      vertex 3.62622008 3.69318388 0.82229607
      vertex 3.62696226 4.30750023 0.80264854
    endloop
  endfacet
  facet normal -0.02599989 0.20906410 0.97755624
    outer loop
      vertex 3.02134978 4.30823220 0.76936592
      vertex 2.41573729 4.30896477 0.75310188
      vertex 2.41499391 3.69464838 0.88446228
    endloop
  endfacet
  facet normal 0.12227902 0.06493537 0.99036924
    outer loop
      vertex 2.41499391 3.69464838 0.88446228
      vertex 3.02060700 3.69391584 0.80973640
      vertex 3.02134978 4.30823220 0.76936592
    endloop
  endfacet
  facet normal -0.02569144 0.24996847 0.96791307
    outer loop
      vertex 3.02134978 4.30823220 0.76936592
      vertex 2.41648069 4.92328116 0.59447128
      vertex 2.41573729 4.30896477 0.75310188
    endloop
  endfacet
  facet normal -0.26571023 0.01280048 0.96396796
    outer loop
      vertex 3.02209258 4.92254858 0.76141319
      vertex 2.41648069 4.92328116 0.59447128
      vertex 3.02134978 4.30823220 0.76936592
    endloop
  endfacet
  facet normal -0.05465846 0.06935408 0.99609360
    outer loop
      vertex 3.62770446 4.92181659 0.75991684
      vertex 3.02134978 4.30823220 0.76936592
      vertex 3.62696226 4.30750023 0.80264854
    endloop
  endfacet
  facet normal 0.00248624 0.01294153 0.99991316
    outer loop
      vertex 3.02209258 4.92254858 0.76141319
      vertex 3.02134978 4.30823220 0.76936592
      vertex 3.62770446 4.92181659 0.75991684
    endloop
  endfacet
  facet normal -0.23791126 0.21625612 0.94690629
    outer loop
      vertex 6.04793245 3.07594571 1.45016525
      vertex 6.65354604 3.07521672 1.60249283
      vertex 6.04867222 3.69026198 1.31005249
    endloop
  endfacet
  facet normal -0.14512977 0.30483005 0.94128422
    outer loop
      vertex 6.04867222 3.69026198 1.31005249
      vertex 6.65354604 3.07521672 1.60249283
      vertex 6.65428521 3.68953298 1.40366364
    endloop
  endfacet
  facet normal -0.08892866 0.17980622 0.97967414
    outer loop
      vertex 6.04867222 3.69026198 1.31005249
      vertex 5.44305921 3.69099157 1.25494484
      vertex 5.44231884 3.07667528 1.36762726
    endloop
  endfacet
  facet normal -0.13145246 0.22058955 0.96646805
    outer loop
      vertex 6.04867222 3.69026198 1.31005249
      vertex 5.44231884 3.07667528 1.36762726
      vertex 6.04793245 3.07594571 1.45016525
    endloop
  endfacet
  facet normal -0.16678320 0.37765406 0.91080227
    outer loop
      vertex 6.04867222 3.69026198 1.31005249
      vertex 6.04941200 4.30457826 1.05546852
      vertex 5.44379959 4.30530787 0.94426819
    endloop
  endfacet
  facet normal -0.08039297 0.44991420 0.88944600
    outer loop
      vertex 5.44379959 4.30530787 0.94426819
      vertex 5.44305921 3.69099157 1.25494484
      vertex 6.04867222 3.69026198 1.31005249
    endloop
  endfacet
  facet normal -0.14620538 0.28247058 0.94806875
    outer loop
      vertex 6.65502439 4.30384925 1.22074631
      vertex 6.04867222 3.69026198 1.31005249
      vertex 6.65428521 3.68953298 1.40366364
    endloop
  endfacet
  facet normal -0.24402075 0.37152232 0.89578181
    outer loop
      vertex 6.04941200 4.30457826 1.05546852
      vertex 6.04867222 3.69026198 1.31005249
      vertex 6.65502439 4.30384925 1.22074631
    endloop
  endfacet
  facet normal -0.24868326 0.25703281 0.93385800
    outer loop
      vertex 6.65650281 5.53248182 0.78185867
      vertex 6.65724204 6.14679812 0.61297260
      vertex 6.05089162 5.53321087 0.62038578
    endloop
  endfacet
  facet normal -0.11628761 0.12681759 0.98508603
    outer loop
      vertex 6.05089162 5.53321087 0.62038578
      vertex 6.65724204 6.14679812 0.61297260
      vertex 6.05163145 6.14752719 0.54138752
    endloop
  endfacet
  facet normal -0.23087375 0.28957460 0.92889389
    outer loop
      vertex 6.05089162 5.53321087 0.62038578
      vertex 5.44453999 4.91962418 0.66095924
      vertex 6.05015180 4.91889456 0.81170967
    endloop
  endfacet
  facet normal -0.14696840 0.20916340 0.96677348
    outer loop
      vertex 5.44528041 5.53394050 0.52816322
      vertex 5.44453999 4.91962418 0.66095924
      vertex 6.05089162 5.53321087 0.62038578
    endloop
  endfacet
  facet normal 0.12109531 0.13861232 0.98291533
    outer loop
      vertex 8.47112409 3.68734954 1.61178116
      vertex 7.86477318 3.07376054 1.77301300
      vertex 8.47038673 3.07303333 1.69850388
    endloop
  endfacet
  facet normal 0.11669149 0.14294125 0.98282801
    outer loop
      vertex 7.86551115 3.68807676 1.68358002
      vertex 7.86477318 3.07376054 1.77301300
      vertex 8.47112409 3.68734954 1.61178116
    endloop
  endfacet
  facet normal -0.00113284 0.11695371 0.99313672
    outer loop
      vertex 9.07526351 2.45799054 1.68141144
      vertex 8.46891205 1.84440095 1.75297729
      vertex 9.07452678 1.84367437 1.75375366
    endloop
  endfacet
  facet normal 0.06223049 0.05473707 0.99655969
    outer loop
      vertex 9.07526351 2.45799054 1.68141144
      vertex 8.46964938 2.45871714 1.71918930
      vertex 8.46891205 1.84440095 1.75297729
    endloop
  endfacet
  facet normal -0.29615931 0.18501167 0.93704874
    outer loop
      vertex 4.83670521 3.07740544 1.23269493
      vertex 4.23109157 3.07813620 1.04114319
      vertex 4.23035002 2.46381989 1.16219994
    endloop
  endfacet
  facet normal -0.29444686 0.18321693 0.93794062
    outer loop
      vertex 4.23035002 2.46381989 1.16219994
      vertex 4.83596427 2.46308915 1.35246262
      vertex 4.83670521 3.07740544 1.23269493
    endloop
  endfacet
  facet normal -0.23861237 0.18803369 0.95273683
    outer loop
      vertex 4.23035002 2.46381989 1.16219994
      vertex 4.23109157 3.07813620 1.04114319
      vertex 3.62547791 3.07886754 0.88932327
    endloop
  endfacet
  facet normal -0.22339828 0.20324665 0.95330163
    outer loop
      vertex 3.62547791 3.07886754 0.88932327
      vertex 3.62473576 2.46455122 1.02012337
      vertex 4.23035002 2.46381989 1.16219994
    endloop
  endfacet
  facet normal -0.29203120 0.17348030 0.94054365
    outer loop
      vertex 4.22960849 1.84950359 1.27527840
      vertex 4.83522334 1.84877287 1.46345169
      vertex 4.23035002 2.46381989 1.16219994
    endloop
  endfacet
  facet normal -0.29516076 0.17021610 0.94016307
    outer loop
      vertex 4.83522334 1.84877287 1.46345169
      vertex 4.83596427 2.46308915 1.35246262
      vertex 4.23035002 2.46381989 1.16219994
    endloop
  endfacet
  facet normal -0.09747142 -0.10251953 0.98994397
    outer loop
      vertex 12.12388539 19.65522157 0.75893265
      vertex 12.12461963 20.26953800 0.82262413
      vertex 11.51902298 20.27026211 0.76307114
    endloop
  endfacet
  facet normal -0.12636158 -0.13088697 0.98331142
    outer loop
      vertex 11.51902298 20.27026211 0.76307114
      vertex 11.51828815 19.65594567 0.68120605
      vertex 12.12388539 19.65522157 0.75893265
    endloop
  endfacet
  facet normal 0.17903631 -0.03865399 0.98308284
    outer loop
      vertex 9.69486740 14.12927362 1.45951599
      vertex 10.30047009 14.12854790 1.34919678
      vertex 10.30120597 14.74286427 1.37321716
    endloop
  endfacet
  facet normal 0.08553419 0.05539020 0.99479436
    outer loop
      vertex 10.30120597 14.74286427 1.37321716
      vertex 9.69560388 14.74359001 1.42524750
      vertex 9.69486740 14.12927362 1.45951599
    endloop
  endfacet
  facet normal 0.09581529 0.05532578 0.99386040
    outer loop
      vertex 9.69486740 14.12927362 1.45951599
      vertex 9.69560388 14.74359001 1.42524750
      vertex 9.09000177 14.74431634 1.48359146
    endloop
  endfacet
  facet normal 0.21408209 0.17290663 0.96139074
    outer loop
      vertex 9.09000177 14.74431634 1.48359146
      vertex 9.08926469 14.12999994 1.59424072
      vertex 9.69486740 14.12927362 1.45951599
    endloop
  endfacet
  facet normal 0.48327644 -0.00457107 0.87545587
    outer loop
      vertex 10.90754334 15.35645548 1.02746300
      vertex 10.90680805 14.74213911 1.02466133
      vertex 11.51241011 14.74141455 0.69034805
    endloop
  endfacet
  facet normal 0.22918290 -0.28479079 0.93078967
    outer loop
      vertex 11.51241011 14.74141455 0.69034805
      vertex 11.51314481 15.35573090 0.87812759
      vertex 10.90754334 15.35645548 1.02746300
    endloop
  endfacet
  facet normal 0.41046624 0.10481582 0.90583172
    outer loop
      vertex 10.90754334 15.35645548 1.02746300
      vertex 10.30194187 15.35718065 1.30179977
      vertex 10.30120597 14.74286427 1.37321716
    endloop
  endfacet
  facet normal 0.49882174 -0.00454972 0.86669266
    outer loop
      vertex 10.30120597 14.74286427 1.37321716
      vertex 10.90680805 14.74213911 1.02466133
      vertex 10.90754334 15.35645548 1.02746300
    endloop
  endfacet
  facet normal 0.08091743 -0.10515699 0.99115810
    outer loop
      vertex 9.69781341 16.58653924 1.36559341
      vertex 9.69707688 15.97222282 1.30047760
      vertex 10.30267778 15.97149704 1.25095978
    endloop
  endfacet
  facet normal 0.20563134 0.01986583 0.97842787
    outer loop
      vertex 10.30267778 15.97149704 1.25095978
      vertex 10.30341371 16.58581344 1.23833214
      vertex 9.69781341 16.58653924 1.36559341
    endloop
  endfacet
  facet normal 0.37615566 0.01859147 0.92636995
    outer loop
      vertex 10.30267778 15.97149704 1.25095978
      vertex 10.90901398 16.58508824 0.99244064
      vertex 10.30341371 16.58581344 1.23833214
    endloop
  endfacet
  facet normal 0.45054794 -0.07025145 0.88998387
    outer loop
      vertex 10.90827866 15.97077186 0.94432144
      vertex 10.90901398 16.58508824 0.99244064
      vertex 10.30267778 15.97149704 1.25095978
    endloop
  endfacet
  facet normal 0.41155703 0.07467826 0.90831931
    outer loop
      vertex 10.30194187 15.35718065 1.30179977
      vertex 10.90754334 15.35645548 1.02746300
      vertex 10.30267778 15.97149704 1.25095978
    endloop
  endfacet
  facet normal 0.44861659 0.11933649 0.88572115
    outer loop
      vertex 10.30267778 15.97149704 1.25095978
      vertex 10.90754334 15.35645548 1.02746300
      vertex 10.90827866 15.97077186 0.94432144
    endloop
  endfacet
  facet normal -0.05845002 0.00634986 0.99827014
    outer loop
      vertex 13.92969263 10.43830858 0.31241747
      vertex 14.53529881 10.43758709 0.34788109
      vertex 14.53603039 11.05190328 0.34401634
    endloop
  endfacet
  facet normal -0.10040890 0.04804344 0.99378563
    outer loop
      vertex 14.53603039 11.05190328 0.34401634
      vertex 13.93042480 11.05262478 0.28279303
      vertex 13.92969263 10.43830858 0.31241747
    endloop
  endfacet
  facet normal 0.00000000 0.00000000 1.00000000
    outer loop
      vertex 9.08484259 10.44410178 0.52000000
      vertex 8.47923626 10.44482859 0.52000000
      vertex 8.47849870 9.83051225 0.52000000
    endloop
  endfacet
  facet normal -0.00000000 0.00000000 1.00000000
    outer loop
      vertex 8.47849870 9.83051225 0.52000000
      vertex 9.08410563 9.82978546 0.52000000
      vertex 9.08484259 10.44410178 0.52000000
    endloop
  endfacet
  facet normal 0.14721197 0.14843451 0.97790380
    outer loop
      vertex 9.68971254 9.82905925 0.52230026
      vertex 9.69044890 10.44337556 0.42894329
      vertex 9.08484259 10.44410178 0.52000000
    endloop
  endfacet
  facet normal -0.00379824 0.00000456 0.99999279
    outer loop
      vertex 9.08410563 9.82978546 0.52000000
      vertex 9.68971254 9.82905925 0.52230026
      vertex 9.08484259 10.44410178 0.52000000
    endloop
  endfacet
  facet normal 0.12409076 -0.03386253 0.99169290
    outer loop
      vertex 12.11580998 12.89774166 0.32149616
      vertex 12.72141381 12.89701833 0.24569212
      vertex 12.72214725 13.51133461 0.26657690
    endloop
  endfacet
  facet normal 0.16481961 -0.07484487 0.98347991
    outer loop
      vertex 12.72214725 13.51133461 0.26657690
      vertex 12.11654402 13.51205796 0.36812389
      vertex 12.11580998 12.89774166 0.32149616
    endloop
  endfacet
  facet normal 0.25926554 -0.07340421 0.96301256
    outer loop
      vertex 12.11580998 12.89774166 0.32149616
      vertex 12.11654402 13.51205796 0.36812389
      vertex 11.51094077 13.51278189 0.53122166
    endloop
  endfacet
  facet normal 0.37925165 0.05808187 0.92346883
    outer loop
      vertex 12.11580998 12.89774166 0.32149616
      vertex 11.51094077 13.51278189 0.53122166
      vertex 11.51020613 12.89846558 0.57016098
    endloop
  endfacet
  facet normal 0.12399759 -0.04864187 0.99108959
    outer loop
      vertex 12.11580998 12.89774166 0.32149616
      vertex 12.72068039 12.28270207 0.21563374
      vertex 12.72141381 12.89701833 0.24569212
    endloop
  endfacet
  facet normal -0.00020283 -0.16982228 0.98547468
    outer loop
      vertex 12.11507595 12.28342538 0.21563374
      vertex 12.72068039 12.28270207 0.21563374
      vertex 12.11580998 12.89774166 0.32149616
    endloop
  endfacet
  facet normal 0.11477632 -0.33439478 0.93541784
    outer loop
      vertex 9.08705356 12.28705081 1.11393959
      vertex 8.48218666 12.90209405 1.40802383
      vertex 8.48144903 12.28777767 1.18850746
    endloop
  endfacet
  facet normal 0.11919807 -0.33045162 0.93626575
    outer loop
      vertex 9.08705356 12.28705081 1.11393959
      vertex 9.08779058 12.90136717 1.33066650
      vertex 8.48218666 12.90209405 1.40802383
    endloop
  endfacet
  facet normal 0.11555328 -0.31642657 0.94155279
    outer loop
      vertex 9.08705356 12.28705081 1.11393959
      vertex 8.48144903 12.28777767 1.18850746
      vertex 8.48071142 11.67346130 0.98214539
    endloop
  endfacet
  facet normal -0.01946511 -0.19153862 0.98129204
    outer loop
      vertex 8.48071142 11.67346130 0.98214539
      vertex 9.08631655 11.67273445 0.99401642
      vertex 9.08705356 12.28705081 1.11393959
    endloop
  endfacet
  facet normal -0.18661970 -0.11678436 0.97546630
    outer loop
      vertex 7.87658271 12.90282152 1.29225082
      vertex 8.48218666 12.90209405 1.40802383
      vertex 8.48292430 13.51641044 1.48171188
    endloop
  endfacet
  facet normal 0.00791969 -0.30215837 0.95322484
    outer loop
      vertex 8.48292430 13.51641044 1.48171188
      vertex 7.87732096 13.51713793 1.48697403
      vertex 7.87658271 12.90282152 1.29225082
    endloop
  endfacet
  facet normal -0.11254262 -0.28049318 0.95323541
    outer loop
      vertex 8.48292430 13.51641044 1.48171188
      vertex 8.48366196 14.13072685 1.66256393
      vertex 7.87805922 14.13145435 1.59127823
    endloop
  endfacet
  facet normal 0.00836509 -0.16739727 0.98585404
    outer loop
      vertex 7.87805922 14.13145435 1.59127823
      vertex 7.87732096 13.51713793 1.48697403
      vertex 8.48292430 13.51641044 1.48171188
    endloop
  endfacet
  facet normal 0.20551202 0.28797385 0.93532661
    outer loop
      vertex 9.09073886 15.35863276 1.29429016
      vertex 8.48439964 14.74504327 1.61643188
      vertex 9.09000177 14.74431634 1.48359146
    endloop
  endfacet
  facet normal 0.06396559 0.41360859 0.90820501
    outer loop
      vertex 8.48513734 15.35935970 1.33661209
      vertex 8.48439964 14.74504327 1.61643188
      vertex 9.09073886 15.35863276 1.29429016
    endloop
  endfacet
  facet normal 0.14239254 -0.47652774 0.86755154
    outer loop
      vertex 7.88101244 16.58872016 1.88535019
      vertex 7.88027411 15.97440369 1.54804031
      vertex 8.48587505 15.97367614 1.44824249
    endloop
  endfacet
  facet normal 0.18872896 -0.43877724 0.87855331
    outer loop
      vertex 8.48661278 16.58799260 1.75489304
      vertex 7.88101244 16.58872016 1.88535019
      vertex 8.48587505 15.97367614 1.44824249
    endloop
  endfacet
  facet normal 0.00000000 -0.00000000 1.00000000
    outer loop
      vertex 10.90166147 10.44192489 0.21563374
      vertex 10.90239665 11.05624117 0.21563374
      vertex 10.29679097 11.05696623 0.21563374
    endloop
  endfacet
  facet normal 0.06751077 0.06639436 0.99550695
    outer loop
      vertex 10.90166147 10.44192489 0.21563374
      vertex 10.29679097 11.05696623 0.21563374
      vertex 10.29605519 10.44264993 0.25665485
    endloop
  endfacet
  facet normal 0.22476925 0.00455557 0.97440137
    outer loop
      vertex 12.71481361 7.36817234 0.87706871
      vertex 12.71554690 7.98248851 0.87402748
      vertex 12.10993827 7.98321171 1.01372238
    endloop
  endfacet
  facet normal 0.15567419 -0.06588775 0.98560862
    outer loop
      vertex 12.10993827 7.98321171 1.01372238
      vertex 12.10920438 7.36889552 0.97277138
      vertex 12.71481361 7.36817234 0.87706871
    endloop
  endfacet
  facet normal 0.10886445 -0.06624766 0.99184665
    outer loop
      vertex 11.50359513 7.36961929 1.03929100
      vertex 12.10920438 7.36889552 0.97277138
      vertex 12.10993827 7.98321171 1.01372238
    endloop
  endfacet
  facet normal -0.01497137 0.05639387 0.99829634
    outer loop
      vertex 11.50432962 7.98393550 1.00459923
      vertex 11.50359513 7.36961929 1.03929100
      vertex 12.10993827 7.98321171 1.01372238
    endloop
  endfacet
  facet normal 0.06539316 0.26996872 0.96064594
    outer loop
      vertex 10.90092632 9.82760862 0.38832405
      vertex 10.90166147 10.44192489 0.21563374
      vertex 10.29605519 10.44264993 0.25665485
    endloop
  endfacet
  facet normal 0.11340547 0.31337390 0.94283403
    outer loop
      vertex 10.90092632 9.82760862 0.38832405
      vertex 10.29605519 10.44264993 0.25665485
      vertex 10.29531944 9.82833364 0.46092636
    endloop
  endfacet
  facet normal -0.35241475 0.20281051 0.91360371
    outer loop
      vertex 9.08115798 7.37252030 0.84277946
      vertex 9.08042111 6.75820403 0.97886703
      vertex 9.68603102 6.75747791 1.21263702
    endloop
  endfacet
  facet normal -0.32290441 0.23391681 0.91706906
    outer loop
      vertex 9.68603102 6.75747791 1.21263702
      vertex 9.68676729 7.37179416 1.05620262
      vertex 9.08115798 7.37252030 0.84277946
    endloop
  endfacet
  facet normal -0.12296058 0.27472398 0.95362856
    outer loop
      vertex 9.68750358 7.98611041 0.78168243
      vertex 9.68823988 8.60042668 0.60480343
      vertex 9.08263177 8.60115285 0.52650730
    endloop
  endfacet
  facet normal -0.23525509 0.16595902 0.95765998
    outer loop
      vertex 9.68750358 7.98611041 0.78168243
      vertex 9.08263177 8.60115285 0.52650730
      vertex 9.08189487 7.98683657 0.63278507
    endloop
  endfacet
  facet normal 0.00428597 -0.08885379 0.99603546
    outer loop
      vertex 13.92529996 6.75241162 0.72433083
      vertex 13.92603203 7.36672775 0.77912926
      vertex 13.32042283 7.36744975 0.78179962
    endloop
  endfacet
  facet normal 0.20266849 0.10838209 0.97323112
    outer loop
      vertex 13.31969016 6.75313361 0.85036438
      vertex 13.92529996 6.75241162 0.72433083
      vertex 13.32042283 7.36744975 0.78179962
    endloop
  endfacet
  facet normal 0.14901573 0.29095499 0.94506058
    outer loop
      vertex 12.71481361 7.36817234 0.87706871
      vertex 12.71408034 6.75385618 1.06631332
      vertex 13.32042283 7.36744975 0.78179962
    endloop
  endfacet
  facet normal 0.33415054 0.10415326 0.93674730
    outer loop
      vertex 13.32042283 7.36744975 0.78179962
      vertex 12.71408034 6.75385618 1.06631332
      vertex 13.31969016 6.75313361 0.85036438
    endloop
  endfacet
  facet normal 0.12293621 0.30145746 0.94552107
    outer loop
      vertex 15.13798127 7.97960164 0.64987534
      vertex 15.74285953 7.36456531 0.76731941
      vertex 15.74358982 7.97888141 0.57136402
    endloop
  endfacet
  facet normal -0.00242225 0.18526614 0.98268540
    outer loop
      vertex 15.13725038 7.36528554 0.76569084
      vertex 15.74285953 7.36456531 0.76731941
      vertex 15.13798127 7.97960164 0.64987534
    endloop
  endfacet
  facet normal 0.21376609 0.11016784 0.97065293
    outer loop
      vertex 14.53310420 8.59463861 0.71328102
      vertex 14.53237270 7.98032247 0.78316620
      vertex 15.13798127 7.97960164 0.64987534
    endloop
  endfacet
  facet normal 0.14329846 0.03898195 0.98891150
    outer loop
      vertex 15.13798127 7.97960164 0.64987534
      vertex 15.13871217 8.59391777 0.62555367
      vertex 14.53310420 8.59463861 0.71328102
    endloop
  endfacet
  facet normal 0.08953271 0.00482378 0.99597220
    outer loop
      vertex 13.32115551 7.98176591 0.81958992
      vertex 12.71554690 7.98248851 0.87402748
      vertex 12.71481361 7.36817234 0.87706871
    endloop
  endfacet
  facet normal 0.15504135 -0.06084174 0.98603269
    outer loop
      vertex 12.71481361 7.36817234 0.87706871
      vertex 13.32042283 7.36744975 0.78179962
      vertex 13.32115551 7.98176591 0.81958992
    endloop
  endfacet
  facet normal -0.01813072 0.00628572 0.99981587
    outer loop
      vertex 6.65798130 6.76111444 0.52384872
      vertex 7.26359127 6.76038595 0.53483547
      vertex 6.65872057 7.37543076 0.52000000
    endloop
  endfacet
  facet normal 0.00002904 0.02414249 0.99970853
    outer loop
      vertex 6.65872057 7.37543076 0.52000000
      vertex 7.26359127 6.76038595 0.53483547
      vertex 7.26432994 7.37470226 0.52000000
    endloop
  endfacet
  facet normal 0.00000000 0.00000000 1.00000000
    outer loop
      vertex 7.26506863 7.98901858 0.52000000
      vertex 6.65945985 7.98974710 0.52000000
      vertex 6.65872057 7.37543076 0.52000000
    endloop
  endfacet
  facet normal 0.00000000 -0.00000000 1.00000000
    outer loop
      vertex 7.26432994 7.37470226 0.52000000
      vertex 7.26506863 7.98901858 0.52000000
      vertex 6.65872057 7.37543076 0.52000000
    endloop
  endfacet
  facet normal 0.00000000 -0.00000000 1.00000000
    outer loop
      vertex 7.87215362 9.21692330 0.52000000
      vertex 7.87289176 9.83123964 0.52000000
      vertex 7.26728480 9.83196762 0.52000000
    endloop
  endfacet
  facet normal -0.00000000 0.00000000 1.00000000
    outer loop
      vertex 7.26654606 9.21765126 0.52000000
      vertex 7.87215362 9.21692330 0.52000000
      vertex 7.26728480 9.83196762 0.52000000
    endloop
  endfacet
  facet normal -0.31407815 -0.15855589 0.93606354
    outer loop
      vertex 7.27171760 13.51786601 1.28389877
      vertex 7.87732096 13.51713793 1.48697403
      vertex 7.87805922 14.13145435 1.59127823
    endloop
  endfacet
  facet normal -0.20189304 -0.27185052 0.94092321
    outer loop
      vertex 7.87805922 14.13145435 1.59127823
      vertex 7.27245646 14.13218245 1.46154495
      vertex 7.27171760 13.51786601 1.28389877
    endloop
  endfacet
  facet normal -0.30482160 -0.28744639 0.90799690
    outer loop
      vertex 7.87658271 12.90282152 1.29225082
      vertex 7.87732096 13.51713793 1.48697403
      vertex 7.27171760 13.51786601 1.28389877
    endloop
  endfacet
  facet normal -0.29375255 -0.27646506 0.91502815
    outer loop
      vertex 7.27171760 13.51786601 1.28389877
      vertex 7.27097875 12.90354958 1.09805305
      vertex 7.87658271 12.90282152 1.29225082
    endloop
  endfacet
  facet normal -0.20495272 -0.25875887 0.94394821
    outer loop
      vertex 5.45638876 14.74868678 1.22364395
      vertex 5.45564808 14.13437028 1.05508423
      vertex 6.06125089 14.13364041 1.18637436
    endloop
  endfacet
  facet normal -0.23621780 -0.28853221 0.92787408
    outer loop
      vertex 6.06125089 14.13364041 1.18637436
      vertex 6.06199097 14.74795689 1.37759094
      vertex 5.45638876 14.74868678 1.22364395
    endloop
  endfacet
  facet normal -0.23282214 -0.33139971 0.91431290
    outer loop
      vertex 6.06199097 14.74795689 1.37759094
      vertex 6.06273107 15.36227339 1.60044312
      vertex 5.45638876 14.74868678 1.22364395
    endloop
  endfacet
  facet normal -0.29576470 -0.27036105 0.91620311
    outer loop
      vertex 5.45638876 14.74868678 1.22364395
      vertex 6.06273107 15.36227339 1.60044312
      vertex 5.45712946 15.36300329 1.40516083
    endloop
  endfacet
  facet normal 0.14678213 0.18023121 0.97261077
    outer loop
      vertex 2.42614649 12.90939537 1.27914024
      vertex 3.03100755 12.29434604 1.30182999
      vertex 3.03175058 12.90866257 1.18788094
    endloop
  endfacet
  facet normal 0.23211809 0.26282169 0.93650732
    outer loop
      vertex 2.42540286 12.29507882 1.45172653
      vertex 3.03100755 12.29434604 1.30182999
      vertex 2.42614649 12.90939537 1.27914024
    endloop
  endfacet
  facet normal -0.02936200 0.08174932 0.99622032
    outer loop
      vertex 2.42614649 12.90939537 1.27914024
      vertex 1.82054239 12.91012875 1.26123085
      vertex 1.81979816 12.29581219 1.31161942
    endloop
  endfacet
  facet normal -0.21708090 0.26426311 0.93970255
    outer loop
      vertex 2.42614649 12.90939537 1.27914024
      vertex 1.81979816 12.29581219 1.31161942
      vertex 2.42540286 12.29507882 1.45172653
    endloop
  endfacet
  facet normal 0.14901214 0.00332980 0.98882976
    outer loop
      vertex 3.03175058 12.90866257 1.18788094
      vertex 3.03249363 13.52297912 1.18570030
      vertex 2.42614649 12.90939537 1.27914024
    endloop
  endfacet
  facet normal 0.16043616 -0.00823633 0.98701185
    outer loop
      vertex 2.42614649 12.90939537 1.27914024
      vertex 3.03249363 13.52297912 1.18570030
      vertex 2.42689014 13.52371193 1.28414566
    endloop
  endfacet
  facet normal 0.05487677 -0.00820182 0.99845945
    outer loop
      vertex 2.42689014 13.52371193 1.28414566
      vertex 1.82128663 13.52444533 1.31743652
      vertex 2.42614649 12.90939537 1.27914024
    endloop
  endfacet
  facet normal -0.02954725 -0.09103718 0.99540906
    outer loop
      vertex 2.42614649 12.90939537 1.27914024
      vertex 1.82128663 13.52444533 1.31743652
      vertex 1.82054239 12.91012875 1.26123085
    endloop
  endfacet
  facet normal 0.08682367 -0.20115926 0.97570313
    outer loop
      vertex 3.03323669 14.13729567 1.14875648
      vertex 3.03397977 14.75161224 1.27534309
      vertex 2.42837748 14.75234508 1.32938416
    endloop
  endfacet
  facet normal 0.22219632 -0.06714378 0.97268726
    outer loop
      vertex 3.03323669 14.13729567 1.14875648
      vertex 2.42837748 14.75234508 1.32938416
      vertex 2.42763380 14.13802850 1.28714828
    endloop
  endfacet
  facet normal 0.01124080 -0.13850322 0.99029819
    outer loop
      vertex 4.24444242 14.13583179 1.00415443
      vertex 4.85078654 14.74941726 1.08308800
      vertex 4.24518430 14.75014833 1.09006439
    endloop
  endfacet
  facet normal 0.11349420 -0.23629919 0.96502941
    outer loop
      vertex 4.85004526 14.13510074 0.93275230
      vertex 4.85078654 14.74941726 1.08308800
      vertex 4.24444242 14.13583179 1.00415443
    endloop
  endfacet
  facet normal 0.07005860 -0.20504619 0.97624170
    outer loop
      vertex 4.24444242 14.13583179 1.00415443
      vertex 4.24370056 13.52151527 0.87517891
      vertex 4.84930400 13.52078423 0.83156509
    endloop
  endfacet
  facet normal 0.11536061 -0.16157557 0.98009452
    outer loop
      vertex 4.84930400 13.52078423 0.83156509
      vertex 4.85004526 14.13510074 0.93275230
      vertex 4.24444242 14.13583179 1.00415443
    endloop
  endfacet
  facet normal 0.23650961 -0.15323065 0.95947046
    outer loop
      vertex 3.02803562 9.83708003 1.34032715
      vertex 3.02877857 10.45139652 1.43825241
      vertex 2.42317208 10.45212925 1.58765152
    endloop
  endfacet
  facet normal 0.10396723 -0.28135961 0.95395366
    outer loop
      vertex 3.02803562 9.83708003 1.34032715
      vertex 2.42317208 10.45212925 1.58765152
      vertex 2.42242853 9.83781275 1.40654572
    endloop
  endfacet
  facet normal 0.17779357 -0.15511947 0.97176509
    outer loop
      vertex 3.02803562 9.83708003 1.34032715
      vertex 3.63438505 10.45066438 1.32733414
      vertex 3.02877857 10.45139652 1.43825241
    endloop
  endfacet
  facet normal 0.12974928 -0.10734619 0.98571899
    outer loop
      vertex 3.63364269 9.83634791 1.26053192
      vertex 3.63438505 10.45066438 1.32733414
      vertex 3.02803562 9.83708003 1.34032715
    endloop
  endfacet
  facet normal 0.10769092 -0.12511648 0.98628015
    outer loop
      vertex 2.42242853 9.83781275 1.40654572
      vertex 2.42168499 9.22349626 1.32869659
      vertex 3.02803562 9.83708003 1.34032715
    endloop
  endfacet
  facet normal 0.15819473 -0.17475086 0.97182126
    outer loop
      vertex 2.42168499 9.22349626 1.32869659
      vertex 3.02729268 9.22276356 1.22998299
      vertex 3.02803562 9.83708003 1.34032715
    endloop
  endfacet
  facet normal -0.04265315 -0.47834591 0.87713505
    outer loop
      vertex 2.42168499 9.22349626 1.32869659
      vertex 2.42094146 8.60917978 0.99364273
      vertex 3.02654975 8.60844710 1.02269257
    endloop
  endfacet
  facet normal 0.15225156 -0.31615925 0.93640952
    outer loop
      vertex 3.02654975 8.60844710 1.02269257
      vertex 3.02729268 9.22276356 1.22998299
      vertex 2.42168499 9.22349626 1.32869659
    endloop
  endfacet
  facet normal 0.18367957 -0.50744700 0.84187847
    outer loop
      vertex 3.02654975 8.60844710 1.02269257
      vertex 3.02580685 7.99413065 0.65257195
      vertex 3.63141572 7.99339858 0.52000000
    endloop
  endfacet
  facet normal 0.10517254 -0.56527642 0.81816948
    outer loop
      vertex 3.02654975 8.60844710 1.02269257
      vertex 3.63141572 7.99339858 0.52000000
      vertex 3.63215803 8.60771501 0.94433815
    endloop
  endfacet
  facet normal -0.03869872 -0.61010772 0.79137284
    outer loop
      vertex 3.02654975 8.60844710 1.02269257
      vertex 2.42094146 8.60917978 0.99364273
      vertex 2.42019796 7.99486331 0.52000000
    endloop
  endfacet
  facet normal -0.18490635 -0.50700126 0.84187847
    outer loop
      vertex 2.42019796 7.99486331 0.52000000
      vertex 3.02580685 7.99413065 0.65257195
      vertex 3.02654975 8.60844710 1.02269257
    endloop
  endfacet
  facet normal -0.13643721 -0.18072405 0.97402449
    outer loop
      vertex 4.24666811 15.97878143 1.29592255
      vertex 4.24592620 15.36446487 1.18183609
      vertex 4.85226915 15.97805033 1.38061691
    endloop
  endfacet
  facet normal -0.08108413 -0.23376558 0.96890609
    outer loop
      vertex 4.85226915 15.97805033 1.38061691
      vertex 4.24592620 15.36446487 1.18183609
      vertex 4.85152784 15.36373379 1.23234024
    endloop
  endfacet
  facet normal -0.19149887 -0.14990072 0.96997833
    outer loop
      vertex 4.85226915 15.97805033 1.38061691
      vertex 4.85301048 16.59236688 1.47569992
      vertex 4.24741004 16.59309800 1.35625168
    endloop
  endfacet
  facet normal -0.13797005 -0.09663538 0.98571084
    outer loop
      vertex 4.85226915 15.97805033 1.38061691
      vertex 4.24741004 16.59309800 1.35625168
      vertex 4.24666811 15.97878143 1.29592255
    endloop
  endfacet
  facet normal -0.03193808 0.03087911 0.99901273
    outer loop
      vertex 26.04181326 10.42399126 0.04315018
      vertex 26.64741912 10.42328161 0.06253312
      vertex 26.64813869 11.03759747 0.04356785
    endloop
  endfacet
  facet normal 0.01220742 -0.01274315 0.99984428
    outer loop
      vertex 26.64813869 11.03759747 0.04356785
      vertex 26.04253343 11.03830714 0.05097092
      vertex 26.04181326 10.42399126 0.04315018
    endloop
  endfacet
  facet normal 0.01586567 -0.00666297 0.99985193
    outer loop
      vertex 23.01378370 10.42754840 0.04526190
      vertex 23.62011221 11.04115173 0.03972969
      vertex 23.01450687 11.04186436 0.04934420
    endloop
  endfacet
  facet normal 0.00862920 0.00048871 0.99996265
    outer loop
      vertex 23.01378370 10.42754840 0.04526190
      vertex 23.61938964 10.42683579 0.04003616
      vertex 23.62011221 11.04115173 0.03972969
    endloop
  endfacet
  facet normal 0.00195678 -0.00664742 0.99997599
    outer loop
      vertex 23.01450687 11.04186436 0.04934420
      vertex 22.40890151 11.04257758 0.05053401
      vertex 23.01378370 10.42754840 0.04526190
    endloop
  endfacet
  facet normal -0.00042794 -0.00899266 0.99995947
    outer loop
      vertex 23.01378370 10.42754840 0.04526190
      vertex 22.40890151 11.04257758 0.05053401
      vertex 22.40817774 10.42826161 0.04500914
    endloop
  endfacet
  facet normal 0.00630638 0.00159371 0.99997884
    outer loop
      vertex 22.40528283 7.97099783 0.04636191
      vertex 23.01161429 8.58460060 0.04156014
      vertex 22.40600653 8.58531376 0.04537828
    endloop
  endfacet
  facet normal 0.00317870 0.00468437 0.99998398
    outer loop
      vertex 23.01089119 7.97028469 0.04444017
      vertex 23.01161429 8.58460060 0.04156014
      vertex 22.40528283 7.97099783 0.04636191
    endloop
  endfacet
  facet normal 0.00000189 0.00160117 0.99999872
    outer loop
      vertex 22.40528283 7.97099783 0.04636191
      vertex 22.40600653 8.58531376 0.04537828
      vertex 21.80039876 8.58602750 0.04537828
    endloop
  endfacet
  facet normal 0.00742204 0.00889882 0.99993286
    outer loop
      vertex 21.80039876 8.58602750 0.04537828
      vertex 21.79967445 7.97171156 0.05085071
      vertex 22.40528283 7.97099783 0.04636191
    endloop
  endfacet
  facet normal 0.01056036 -0.00478399 0.99993279
    outer loop
      vertex 21.79895017 7.35739563 0.04982976
      vertex 22.40455915 7.35668191 0.04343047
      vertex 22.40528283 7.97099783 0.04636191
    endloop
  endfacet
  facet normal 0.00740987 -0.00167061 0.99997115
    outer loop
      vertex 22.40528283 7.97099783 0.04636191
      vertex 21.79967445 7.97171156 0.05085071
      vertex 21.79895017 7.35739563 0.04982976
    endloop
  endfacet
  facet normal 0.00315968 -0.01132410 0.99993089
    outer loop
      vertex 22.40528283 7.97099783 0.04636191
      vertex 23.01016811 7.35596879 0.03748540
      vertex 23.01089119 7.97028469 0.04444017
    endloop
  endfacet
  facet normal 0.00981047 -0.00478315 0.99994044
    outer loop
      vertex 22.40528283 7.97099783 0.04636191
      vertex 22.40455915 7.35668191 0.04343047
      vertex 23.01016811 7.35596879 0.03748540
    endloop
  endfacet
  facet normal 0.01648740 0.00006654 0.99986407
    outer loop
      vertex 21.19261631 6.74379400 0.05042046
      vertex 21.19334118 7.35810993 0.05036763
      vertex 20.58773217 7.35882483 0.06035386
    endloop
  endfacet
  facet normal 0.00959001 -0.00671815 0.99993145
    outer loop
      vertex 20.58773217 7.35882483 0.06035386
      vertex 20.58700670 6.74450888 0.05623346
      vertex 21.19261631 6.74379400 0.05042046
    endloop
  endfacet
  facet normal 0.00246974 -0.00792787 0.99996552
    outer loop
      vertex 19.98575374 10.43112034 0.06001169
      vertex 20.59135976 10.43040477 0.05851028
      vertex 20.59208533 11.04472079 0.06337887
    endloop
  endfacet
  facet normal 0.00257926 -0.00803609 0.99996438
    outer loop
      vertex 19.98575374 10.43112034 0.06001169
      vertex 20.59208533 11.04472079 0.06337887
      vertex 19.98647991 11.04543638 0.06494669
    endloop
  endfacet
  facet normal -0.00427101 0.00053643 0.99999074
    outer loop
      vertex 21.80112307 9.20034346 0.04606845
      vertex 22.40673025 9.19962969 0.04865541
      vertex 21.80184741 9.81465942 0.04574200
    endloop
  endfacet
  facet normal 0.00436064 0.00902548 0.99994976
    outer loop
      vertex 21.80184741 9.81465942 0.04574200
      vertex 22.40673025 9.19962969 0.04865541
      vertex 22.40745399 9.81394564 0.04310748
    endloop
  endfacet
  facet normal 0.00188823 0.00052917 0.99999808
    outer loop
      vertex 21.80184741 9.81465942 0.04574200
      vertex 21.19551588 9.20105781 0.04721160
      vertex 21.80112307 9.20034346 0.04606845
    endloop
  endfacet
  facet normal 0.00981763 -0.00730645 0.99992511
    outer loop
      vertex 21.80184741 9.81465942 0.04574200
      vertex 21.19624082 9.81537379 0.05169329
      vertex 21.19551588 9.20105781 0.04721160
    endloop
  endfacet
  facet normal -0.16996466 -0.17971566 0.96892430
    outer loop
      vertex 19.38450858 14.11773300 0.34028156
      vertex 19.38378173 13.50341689 0.22621098
      vertex 19.98938476 13.50270065 0.33231049
    endloop
  endfacet
  facet normal -0.17669907 -0.18630707 0.96647148
    outer loop
      vertex 19.98938476 13.50270065 0.33231049
      vertex 19.99011102 14.11701674 0.45086521
      vertex 19.38450858 14.11773300 0.34028156
    endloop
  endfacet
  facet normal -0.17608428 -0.17186061 0.96925655
    outer loop
      vertex 19.38450858 14.11773300 0.34028156
      vertex 19.38523546 14.73204913 0.44933910
      vertex 18.77963360 14.73276600 0.33944687
    endloop
  endfacet
  facet normal -0.16208849 -0.15808949 0.97403030
    outer loop
      vertex 19.38450858 14.11773300 0.34028156
      vertex 18.77963360 14.73276600 0.33944687
      vertex 18.77890613 14.11844985 0.23961954
    endloop
  endfacet
  facet normal -0.17907893 -0.08494035 0.98016115
    outer loop
      vertex 19.38450858 14.11773300 0.34028156
      vertex 19.99011102 14.11701674 0.45086521
      vertex 19.99083729 14.73133285 0.50423428
    endloop
  endfacet
  facet normal -0.08910261 -0.17399627 0.98070690
    outer loop
      vertex 19.99083729 14.73133285 0.50423428
      vertex 19.38523546 14.73204913 0.44933910
      vertex 19.38450858 14.11773300 0.34028156
    endloop
  endfacet
  facet normal -0.16225535 -0.15128466 0.97508264
    outer loop
      vertex 18.77890613 14.11844985 0.23961954
      vertex 18.77817867 13.50413372 0.14418697
      vertex 19.38450858 14.11773300 0.34028156
    endloop
  endfacet
  facet normal -0.13221434 -0.18081242 0.97459029
    outer loop
      vertex 18.77817867 13.50413372 0.14418697
      vertex 19.38378173 13.50341689 0.22621098
      vertex 19.38450858 14.11773300 0.34028156
    endloop
  endfacet
  facet normal 0.33351452 -0.18676845 0.92405931
    outer loop
      vertex 20.59498779 13.50198500 0.35403038
      vertex 21.20059079 13.50126994 0.13530963
      vertex 20.59571344 14.11630108 0.47793243
    endloop
  endfacet
  facet normal 0.29415041 -0.22779792 0.92821530
    outer loop
      vertex 20.59571344 14.11630108 0.47793243
      vertex 21.20059079 13.50126994 0.13530963
      vertex 21.20131585 14.11558600 0.28584221
    endloop
  endfacet
  facet normal 0.08952168 -0.00189515 0.99598307
    outer loop
      vertex 19.99446892 17.80291357 0.61988605
      vertex 19.38887008 17.80362993 0.67432030
      vertex 19.99374256 17.18859741 0.61878242
    endloop
  endfacet
  facet normal 0.03235253 -0.05828178 0.99777580
    outer loop
      vertex 19.38887008 17.80362993 0.67432030
      vertex 19.38814312 17.18931375 0.63846062
      vertex 19.99374256 17.18859741 0.61878242
    endloop
  endfacet
  facet normal 0.03292333 -0.02520016 0.99914013
    outer loop
      vertex 19.99374256 17.18859741 0.61878242
      vertex 20.59861624 16.57356552 0.58333858
      vertex 20.59934198 17.18788166 0.59880886
    endloop
  endfacet
  facet normal 0.09647895 0.03756589 0.99462587
    outer loop
      vertex 19.99301622 16.57428125 0.64205490
      vertex 20.59861624 16.57356552 0.58333858
      vertex 19.99374256 17.18859741 0.61878242
    endloop
  endfacet
  facet normal 0.03297590 0.01271852 0.99937522
    outer loop
      vertex 20.59934198 17.18788166 0.59880886
      vertex 20.60006774 17.80219781 0.59096684
      vertex 19.99374256 17.18859741 0.61878242
    endloop
  endfacet
  facet normal 0.04769648 -0.00185087 0.99886016
    outer loop
      vertex 19.99374256 17.18859741 0.61878242
      vertex 20.60006774 17.80219781 0.59096684
      vertex 19.99446892 17.80291357 0.61988605
    endloop
  endfacet
  facet normal 0.02008950 -0.07962199 0.99662267
    outer loop
      vertex 19.38741618 16.57499757 0.63977135
      vertex 19.38668925 15.96068141 0.59070717
      vertex 19.99228989 15.95996511 0.57844250
    endloop
  endfacet
  facet normal -0.00387247 -0.10299391 0.99467445
    outer loop
      vertex 19.99228989 15.95996511 0.57844250
      vertex 19.99301622 16.57428125 0.64205490
      vertex 19.38741618 16.57499757 0.63977135
    endloop
  endfacet
  facet normal 0.05219167 0.09480594 0.99412668
    outer loop
      vertex 17.57717528 22.10599651 0.68933159
      vertex 18.18276996 22.10527826 0.65760635
      vertex 18.18349826 22.71959457 0.59898319
    endloop
  endfacet
  facet normal -0.14405072 0.28200866 0.94853598
    outer loop
      vertex 17.57717528 22.10599651 0.68933159
      vertex 18.18349826 22.71959457 0.59898319
      vertex 17.57790418 22.72031283 0.50680027
    endloop
  endfacet
  facet normal 0.17925210 0.16053801 0.97061642
    outer loop
      vertex 17.57717528 22.10599651 0.68933159
      vertex 16.97158058 22.10671534 0.80105309
      vertex 16.97085110 21.49239901 0.90279449
    endloop
  endfacet
  facet normal 0.22155741 0.11782495 0.96800289
    outer loop
      vertex 16.97085110 21.49239901 0.90279449
      vertex 17.57644640 21.49168019 0.76427277
      vertex 17.57717528 22.10599651 0.68933159
    endloop
  endfacet
  facet normal 0.04231118 -0.09627529 0.99445504
    outer loop
      vertex 18.18204168 21.49096196 0.66082626
      vertex 18.78763695 21.49024433 0.63499046
      vertex 18.78836463 22.10456061 0.69443275
    endloop
  endfacet
  facet normal -0.06069107 0.00530367 0.99814251
    outer loop
      vertex 18.78836463 22.10456061 0.69443275
      vertex 18.18276996 22.10527826 0.65760635
      vertex 18.18204168 21.49096196 0.66082626
    endloop
  endfacet
  facet normal 0.16731604 0.11919084 0.97867200
    outer loop
      vertex 18.18204168 21.49096196 0.66082626
      vertex 17.57717528 22.10599651 0.68933159
      vertex 17.57644640 21.49168019 0.76427277
    endloop
  endfacet
  facet normal 0.05232059 0.00517218 0.99861695
    outer loop
      vertex 18.18276996 22.10527826 0.65760635
      vertex 17.57717528 22.10599651 0.68933159
      vertex 18.18204168 21.49096196 0.66082626
    endloop
  endfacet
  facet normal 0.02030134 0.22555336 0.97401927
    outer loop
      vertex 22.42120821 21.48595094 0.14228004
      vertex 22.42048415 20.87163476 0.28455215
      vertex 23.02607990 20.87092129 0.27209503
    endloop
  endfacet
  facet normal -0.13753726 0.07322742 0.98778603
    outer loop
      vertex 22.42120821 21.48595094 0.14228004
      vertex 23.02607990 20.87092129 0.27209503
      vertex 23.02680336 21.48523744 0.22665474
    endloop
  endfacet
  facet normal -0.01735829 0.20682855 0.97822321
    outer loop
      vertex 21.81561304 21.48666502 0.13138295
      vertex 21.81488838 20.87234883 0.26125673
      vertex 22.42120821 21.48595094 0.14228004
    endloop
  endfacet
  facet normal -0.03718288 0.22550814 0.97353146
    outer loop
      vertex 21.81488838 20.87234883 0.26125673
      vertex 22.42048415 20.87163476 0.28455215
      vertex 22.42120821 21.48595094 0.14228004
    endloop
  endfacet
  facet normal 0.00503611 -0.01387097 0.99989111
    outer loop
      vertex 24.83204424 11.65404417 0.07803369
      vertex 24.83276564 12.26836011 0.08655214
      vertex 24.22716153 12.26907158 0.08961224
    endloop
  endfacet
  facet normal -0.03995873 -0.05807885 0.99751198
    outer loop
      vertex 24.22716153 12.26907158 0.08961224
      vertex 24.22643952 11.65475563 0.05381556
      vertex 24.83204424 11.65404417 0.07803369
    endloop
  endfacet
  facet normal -0.03997508 -0.02626678 0.99885537
    outer loop
      vertex 24.83204424 11.65404417 0.07803369
      vertex 24.22643952 11.65475563 0.05381556
      vertex 24.22571754 11.04043970 0.03763207
    endloop
  endfacet
  facet normal -0.01178827 -0.05409366 0.99846628
    outer loop
      vertex 24.83204424 11.65404417 0.07803369
      vertex 24.22571754 11.04043970 0.03763207
      vertex 24.83132285 11.03972825 0.04474353
    endloop
  endfacet
  facet normal 0.01267535 -0.01387900 0.99982334
    outer loop
      vertex 25.43836973 12.26764922 0.07886467
      vertex 24.83276564 12.26836011 0.08655214
      vertex 24.83204424 11.65404417 0.07803369
    endloop
  endfacet
  facet normal 0.01080194 -0.01202788 0.99986932
    outer loop
      vertex 24.83204424 11.65404417 0.07803369
      vertex 25.43764893 11.65333330 0.07148258
      vertex 25.43836973 12.26764922 0.07886467
    endloop
  endfacet
  facet normal -0.00894402 -0.05409858 0.99849554
    outer loop
      vertex 24.83132285 11.03972825 0.04474353
      vertex 25.43692815 11.03901740 0.05012973
      vertex 24.83204424 11.65404417 0.07803369
    endloop
  endfacet
  facet normal 0.01076953 -0.03474837 0.99933806
    outer loop
      vertex 24.83204424 11.65404417 0.07803369
      vertex 25.43692815 11.03901740 0.05012973
      vertex 25.43764893 11.65333330 0.07148258
    endloop
  endfacet
  facet normal 0.00665207 0.00431048 0.99996858
    outer loop
      vertex 26.65173679 14.10917695 0.03416075
      vertex 26.04613452 14.10988670 0.03818633
      vertex 26.04541427 13.49557076 0.04083920
    endloop
  endfacet
  facet normal 0.00890212 0.00208703 0.99995820
    outer loop
      vertex 26.65173679 14.10917695 0.03416075
      vertex 26.04541427 13.49557076 0.04083920
      vertex 26.65101713 13.49486103 0.03544931
    endloop
  endfacet
  facet normal 0.03414991 0.00279418 0.99941282
    outer loop
      vertex 26.65245646 14.72349288 0.03241865
      vertex 26.04685480 14.72420265 0.05311006
      vertex 26.65173679 14.10917695 0.03416075
    endloop
  endfacet
  facet normal 0.00661665 -0.02429329 0.99968298
    outer loop
      vertex 26.65173679 14.10917695 0.03416075
      vertex 26.04685480 14.72420265 0.05311006
      vertex 26.04613452 14.10988670 0.03818633
    endloop
  endfacet
  facet normal -0.00246811 -0.00242737 0.99999401
    outer loop
      vertex 24.83853748 17.18288799 0.03275030
      vertex 24.83925903 17.79720403 0.03424326
      vertex 24.23366032 17.79791565 0.03275030
    endloop
  endfacet
  facet normal 0.01834305 0.01804032 0.99966898
    outer loop
      vertex 24.83853748 17.18288799 0.03275030
      vertex 24.23366032 17.79791565 0.03275030
      vertex 24.23293817 17.18359960 0.04384968
    endloop
  endfacet
  facet normal 0.04173894 0.01171875 0.99905982
    outer loop
      vertex 26.04901571 16.56715056 0.05471718
      vertex 26.04829539 15.95283458 0.06195306
      vertex 26.65389585 15.95212478 0.03666048
    endloop
  endfacet
  facet normal 0.03460455 0.00469235 0.99939007
    outer loop
      vertex 26.04901571 16.56715056 0.05471718
      vertex 26.65389585 15.95212478 0.03666048
      vertex 26.65461557 16.56644075 0.03375121
    endloop
  endfacet
  facet normal 0.02390327 0.04407231 0.99874234
    outer loop
      vertex 26.04901571 16.56715056 0.05471718
      vertex 25.44341583 16.56786097 0.06917988
      vertex 25.44269491 15.95354497 0.09630555
    endloop
  endfacet
  facet normal 0.05664343 0.01169263 0.99832600
    outer loop
      vertex 25.44269491 15.95354497 0.09630555
      vertex 26.04829539 15.95283458 0.06195306
      vertex 26.04901571 16.56715056 0.05471718
    endloop
  endfacet
  facet normal 0.09603569 -0.08696013 0.99157203
    outer loop
      vertex 20.59789051 15.95924939 0.52953381
      vertex 20.59861624 16.57356552 0.58333858
      vertex 19.99301622 16.57428125 0.64205490
    endloop
  endfacet
  facet normal 0.07995171 -0.10276301 0.99148751
    outer loop
      vertex 20.59789051 15.95924939 0.52953381
      vertex 19.99301622 16.57428125 0.64205490
      vertex 19.99228989 15.95996511 0.57844250
    endloop
  endfacet
  facet normal 0.21250931 -0.00968870 0.97711101
    outer loop
      vertex 21.20421624 16.57285038 0.49362682
      vertex 21.20349112 15.95853427 0.48769318
      vertex 21.80909171 15.95781973 0.35597561
    endloop
  endfacet
  facet normal 0.13538171 -0.08773402 0.98690148
    outer loop
      vertex 21.80909171 15.95781973 0.35597561
      vertex 21.80981623 16.57213583 0.41048798
      vertex 21.20421624 16.57285038 0.49362682
    endloop
  endfacet
  facet normal 0.21245607 -0.02163719 0.97693104
    outer loop
      vertex 21.20349112 15.95853427 0.48769318
      vertex 21.20276601 15.34421817 0.47424492
      vertex 21.80909171 15.95781973 0.35597561
    endloop
  endfacet
  facet normal 0.27169727 -0.08368264 0.95873761
    outer loop
      vertex 21.80909171 15.95781973 0.35597561
      vertex 21.20276601 15.34421817 0.47424492
      vertex 21.80836720 15.34350365 0.30256084
    endloop
  endfacet
  facet normal -0.00126258 0.00051406 0.99999907
    outer loop
      vertex 21.80546934 12.88623943 0.06936767
      vertex 22.41034910 12.27120956 0.07044754
      vertex 22.41107292 12.88552557 0.07013266
    endloop
  endfacet
  facet normal -0.01609180 -0.01407083 0.99977151
    outer loop
      vertex 21.80474492 12.27192341 0.06071010
      vertex 22.41034910 12.27120956 0.07044754
      vertex 21.80546934 12.88623943 0.06936767
    endloop
  endfacet
  facet normal 0.01477797 0.04406840 0.99891921
    outer loop
      vertex 23.01667648 12.88481230 0.07829550
      vertex 23.62155740 12.26978365 0.09647957
      vertex 23.62228002 12.88409963 0.06936767
    endloop
  endfacet
  facet normal 0.00193270 0.03145234 0.99950338
    outer loop
      vertex 23.01595326 12.27049631 0.09762817
      vertex 23.62155740 12.26978365 0.09647957
      vertex 23.01667648 12.88481230 0.07829550
    endloop
  endfacet
  facet normal -0.01347701 0.00052841 0.99990904
    outer loop
      vertex 22.41107292 12.88552557 0.07013266
      vertex 22.41034910 12.27120956 0.07044754
      vertex 23.01667648 12.88481230 0.07829550
    endloop
  endfacet
  facet normal -0.04477750 0.03147579 0.99850100
    outer loop
      vertex 23.01667648 12.88481230 0.07829550
      vertex 22.41034910 12.27120956 0.07044754
      vertex 23.01595326 12.27049631 0.09762817
    endloop
  endfacet
  facet normal 0.05000972 -0.09372637 0.99434119
    outer loop
      vertex 22.41396837 15.34278973 0.15882737
      vertex 23.01884624 14.72776035 0.07043292
      vertex 23.01956953 15.34207639 0.12830183
    endloop
  endfacet
  facet normal 0.02653692 -0.11659384 0.99282509
    outer loop
      vertex 22.41324448 14.72847367 0.08670363
      vertex 23.01884624 14.72776035 0.07043292
      vertex 22.41396837 15.34278973 0.15882737
    endloop
  endfacet
  facet normal 0.00967736 0.22214880 0.97496475
    outer loop
      vertex 3.02357824 6.15118138 0.57675781
      vertex 3.02283540 5.53686497 0.71673912
      vertex 3.62844668 5.53613297 0.71089470
    endloop
  endfacet
  facet normal 0.08949931 0.29545679 0.95115464
    outer loop
      vertex 3.62844668 5.53613297 0.71089470
      vertex 3.62918891 6.15044935 0.52000000
      vertex 3.02357824 6.15118138 0.57675781
    endloop
  endfacet
  facet normal 0.00011130 0.09199985 0.99575901
    outer loop
      vertex 3.02432109 6.76549779 0.52000000
      vertex 2.41871100 6.76623042 0.52000000
      vertex 3.02357824 6.15118138 0.57675781
    endloop
  endfacet
  facet normal -0.08425580 0.00908881 0.99640271
    outer loop
      vertex 3.02357824 6.15118138 0.57675781
      vertex 2.41871100 6.76623042 0.52000000
      vertex 2.41796755 6.15191399 0.52554070
    endloop
  endfacet
  facet normal -0.08361382 0.11121667 0.99027248
    outer loop
      vertex 2.41796755 6.15191399 0.52554070
      vertex 2.41722411 5.53759757 0.59447128
      vertex 3.02357824 6.15118138 0.57675781
    endloop
  endfacet
  facet normal -0.19287559 0.21822039 0.95664981
    outer loop
      vertex 2.41722411 5.53759757 0.59447128
      vertex 3.02283540 5.53686497 0.71673912
      vertex 3.02357824 6.15118138 0.57675781
    endloop
  endfacet
  facet normal 0.24025172 0.01631700 0.97057347
    outer loop
      vertex 2.42465925 11.68076228 1.46223831
      vertex 3.03100755 12.29434604 1.30182999
      vertex 2.42540286 12.29507882 1.45172653
    endloop
  endfacet
  facet normal 0.33586961 -0.08671290 0.93790856
    outer loop
      vertex 3.03026454 11.68002952 1.24530037
      vertex 3.03100755 12.29434604 1.30182999
      vertex 2.42465925 11.68076228 1.46223831
    endloop
  endfacet
  facet normal -0.22534558 0.01694147 0.97413159
    outer loop
      vertex 2.42540286 12.29507882 1.45172653
      vertex 1.81979816 12.29581219 1.31161942
      vertex 2.42465925 11.68076228 1.46223831
    endloop
  endfacet
  facet normal -0.06595221 0.17567899 0.98223582
    outer loop
      vertex 1.81979816 12.29581219 1.31161942
      vertex 1.81905395 11.68149564 1.42144379
      vertex 2.42465925 11.68076228 1.46223831
    endloop
  endfacet
  facet normal 0.15681061 0.12140094 0.98013889
    outer loop
      vertex 2.42465925 11.68076228 1.46223831
      vertex 2.42391566 11.06644576 1.53844711
      vertex 3.02952155 11.06571301 1.44164810
    endloop
  endfacet
  facet normal 0.32327885 0.28774477 0.90149528
    outer loop
      vertex 3.02952155 11.06571301 1.44164810
      vertex 3.03026454 11.68002952 1.24530037
      vertex 2.42465925 11.68076228 1.46223831
    endloop
  endfacet
  facet normal 0.02799839 0.12302928 0.99200801
    outer loop
      vertex 1.81830975 11.06717910 1.55544876
      vertex 2.42391566 11.06644576 1.53844711
      vertex 2.42465925 11.68076228 1.46223831
    endloop
  endfacet
  facet normal -0.06541424 0.21274416 0.97491584
    outer loop
      vertex 2.42465925 11.68076228 1.46223831
      vertex 1.81905395 11.68149564 1.42144379
      vertex 1.81830975 11.06717910 1.55544876
    endloop
  endfacet
  facet normal 0.14030674 0.23513322 0.96178292
    outer loop
      vertex 9.09516180 19.04453149 1.30084290
      vertex 9.09589902 19.65884798 1.15054947
      vertex 8.49030169 19.65957504 1.23871742
    endloop
  endfacet
  facet normal 0.19900417 0.29025725 0.93602781
    outer loop
      vertex 8.49030169 19.65957504 1.23871742
      vertex 8.48956387 19.04525853 1.42937057
      vertex 9.09516180 19.04453149 1.30084290
    endloop
  endfacet
  facet normal 0.25988805 0.08033092 0.96229161
    outer loop
      vertex 9.70075971 19.04380504 1.13734848
      vertex 9.70149632 19.65812152 1.08586716
      vertex 9.09516180 19.04453149 1.30084290
    endloop
  endfacet
  facet normal 0.10347723 0.23624995 0.96616687
    outer loop
      vertex 9.70149632 19.65812152 1.08586716
      vertex 9.09589902 19.65884798 1.15054947
      vertex 9.09516180 19.04453149 1.30084290
    endloop
  endfacet
  facet normal 0.01040406 -0.04871047 0.99875875
    outer loop
      vertex 17.57280225 18.42009879 0.70455894
      vertex 17.57207348 17.80578255 0.67460571
      vertex 18.17840054 18.41938065 0.69821541
    endloop
  endfacet
  facet normal 0.04346861 -0.08126721 0.99574400
    outer loop
      vertex 17.57207348 17.80578255 0.67460571
      vertex 18.17767236 17.80506442 0.64811005
      vertex 18.17840054 18.41938065 0.69821541
    endloop
  endfacet
  facet normal 0.01051706 0.04508796 0.99892766
    outer loop
      vertex 18.17840054 18.41938065 0.69821541
      vertex 17.57353105 19.03441505 0.67682327
      vertex 17.57280225 18.42009879 0.70455894
    endloop
  endfacet
  facet normal 0.00004127 0.03480153 0.99939424
    outer loop
      vertex 18.17912873 19.03369689 0.67682327
      vertex 17.57353105 19.03441505 0.67682327
      vertex 18.17840054 18.41938065 0.69821541
    endloop
  endfacet
  facet normal -0.02227891 0.03524935 0.99913019
    outer loop
      vertex 18.78399881 18.41866309 0.71174454
      vertex 18.78472640 19.03297931 0.69008766
      vertex 18.17840054 18.41938065 0.69821541
    endloop
  endfacet
  facet normal -0.02184320 0.03481914 0.99915489
    outer loop
      vertex 18.17840054 18.41938065 0.69821541
      vertex 18.78472640 19.03297931 0.69008766
      vertex 18.17912873 19.03369689 0.67682327
    endloop
  endfacet
  facet normal -0.03299098 -0.04275417 0.99854077
    outer loop
      vertex 19.38887008 17.80362993 0.67432030
      vertex 19.38959706 18.41794613 0.70064728
      vertex 18.78327123 17.80434688 0.65434250
    endloop
  endfacet
  facet normal 0.01813179 -0.09304127 0.99549714
    outer loop
      vertex 18.78327123 17.80434688 0.65434250
      vertex 19.38959706 18.41794613 0.70064728
      vertex 18.78399881 18.41866309 0.71174454
    endloop
  endfacet
  facet normal -0.01035309 -0.08127632 0.99663783
    outer loop
      vertex 18.78327123 17.80434688 0.65434250
      vertex 18.17840054 18.41938065 0.69821541
      vertex 18.17767236 17.80506442 0.64811005
    endloop
  endfacet
  facet normal -0.02234789 -0.09298580 0.99541660
    outer loop
      vertex 18.78399881 18.41866309 0.71174454
      vertex 18.17840054 18.41938065 0.69821541
      vertex 18.78327123 17.80434688 0.65434250
    endloop
  endfacet
  facet normal -0.03298350 -0.05820352 0.99775971
    outer loop
      vertex 18.78327123 17.80434688 0.65434250
      vertex 19.38814312 17.18931375 0.63846062
      vertex 19.38887008 17.80362993 0.67432030
    endloop
  endfacet
  facet normal -0.09059235 -0.11464130 0.98926761
    outer loop
      vertex 18.78254367 17.19003068 0.58308582
      vertex 19.38814312 17.18931375 0.63846062
      vertex 18.78327123 17.80434688 0.65434250
    endloop
  endfacet
  facet normal -0.08203993 -0.01396515 0.99653120
    outer loop
      vertex 18.17694420 17.19074820 0.50194241
      vertex 17.57061597 16.57715010 0.44342731
      vertex 18.17621606 16.57643200 0.49327358
    endloop
  endfacet
  facet normal -0.01816185 -0.07711743 0.99685658
    outer loop
      vertex 17.57134472 17.19146632 0.49096447
      vertex 17.57061597 16.57715010 0.44342731
      vertex 18.17694420 17.19074820 0.50194241
    endloop
  endfacet
  facet normal 0.04225016 -0.23131417 0.97196125
    outer loop
      vertex 18.17694420 17.19074820 0.50194241
      vertex 18.17767236 17.80506442 0.64811005
      vertex 17.57207348 17.80578255 0.67460571
    endloop
  endfacet
  facet normal -0.01770490 -0.28634833 0.95796199
    outer loop
      vertex 18.17694420 17.19074820 0.50194241
      vertex 17.57207348 17.80578255 0.67460571
      vertex 17.57134472 17.19146632 0.49096447
    endloop
  endfacet
  facet normal -0.01028562 -0.23144969 0.97279250
    outer loop
      vertex 18.17694420 17.19074820 0.50194241
      vertex 18.78327123 17.80434688 0.65434250
      vertex 18.17767236 17.80506442 0.64811005
    endloop
  endfacet
  facet normal -0.13206791 -0.11405736 0.98465679
    outer loop
      vertex 18.78254367 17.19003068 0.58308582
      vertex 18.78327123 17.80434688 0.65434250
      vertex 18.17694420 17.19074820 0.50194241
    endloop
  endfacet
  facet normal 0.00195915 -0.00465585 0.99998724
    outer loop
      vertex 22.40962529 11.65689357 0.05339279
      vertex 22.40890151 11.04257758 0.05053401
      vertex 23.01450687 11.04186436 0.04934420
    endloop
  endfacet
  facet normal -0.00595306 -0.01243697 0.99990494
    outer loop
      vertex 23.01450687 11.04186436 0.04934420
      vertex 23.01523005 11.65618033 0.05698946
      vertex 22.40962529 11.65689357 0.05339279
    endloop
  endfacet
  facet normal -0.00795392 -0.00464403 0.99995758
    outer loop
      vertex 22.40962529 11.65689357 0.05339279
      vertex 21.80329613 11.04329139 0.04572018
      vertex 22.40890151 11.04257758 0.05053401
    endloop
  endfacet
  facet normal 0.01415626 -0.02648703 0.99954892
    outer loop
      vertex 21.80402052 11.65760739 0.06198867
      vertex 21.80329613 11.04329139 0.04572018
      vertex 22.40962529 11.65689357 0.05339279
    endloop
  endfacet
  facet normal -0.00600365 -0.06600028 0.99780154
    outer loop
      vertex 22.40962529 11.65689357 0.05339279
      vertex 23.01523005 11.65618033 0.05698946
      vertex 23.01595326 12.27049631 0.09762817
    endloop
  endfacet
  facet normal -0.04485207 -0.02767076 0.99861035
    outer loop
      vertex 23.01595326 12.27049631 0.09762817
      vertex 22.41034910 12.27120956 0.07044754
      vertex 22.40962529 11.65689357 0.05339279
    endloop
  endfacet
  facet normal 0.00434945 -0.00062101 0.99999035
    outer loop
      vertex 21.80257176 10.42897540 0.04612035
      vertex 21.80184741 9.81465942 0.04574200
      vertex 22.40745399 9.81394564 0.04310748
    endloop
  endfacet
  facet normal 0.00183122 -0.00309771 0.99999353
    outer loop
      vertex 21.80257176 10.42897540 0.04612035
      vertex 22.40745399 9.81394564 0.04310748
      vertex 22.40817774 10.42826161 0.04500914
    endloop
  endfacet
  facet normal 0.00248377 0.00389933 0.99998931
    outer loop
      vertex 20.59135976 10.43040477 0.05851028
      vertex 19.98575374 10.43112034 0.06001169
      vertex 19.98502759 9.81680431 0.06240894
    endloop
  endfacet
  facet normal 0.01416920 -0.00764843 0.99987036
    outer loop
      vertex 20.59063421 9.81608876 0.05382140
      vertex 20.59135976 10.43040477 0.05851028
      vertex 19.98502759 9.81680431 0.06240894
    endloop
  endfacet
  facet normal 0.01039156 -0.00754064 0.99991757
    outer loop
      vertex 19.38014770 10.43183650 0.06631080
      vertex 19.98575374 10.43112034 0.06001169
      vertex 19.38087447 11.04615255 0.07093596
    endloop
  endfacet
  facet normal 0.00987941 -0.00804435 0.99991884
    outer loop
      vertex 19.38087447 11.04615255 0.07093596
      vertex 19.98575374 10.43112034 0.06001169
      vertex 19.98647991 11.04543638 0.06494669
    endloop
  endfacet
  facet normal 0.21518401 0.20853654 0.95404840
    outer loop
      vertex 16.35211727 10.43542618 0.33490772
      vertex 16.95772339 10.43470706 0.19847147
      vertex 16.35284704 11.04974232 0.20046549
    endloop
  endfacet
  facet normal 0.18049222 0.17437256 0.96799627
    outer loop
      vertex 16.35284704 11.04974232 0.20046549
      vertex 16.95772339 10.43470706 0.19847147
      vertex 16.95845256 11.04902318 0.08767406
    endloop
  endfacet
  facet normal -0.01133353 -0.02204367 0.99969277
    outer loop
      vertex 16.95918175 11.66333931 0.08602417
      vertex 17.56551525 12.27693688 0.10642828
      vertex 16.95991095 12.27765546 0.09957838
    endloop
  endfacet
  facet normal -0.01877970 -0.01468641 0.99971578
    outer loop
      vertex 17.56478665 11.66262075 0.09738993
      vertex 17.56551525 12.27693688 0.10642828
      vertex 16.95918175 11.66333931 0.08602417
    endloop
  endfacet
  facet normal 0.00826717 0.00267581 0.99996225
    outer loop
      vertex 16.95845256 11.04902318 0.08767406
      vertex 17.56405806 11.04830464 0.08266914
      vertex 16.95918175 11.66333931 0.08602417
    endloop
  endfacet
  facet normal -0.01878732 -0.02392951 0.99953710
    outer loop
      vertex 16.95918175 11.66333931 0.08602417
      vertex 17.56405806 11.04830464 0.08266914
      vertex 17.56478665 11.66262075 0.09738993
    endloop
  endfacet
  facet normal 0.10154722 0.00143935 0.99482968
    outer loop
      vertex 16.35430663 12.27837463 0.14687694
      vertex 16.35357683 11.66405847 0.14784024
      vertex 16.95918175 11.66333931 0.08602417
    endloop
  endfacet
  facet normal 0.07781924 -0.02208397 0.99672286
    outer loop
      vertex 16.95918175 11.66333931 0.08602417
      vertex 16.95991095 12.27765546 0.09957838
      vertex 16.35430663 12.27837463 0.14687694
    endloop
  endfacet
  facet normal 0.18309944 0.00242298 0.98309141
    outer loop
      vertex 16.95918175 11.66333931 0.08602417
      vertex 16.35284704 11.04974232 0.20046549
      vertex 16.95845256 11.04902318 0.08767406
    endloop
  endfacet
  facet normal 0.10127958 0.08479384 0.99123784
    outer loop
      vertex 16.35357683 11.66405847 0.14784024
      vertex 16.35284704 11.04974232 0.20046549
      vertex 16.95918175 11.66333931 0.08602417
    endloop
  endfacet
  facet normal -0.01890495 0.19686056 0.98024921
    outer loop
      vertex 15.74797189 11.66477821 0.30873281
      vertex 15.74870230 12.27909439 0.18537560
      vertex 15.14309795 12.27981474 0.17355133
    endloop
  endfacet
  facet normal 0.02021441 0.23354999 0.97213465
    outer loop
      vertex 15.14309795 12.27981474 0.17355133
      vertex 15.14236694 11.66549855 0.32115261
      vertex 15.74797189 11.66477821 0.30873281
    endloop
  endfacet
  facet normal -0.01823875 0.09815686 0.99500381
    outer loop
      vertex 16.36671597 22.72175113 0.72929260
      vertex 16.36598587 22.10743477 0.78988136
      vertex 16.97158058 22.10671534 0.80105309
    endloop
  endfacet
  facet normal 0.19488766 0.30059746 0.93362732
    outer loop
      vertex 16.97158058 22.10671534 0.80105309
      vertex 16.97231008 22.72103169 0.60311104
      vertex 16.36671597 22.72175113 0.72929260
    endloop
  endfacet
  facet normal 0.39922212 0.26755681 0.87694643
    outer loop
      vertex 16.36671597 22.72175113 0.72929260
      vertex 16.36744608 23.33606750 0.54153198
      vertex 15.76185255 23.33678756 0.81700340
    endloop
  endfacet
  facet normal 0.27113836 0.13065549 0.95363155
    outer loop
      vertex 15.76185255 23.33678756 0.81700340
      vertex 15.76112184 22.72247117 0.90137764
      vertex 16.36671597 22.72175113 0.72929260
    endloop
  endfacet
  facet normal -0.03101416 0.05364168 0.99807850
    outer loop
      vertex 16.36525579 21.49311843 0.89417923
      vertex 15.75966046 21.49383843 0.87532234
      vertex 15.75892979 20.87952208 0.90831604
    endloop
  endfacet
  facet normal 0.08448826 -0.06057275 0.99458166
    outer loop
      vertex 16.36452572 20.87880209 0.85682770
      vertex 16.36525579 21.49311843 0.89417923
      vertex 15.75892979 20.87952208 0.90831604
    endloop
  endfacet
  facet normal 0.04813347 -0.09188843 0.99460529
    outer loop
      vertex 16.96793335 19.03513381 0.72223923
      vertex 16.96866276 19.64945009 0.77895866
      vertex 16.36233563 19.03585315 0.75161331
    endloop
  endfacet
  facet normal 0.10229908 -0.14494577 0.98413699
    outer loop
      vertex 16.36233563 19.03585315 0.75161331
      vertex 16.96866276 19.64945009 0.77895866
      vertex 16.36306565 19.65016945 0.84201523
    endloop
  endfacet
  facet normal -0.10810704 -0.22681176 0.96792009
    outer loop
      vertex 15.75600731 18.42225679 0.60083855
      vertex 15.75673790 19.03657309 0.74487228
      vertex 15.15114016 19.03729362 0.67740189
    endloop
  endfacet
  facet normal -0.16786939 -0.28266012 0.94441682
    outer loop
      vertex 15.15114016 19.03729362 0.67740189
      vertex 15.15040896 18.42297730 0.49340954
      vertex 15.75600731 18.42225679 0.60083855
    endloop
  endfacet
  facet normal 0.04802956 0.03838071 0.99810825
    outer loop
      vertex 16.36379568 20.26448577 0.78441498
      vertex 16.96866276 19.64945009 0.77895866
      vertex 16.96939219 20.26376639 0.75530098
    endloop
  endfacet
  facet normal 0.10322580 0.09273341 0.99032568
    outer loop
      vertex 16.36306565 19.65016945 0.84201523
      vertex 16.96866276 19.64945009 0.77895866
      vertex 16.36379568 20.26448577 0.78441498
    endloop
  endfacet
  facet normal 0.08399818 -0.11674956 0.98960287
    outer loop
      vertex 16.36452572 20.87880209 0.85682770
      vertex 15.75892979 20.87952208 0.90831604
      vertex 16.36379568 20.26448577 0.78441498
    endloop
  endfacet
  facet normal 0.14803152 -0.05335994 0.98754209
    outer loop
      vertex 16.36379568 20.26448577 0.78441498
      vertex 15.75892979 20.87952208 0.90831604
      vertex 15.75819915 20.26520574 0.87523216
    endloop
  endfacet
  facet normal 0.04775192 -0.08366772 0.99534892
    outer loop
      vertex 16.36379568 20.26448577 0.78441498
      vertex 16.96939219 20.26376639 0.75530098
      vertex 16.97012164 20.87808269 0.80690460
    endloop
  endfacet
  facet normal 0.08145779 -0.11677127 0.98981266
    outer loop
      vertex 16.36379568 20.26448577 0.78441498
      vertex 16.97012164 20.87808269 0.80690460
      vertex 16.36452572 20.87880209 0.85682770
    endloop
  endfacet
  facet normal -0.05217728 0.15888987 0.98591660
    outer loop
      vertex 10.91710375 23.34256929 0.47722198
      vertex 10.91636823 22.72825277 0.57618603
      vertex 11.52269741 23.34184450 0.50938839
    endloop
  endfacet
  facet normal 0.01413113 0.09440237 0.99543383
    outer loop
      vertex 10.91636823 22.72825277 0.57618603
      vertex 11.52196249 22.72752800 0.56765778
      vertex 11.52269741 23.34184450 0.50938839
    endloop
  endfacet
  facet normal 0.03542502 0.01952996 0.99918149
    outer loop
      vertex 19.98139708 6.74522435 0.06213118
      vertex 19.98067103 6.13090840 0.07416431
      vertex 20.58628125 6.13019294 0.05270697
    endloop
  endfacet
  facet normal 0.00973106 -0.00575164 0.99993611
    outer loop
      vertex 20.58700670 6.74450888 0.05623346
      vertex 19.98139708 6.74522435 0.06213118
      vertex 20.58628125 6.13019294 0.05270697
    endloop
  endfacet
  facet normal 0.23739665 0.01621891 0.97127739
    outer loop
      vertex 20.58628125 6.13019294 0.05270697
      vertex 19.97994499 5.51659245 0.21115206
      vertex 20.58555582 5.51587701 0.06314246
    endloop
  endfacet
  facet normal 0.03481785 0.21747551 0.97544458
    outer loop
      vertex 20.58628125 6.13019294 0.05270697
      vertex 19.98067103 6.13090840 0.07416431
      vertex 19.97994499 5.51659245 0.21115206
    endloop
  endfacet
  facet normal 0.18273922 -0.10140283 0.97791812
    outer loop
      vertex 15.74212926 6.75024923 0.72044830
      vertex 16.34773900 6.74952962 0.60720608
      vertex 16.34846867 7.36384568 0.67076973
    endloop
  endfacet
  facet normal 0.15690303 -0.07532007 0.98473769
    outer loop
      vertex 16.34846867 7.36384568 0.67076973
      vertex 15.74285953 7.36456531 0.76731941
      vertex 15.74212926 6.75024923 0.72044830
    endloop
  endfacet
  facet normal 0.35024777 -0.16237631 0.92247516
    outer loop
      vertex 16.34700935 6.13521356 0.38252579
      vertex 15.74212926 6.75024923 0.72044830
      vertex 15.74139901 6.13593316 0.61259216
    endloop
  endfacet
  facet normal 0.17256280 -0.33851579 0.92500224
    outer loop
      vertex 16.34773900 6.74952962 0.60720608
      vertex 15.74212926 6.75024923 0.72044830
      vertex 16.34700935 6.13521356 0.38252579
    endloop
  endfacet
  facet normal 0.24945354 0.07851582 0.96519853
    outer loop
      vertex 13.31456196 2.45292091 0.86708191
      vertex 13.31382943 1.83860486 0.91724388
      vertex 13.91944403 1.83788301 0.76078278
    endloop
  endfacet
  facet normal 0.14677837 -0.02654532 0.98881316
    outer loop
      vertex 13.91944403 1.83788301 0.76078278
      vertex 13.92017596 2.45219904 0.77716583
      vertex 13.31456196 2.45292091 0.86708191
    endloop
  endfacet
  facet normal 0.40689665 0.02882868 0.91301918
    outer loop
      vertex 13.31309692 1.22428882 1.05038208
      vertex 13.91871212 1.22356698 0.78050606
      vertex 13.91944403 1.83788301 0.76078278
    endloop
  endfacet
  facet normal 0.24505096 0.20507154 0.94757358
    outer loop
      vertex 13.91944403 1.83788301 0.76078278
      vertex 13.31382943 1.83860486 0.91724388
      vertex 13.31309692 1.22428882 1.05038208
    endloop
  endfacet
  facet normal 0.04437869 -0.00005283 0.99901478
    outer loop
      vertex 14.52505862 1.83716175 0.73387985
      vertex 14.52578995 2.45147777 0.73387985
      vertex 13.91944403 1.83788301 0.76078278
    endloop
  endfacet
  facet normal 0.07123569 -0.02667638 0.99710273
    outer loop
      vertex 14.52578995 2.45147777 0.73387985
      vertex 13.92017596 2.45219904 0.77716583
      vertex 13.91944403 1.83788301 0.76078278
    endloop
  endfacet
  facet normal -0.00339221 -0.09296051 0.99566402
    outer loop
      vertex 15.13725038 7.36528554 0.76569084
      vertex 14.53164121 7.36600635 0.76369484
      vertex 14.53090974 6.75169024 0.70633652
    endloop
  endfacet
  facet normal 0.01737278 -0.11326226 0.99341323
    outer loop
      vertex 14.53090974 6.75169024 0.70633652
      vertex 15.13651951 6.75096944 0.69566345
      vertex 15.13725038 7.36528554 0.76569084
    endloop
  endfacet
  facet normal 0.01744613 -0.08863034 0.99591179
    outer loop
      vertex 15.13578866 6.13665335 0.64100571
      vertex 15.13651951 6.75096944 0.69566345
      vertex 14.53090974 6.75169024 0.70633652
    endloop
  endfacet
  facet normal 0.05672266 -0.05013196 0.99713055
    outer loop
      vertex 14.53090974 6.75169024 0.70633652
      vertex 14.53017829 6.13737413 0.67549263
      vertex 15.13578866 6.13665335 0.64100571
    endloop
  endfacet
  facet normal 0.35510180 0.15051370 0.92263120
    outer loop
      vertex 12.10480143 3.68299862 1.10040520
      vertex 11.49845421 3.06940617 1.43387436
      vertex 12.10406766 3.06868251 1.20090424
    endloop
  endfacet
  facet normal 0.42822620 0.06661265 0.90121311
    outer loop
      vertex 11.49918858 3.68372230 1.38811859
      vertex 11.49845421 3.06940617 1.43387436
      vertex 12.10480143 3.68299862 1.10040520
    endloop
  endfacet
  facet normal 0.17374236 0.32639665 0.92912799
    outer loop
      vertex 11.50359513 7.36961929 1.03929100
      vertex 10.89798587 7.37034366 1.15228249
      vertex 10.89725080 6.75602744 1.36822525
    endloop
  endfacet
  facet normal 0.09583561 0.39507776 0.91363510
    outer loop
      vertex 10.89725080 6.75602744 1.36822525
      vertex 11.50286066 6.75530310 1.30501312
      vertex 11.50359513 7.36961929 1.03929100
    endloop
  endfacet
  facet normal -0.19985683 -0.05854856 0.97807429
    outer loop
      vertex 9.68529477 6.14316168 1.31550201
      vertex 9.68455854 5.52884546 1.27857796
      vertex 10.29016963 5.52811996 1.40228333
    endloop
  endfacet
  facet normal -0.18221887 -0.04058900 0.98241988
    outer loop
      vertex 10.29090527 6.14243617 1.42780045
      vertex 9.68529477 6.14316168 1.31550201
      vertex 10.29016963 5.52811996 1.40228333
    endloop
  endfacet
  facet normal 0.00000000 0.00000000 1.00000000
    outer loop
      vertex 6.05459096 8.60479258 0.52000000
      vertex 6.65945985 7.98974710 0.52000000
      vertex 6.66019916 8.60406345 0.52000000
    endloop
  endfacet
  facet normal -0.00000000 0.00000000 1.00000000
    outer loop
      vertex 6.05385106 7.99047621 0.52000000
      vertex 6.65945985 7.98974710 0.52000000
      vertex 6.05459096 8.60479258 0.52000000
    endloop
  endfacet
  facet normal -0.09922023 0.44916608 0.88792183
    outer loop
      vertex 4.83818716 4.30603806 0.87622505
      vertex 5.44305921 3.69099157 1.25494484
      vertex 5.44379959 4.30530787 0.94426819
    endloop
  endfacet
  facet normal -0.17244105 0.38792796 0.90541481
    outer loop
      vertex 4.83818716 4.30603806 0.87622505
      vertex 4.83744618 3.69172175 1.13928978
      vertex 5.44305921 3.69099157 1.25494484
    endloop
  endfacet
  facet normal -0.10099773 0.41674701 0.90339437
    outer loop
      vertex 5.44379959 4.30530787 0.94426819
      vertex 5.44453999 4.91962418 0.66095924
      vertex 4.83818716 4.30603806 0.87622505
    endloop
  endfacet
  facet normal -0.02934069 0.35660060 0.93379609
    outer loop
      vertex 5.44453999 4.91962418 0.66095924
      vertex 4.83892816 4.92035439 0.64165154
      vertex 4.83818716 4.30603806 0.87622505
    endloop
  endfacet
  facet normal 0.02185104 0.35661512 0.93399582
    outer loop
      vertex 4.83818716 4.30603806 0.87622505
      vertex 4.83892816 4.92035439 0.64165154
      vertex 4.23331632 4.92108520 0.65554092
    endloop
  endfacet
  facet normal -0.10050569 0.24697525 0.96379554
    outer loop
      vertex 4.23331632 4.92108520 0.65554092
      vertex 4.23257472 4.30676885 0.81288383
      vertex 4.83818716 4.30603806 0.87622505
    endloop
  endfacet
  facet normal -0.25156107 0.29100636 0.92305597
    outer loop
      vertex 6.04941200 4.30457826 1.05546852
      vertex 6.65502439 4.30384925 1.22074631
      vertex 6.65576359 4.91816553 1.02727592
    endloop
  endfacet
  facet normal -0.31368615 0.35053336 0.88245530
    outer loop
      vertex 6.05015180 4.91889456 0.81170967
      vertex 6.04941200 4.30457826 1.05546852
      vertex 6.65576359 4.91816553 1.02727592
    endloop
  endfacet
  facet normal 0.09539372 0.26917107 0.95835639
    outer loop
      vertex 11.52049270 21.49889503 0.85271111
      vertex 12.12608814 21.49817089 0.79263420
      vertex 12.12682243 22.11248735 0.62001965
    endloop
  endfacet
  facet normal 0.18680094 0.18154620 0.96547728
    outer loop
      vertex 12.12682243 22.11248735 0.62001965
      vertex 11.52122759 22.11321151 0.73705421
      vertex 11.52049270 21.49889503 0.85271111
    endloop
  endfacet
  facet normal 0.09828699 0.16481346 0.98141540
    outer loop
      vertex 9.70296961 20.88675451 0.69098305
      vertex 9.09663625 20.27316449 0.85474915
      vertex 9.70223296 20.27243801 0.79422173
    endloop
  endfacet
  facet normal -0.04311628 0.29718608 0.95384560
    outer loop
      vertex 9.09737350 20.88748101 0.66338219
      vertex 9.09663625 20.27316449 0.85474915
      vertex 9.70296961 20.88675451 0.69098305
    endloop
  endfacet
  facet normal -0.02489517 -0.23606735 0.97141775
    outer loop
      vertex 12.12315118 19.04090516 0.61433289
      vertex 12.72874901 19.04018167 0.62967712
      vertex 12.72948262 19.65449807 0.77898293
    endloop
  endfacet
  facet normal -0.03248434 -0.22896379 0.97289277
    outer loop
      vertex 12.72948262 19.65449807 0.77898293
      vertex 12.12388539 19.65522157 0.75893265
      vertex 12.12315118 19.04090516 0.61433289
    endloop
  endfacet
  facet normal 0.01618247 -0.05492559 0.99835931
    outer loop
      vertex 12.72948262 19.65449807 0.77898293
      vertex 12.73021625 20.26881447 0.81276817
      vertex 12.12461963 20.26953800 0.82262413
    endloop
  endfacet
  facet normal -0.03303700 -0.10303048 0.99412941
    outer loop
      vertex 12.12461963 20.26953800 0.82262413
      vertex 12.12388539 19.65522157 0.75893265
      vertex 12.72948262 19.65449807 0.77898293
    endloop
  endfacet
  facet normal -0.13990732 0.10641523 0.98442965
    outer loop
      vertex 12.73168357 21.49744733 0.72044472
      vertex 13.33727898 21.49672437 0.80659019
      vertex 13.33801206 22.11104079 0.74028778
    endloop
  endfacet
  facet normal -0.09492078 0.06166565 0.99357304
    outer loop
      vertex 13.33801206 22.11104079 0.74028778
      vertex 12.73241725 22.11176378 0.68238754
      vertex 12.73168357 21.49744733 0.72044472
    endloop
  endfacet
  facet normal 0.11433250 0.26860985 0.95643966
    outer loop
      vertex 12.73168357 21.49744733 0.72044472
      vertex 12.12682243 22.11248735 0.62001965
      vertex 12.12608814 21.49817089 0.79263420
    endloop
  endfacet
  facet normal -0.10217674 0.06162986 0.99285531
    outer loop
      vertex 12.73241725 22.11176378 0.68238754
      vertex 12.12682243 22.11248735 0.62001965
      vertex 12.73168357 21.49744733 0.72044472
    endloop
  endfacet
  facet normal 0.37299192 0.18882483 0.90841742
    outer loop
      vertex 9.09295025 17.20158207 1.75126328
      vertex 9.69854996 17.20085567 1.50275787
      vertex 9.09368742 17.81589853 1.62326797
    endloop
  endfacet
  facet normal 0.32665170 0.13804120 0.93500978
    outer loop
      vertex 9.09368742 17.81589853 1.62326797
      vertex 9.69854996 17.20085567 1.50275787
      vertex 9.69928653 17.81517211 1.41180527
    endloop
  endfacet
  facet normal 0.32925478 0.19222164 0.92446857
    outer loop
      vertex 9.09368742 17.81589853 1.62326797
      vertex 8.48735053 17.20230906 1.96679993
      vertex 9.09295025 17.20158207 1.75126328
    endloop
  endfacet
  facet normal 0.20406493 0.31692263 0.92623839
    outer loop
      vertex 9.09368742 17.81589853 1.62326797
      vertex 8.48808829 17.81662554 1.75644226
      vertex 8.48735053 17.20230906 1.96679993
    endloop
  endfacet
  facet normal 0.00000000 0.00000000 1.00000000
    outer loop
      vertex 4.84633912 11.06351833 0.52000000
      vertex 5.45120437 10.44847152 0.52000000
      vertex 5.45194495 11.06278795 0.52000000
    endloop
  endfacet
  facet normal 0.42056152 0.41359949 0.80750447
    outer loop
      vertex 4.84559795 10.44920188 0.83503563
      vertex 5.45120437 10.44847152 0.52000000
      vertex 4.84633912 11.06351833 0.52000000
    endloop
  endfacet
  facet normal 0.51559600 0.39049553 0.76267556
    outer loop
      vertex 4.84633912 11.06351833 0.52000000
      vertex 4.23999151 10.44993284 1.24407303
      vertex 4.84559795 10.44920188 0.83503563
    endloop
  endfacet
  facet normal 0.73884666 0.06174118 0.67103922
    outer loop
      vertex 4.24073328 11.06424930 1.18673409
      vertex 4.23999151 10.44993284 1.24407303
      vertex 4.84633912 11.06351833 0.52000000
    endloop
  endfacet
  facet normal 0.00000000 -0.00000000 1.00000000
    outer loop
      vertex 5.45194495 11.06278795 0.52000000
      vertex 5.45268554 11.67710439 0.52000000
      vertex 4.84633912 11.06351833 0.52000000
    endloop
  endfacet
  facet normal 0.00000000 0.00000000 1.00000000
    outer loop
      vertex 4.84633912 11.06351833 0.52000000
      vertex 5.45268554 11.67710439 0.52000000
      vertex 4.84708032 11.67783479 0.52000000
    endloop
  endfacet
  facet normal 0.00000000 -0.00000000 1.00000000
    outer loop
      vertex 6.05681078 10.44774175 0.52000000
      vertex 6.05755076 11.06205817 0.52000000
      vertex 5.45194495 11.06278795 0.52000000
    endloop
  endfacet
  facet normal 0.00000000 0.00000000 1.00000000
    outer loop
      vertex 5.45194495 11.06278795 0.52000000
      vertex 5.45120437 10.44847152 0.52000000
      vertex 6.05681078 10.44774175 0.52000000
    endloop
  endfacet
  facet normal 0.00000000 0.00000000 1.00000000
    outer loop
      vertex 6.05829075 11.67637459 0.52000000
      vertex 6.05755076 11.06205817 0.52000000
      vertex 6.66315655 11.06132897 0.52000000
    endloop
  endfacet
  facet normal 0.00000000 -0.00000000 1.00000000
    outer loop
      vertex 6.66315655 11.06132897 0.52000000
      vertex 6.66389594 11.67564538 0.52000000
      vertex 6.05829075 11.67637459 0.52000000
    endloop
  endfacet
  facet normal 0.00000000 0.00000000 1.00000000
    outer loop
      vertex 6.05829075 11.67637459 0.52000000
      vertex 5.45268554 11.67710439 0.52000000
      vertex 5.45194495 11.06278795 0.52000000
    endloop
  endfacet
  facet normal -0.00000000 0.00000000 1.00000000
    outer loop
      vertex 5.45194495 11.06278795 0.52000000
      vertex 6.05755076 11.06205817 0.52000000
      vertex 6.05829075 11.67637459 0.52000000
    endloop
  endfacet
  facet normal -0.20625791 -0.28359268 0.93650033
    outer loop
      vertex 6.66537478 12.90427823 0.96489349
      vertex 7.27023993 12.28923316 0.91186195
      vertex 7.27097875 12.90354958 1.09805305
    endloop
  endfacet
  facet normal -0.20005639 -0.27776008 0.93958862
    outer loop
      vertex 6.66463535 12.28996180 0.78313255
      vertex 7.27023993 12.28923316 0.91186195
      vertex 6.66537478 12.90427823 0.96489349
    endloop
  endfacet
  facet normal -0.14609906 -0.22746183 0.96276486
    outer loop
      vertex 5.45490742 13.52005379 0.95475639
      vertex 4.84856275 12.90646774 0.71777870
      vertex 5.45416678 12.90573731 0.80950623
    endloop
  endfacet
  facet normal -0.19634723 -0.17835226 0.96417749
    outer loop
      vertex 4.84930400 13.52078423 0.83156509
      vertex 4.84856275 12.90646774 0.71777870
      vertex 5.45490742 13.52005379 0.95475639
    endloop
  endfacet
  facet normal -0.19698161 -0.15910939 0.96741018
    outer loop
      vertex 5.45490742 13.52005379 0.95475639
      vertex 4.85004526 14.13510074 0.93275230
      vertex 4.84930400 13.52078423 0.83156509
    endloop
  endfacet
  facet normal -0.19570210 -0.15783431 0.96787862
    outer loop
      vertex 5.45490742 13.52005379 0.95475639
      vertex 5.45564808 14.13437028 1.05508423
      vertex 4.85004526 14.13510074 0.93275230
    endloop
  endfacet
  facet normal 0.02515377 0.32535483 0.94525738
    outer loop
      vertex 13.92896048 9.82399239 0.33452133
      vertex 13.32335368 9.82471445 0.35038830
      vertex 13.32262094 9.21039826 0.56185364
    endloop
  endfacet
  facet normal 0.00074801 0.34676531 0.93795163
    outer loop
      vertex 13.32262094 9.21039826 0.56185364
      vertex 13.92822834 9.20967622 0.56163761
      vertex 13.92896048 9.82399239 0.33452133
    endloop
  endfacet
  facet normal 0.02480393 0.03591739 0.99904690
    outer loop
      vertex 13.92896048 9.82399239 0.33452133
      vertex 13.92969263 10.43830858 0.31241747
      vertex 13.32408643 10.43903066 0.32742725
    endloop
  endfacet
  facet normal 0.02621734 0.03730644 0.99895990
    outer loop
      vertex 13.32408643 10.43903066 0.32742725
      vertex 13.32335368 9.82471445 0.35038830
      vertex 13.92896048 9.82399239 0.33452133
    endloop
  endfacet
  facet normal 0.14840791 -0.16909178 0.97436290
    outer loop
      vertex 9.08852763 13.51568355 1.43716324
      vertex 9.08779058 12.90136717 1.33066650
      vertex 9.69339450 12.90064089 1.23829926
    endloop
  endfacet
  facet normal 0.09570370 -0.21978572 0.97084244
    outer loop
      vertex 9.69339450 12.90064089 1.23829926
      vertex 9.69413094 13.51495725 1.37729965
      vertex 9.08852763 13.51568355 1.43716324
    endloop
  endfacet
  facet normal 0.12466991 -0.16962303 0.97759165
    outer loop
      vertex 8.48218666 12.90209405 1.40802383
      vertex 9.08779058 12.90136717 1.33066650
      vertex 9.08852763 13.51568355 1.43716324
    endloop
  endfacet
  facet normal 0.07270050 -0.11886846 0.99024488
    outer loop
      vertex 9.08852763 13.51568355 1.43716324
      vertex 8.48292430 13.51641044 1.48171188
      vertex 8.48218666 12.90209405 1.40802383
    endloop
  endfacet
  facet normal 0.10835917 -0.24638824 0.96309456
    outer loop
      vertex 9.08926469 14.12999994 1.59424072
      vertex 8.48366196 14.13072685 1.66256393
      vertex 9.08852763 13.51568355 1.43716324
    endloop
  endfacet
  facet normal 0.07005308 -0.28179533 0.95691377
    outer loop
      vertex 8.48366196 14.13072685 1.66256393
      vertex 8.48292430 13.51641044 1.48171188
      vertex 9.08852763 13.51568355 1.43716324
    endloop
  endfacet
  facet normal 0.09801756 -0.44456557 0.89036735
    outer loop
      vertex 8.48661278 16.58799260 1.75489304
      vertex 8.48587505 15.97367614 1.44824249
      vertex 9.09147597 15.97294918 1.38121094
    endloop
  endfacet
  facet normal 0.26493447 -0.29685660 0.91743440
    outer loop
      vertex 9.09147597 15.97294918 1.38121094
      vertex 9.09221310 16.58726562 1.57977402
      vertex 8.48661278 16.58799260 1.75489304
    endloop
  endfacet
  facet normal 0.31859805 -0.29187816 0.90183281
    outer loop
      vertex 9.69781341 16.58653924 1.36559341
      vertex 9.09221310 16.58726562 1.57977402
      vertex 9.09147597 15.97294918 1.38121094
    endloop
  endfacet
  facet normal 0.13129318 -0.10464992 0.98580449
    outer loop
      vertex 9.09147597 15.97294918 1.38121094
      vertex 9.69707688 15.97222282 1.30047760
      vertex 9.69781341 16.58653924 1.36559341
    endloop
  endfacet
  facet normal -0.01454522 0.19388820 0.98091580
    outer loop
      vertex 11.50432962 7.98393550 1.00459923
      vertex 12.10993827 7.98321171 1.01372238
      vertex 12.11067217 8.59752791 0.89230728
    endloop
  endfacet
  facet normal 0.01472674 0.16589856 0.98603285
    outer loop
      vertex 12.11067217 8.59752791 0.89230728
      vertex 11.50506412 8.59825172 0.90123047
      vertex 11.50432962 7.98393550 1.00459923
    endloop
  endfacet
  facet normal 0.22093622 0.18884655 0.95683027
    outer loop
      vertex 12.11067217 8.59752791 0.89230728
      vertex 12.10993827 7.98321171 1.01372238
      vertex 12.71554690 7.98248851 0.87402748
    endloop
  endfacet
  facet normal 0.26303808 0.23084911 0.93676019
    outer loop
      vertex 12.11067217 8.59752791 0.89230728
      vertex 12.71554690 7.98248851 0.87402748
      vertex 12.71628020 8.59680470 0.72243347
    endloop
  endfacet
  facet normal -0.19411029 0.40321967 0.89427909
    outer loop
      vertex 10.90019118 9.21329236 0.55456291
      vertex 10.29384798 8.59970110 0.69961227
      vertex 10.89945606 8.59897611 0.83139114
    endloop
  endfacet
  facet normal -0.01986131 0.24855415 0.96841436
    outer loop
      vertex 10.90019118 9.21329236 0.55456291
      vertex 10.29458370 9.21401737 0.54195637
      vertex 10.29384798 8.59970110 0.69961227
    endloop
  endfacet
  facet normal 0.11526470 0.25934322 0.95888224
    outer loop
      vertex 10.90019118 9.21329236 0.55456291
      vertex 10.90092632 9.82760862 0.38832405
      vertex 10.29531944 9.82833364 0.46092636
    endloop
  endfacet
  facet normal -0.02047667 0.13076675 0.99120168
    outer loop
      vertex 10.29531944 9.82833364 0.46092636
      vertex 10.29458370 9.21401737 0.54195637
      vertex 10.90019118 9.21329236 0.55456291
    endloop
  endfacet
  facet normal -0.35405149 0.20267872 0.91299993
    outer loop
      vertex 9.08042111 6.75820403 0.97886703
      vertex 9.08115798 7.37252030 0.84277946
      vertex 8.47554865 7.37324703 0.60776939
    endloop
  endfacet
  facet normal -0.34740122 0.20979081 0.91394760
    outer loop
      vertex 8.47481118 6.75893075 0.74850143
      vertex 9.08042111 6.75820403 0.97886703
      vertex 8.47554865 7.37324703 0.60776939
    endloop
  endfacet
  facet normal 0.03519210 0.15100050 0.98790706
    outer loop
      vertex 13.32188822 8.59608208 0.72566628
      vertex 13.32115551 7.98176591 0.81958992
      vertex 13.92676411 7.98104390 0.79812675
    endloop
  endfacet
  facet normal 0.02096524 0.13729167 0.99030877
    outer loop
      vertex 13.92676411 7.98104390 0.79812675
      vertex 13.92749622 8.59536005 0.71294540
      vertex 13.32188822 8.59608208 0.72566628
    endloop
  endfacet
  facet normal 0.00065186 0.25765451 0.96623689
    outer loop
      vertex 13.32188822 8.59608208 0.72566628
      vertex 13.92822834 9.20967622 0.56163761
      vertex 13.32262094 9.21039826 0.56185364
    endloop
  endfacet
  facet normal 0.02067638 0.23908106 0.97077945
    outer loop
      vertex 13.32188822 8.59608208 0.72566628
      vertex 13.92749622 8.59536005 0.71294540
      vertex 13.92822834 9.20967622 0.56163761
    endloop
  endfacet
  facet normal -0.00000000 0.00000000 1.00000000
    outer loop
      vertex 6.05311117 7.37615986 0.52000000
      vertex 6.65872057 7.37543076 0.52000000
      vertex 6.65945985 7.98974710 0.52000000
    endloop
  endfacet
  facet normal 0.00000000 0.00000000 1.00000000
    outer loop
      vertex 6.05311117 7.37615986 0.52000000
      vertex 6.65945985 7.98974710 0.52000000
      vertex 6.05385106 7.99047621 0.52000000
    endloop
  endfacet
  facet normal 0.21424337 -0.11908702 0.96949371
    outer loop
      vertex 3.63883956 14.13656344 1.06612923
      vertex 3.63958204 14.75087999 1.14142426
      vertex 3.03397977 14.75161224 1.27534309
    endloop
  endfacet
  facet normal 0.13221103 -0.20020240 0.97079310
    outer loop
      vertex 3.03397977 14.75161224 1.27534309
      vertex 3.03323669 14.13729567 1.14875648
      vertex 3.63883956 14.13656344 1.06612923
    endloop
  endfacet
  facet normal 0.13501793 0.05931722 0.98906604
    outer loop
      vertex 3.63883956 14.13656344 1.06612923
      vertex 3.03323669 14.13729567 1.14875648
      vertex 3.03249363 13.52297912 1.18570030
    endloop
  endfacet
  facet normal 0.18969953 0.00387148 0.98183456
    outer loop
      vertex 3.63883956 14.13656344 1.06612923
      vertex 3.03249363 13.52297912 1.18570030
      vertex 3.63809710 13.52224690 1.06869499
    endloop
  endfacet
  facet normal 0.07095016 -0.14047217 0.98753919
    outer loop
      vertex 4.84930400 13.52078423 0.83156509
      vertex 4.24370056 13.52151527 0.87517891
      vertex 4.24295871 12.90719876 0.78784897
    endloop
  endfacet
  facet normal 0.11282020 -0.18109533 0.97697292
    outer loop
      vertex 4.24295871 12.90719876 0.78784897
      vertex 4.84856275 12.90646774 0.71777870
      vertex 4.84930400 13.52078423 0.83156509
    endloop
  endfacet
  facet normal 0.22953218 0.36977863 0.90032147
    outer loop
      vertex 3.63586982 11.67929735 1.08832924
      vertex 3.63512742 11.06498086 1.34082962
      vertex 4.24073328 11.06424930 1.18673409
    endloop
  endfacet
  facet normal 0.36230472 0.48377065 0.79668139
    outer loop
      vertex 4.24073328 11.06424930 1.18673409
      vertex 4.24147507 11.67856577 0.81336395
      vertex 3.63586982 11.67929735 1.08832924
    endloop
  endfacet
  facet normal 0.24005245 0.29528172 0.92476134
    outer loop
      vertex 3.63586982 11.67929735 1.08832924
      vertex 3.03026454 11.68002952 1.24530037
      vertex 3.02952155 11.06571301 1.44164810
    endloop
  endfacet
  facet normal 0.15263673 0.37555351 0.91414528
    outer loop
      vertex 3.02952155 11.06571301 1.44164810
      vertex 3.63512742 11.06498086 1.34082962
      vertex 3.63586982 11.67929735 1.08832924
    endloop
  endfacet
  facet normal 0.01054639 -0.01564601 0.99982197
    outer loop
      vertex 21.79822590 6.74307971 0.04022410
      vertex 22.40455915 7.35668191 0.04343047
      vertex 21.79895017 7.35739563 0.04982976
    endloop
  endfacet
  facet normal 0.00790944 -0.01304062 0.99988368
    outer loop
      vertex 22.40383548 6.74236601 0.03542420
      vertex 22.40455915 7.35668191 0.04343047
      vertex 21.79822590 6.74307971 0.04022410
    endloop
  endfacet
  facet normal 0.01683422 0.00006613 0.99985829
    outer loop
      vertex 21.19334118 7.35810993 0.05036763
      vertex 21.19261631 6.74379400 0.05042046
      vertex 21.79822590 6.74307971 0.04022410
    endloop
  endfacet
  facet normal 0.00086958 -0.01563547 0.99987738
    outer loop
      vertex 21.79895017 7.35739563 0.04982976
      vertex 21.19334118 7.35810993 0.05036763
      vertex 21.79822590 6.74307971 0.04022410
    endloop
  endfacet
  facet normal 0.30113545 -0.08585441 0.94970862
    outer loop
      vertex 20.59643912 14.73061717 0.53323700
      vertex 20.59571344 14.11630108 0.47793243
      vertex 21.20131585 14.11558600 0.28584221
    endloop
  endfacet
  facet normal 0.11962255 -0.26699915 0.95624364
    outer loop
      vertex 21.20131585 14.11558600 0.28584221
      vertex 21.20204092 14.72990208 0.45727879
      vertex 20.59643912 14.73061717 0.53323700
    endloop
  endfacet
  facet normal -0.04775893 -0.08639477 0.99511559
    outer loop
      vertex 19.99083729 14.73133285 0.50423428
      vertex 19.99011102 14.11701674 0.45086521
      vertex 20.59643912 14.73061717 0.53323700
    endloop
  endfacet
  facet normal -0.04457643 -0.08952226 0.99498679
    outer loop
      vertex 19.99011102 14.11701674 0.45086521
      vertex 20.59571344 14.11630108 0.47793243
      vertex 20.59643912 14.73061717 0.53323700
    endloop
  endfacet
  facet normal -0.04782731 0.00645999 0.99883473
    outer loop
      vertex 20.59643912 14.73061717 0.53323700
      vertex 19.99156358 15.34564897 0.50029594
      vertex 19.99083729 14.73133285 0.50423428
    endloop
  endfacet
  facet normal -0.03575216 0.01835488 0.99919211
    outer loop
      vertex 20.59716481 15.34493327 0.52197815
      vertex 19.99156358 15.34564897 0.50029594
      vertex 20.59643912 14.73061717 0.53323700
    endloop
  endfacet
  facet normal 0.07858423 0.01817491 0.99674179
    outer loop
      vertex 20.59643912 14.73061717 0.53323700
      vertex 21.20276601 15.34421817 0.47424492
      vertex 20.59716481 15.34493327 0.52197815
    endloop
  endfacet
  facet normal 0.12437169 -0.02753973 0.99185344
    outer loop
      vertex 21.20204092 14.72990208 0.45727879
      vertex 21.20276601 15.34421817 0.47424492
      vertex 20.59643912 14.73061717 0.53323700
    endloop
  endfacet
  facet normal -0.12781534 -0.06137435 0.98989718
    outer loop
      vertex 18.78181613 16.57571449 0.56328381
      vertex 18.17548793 15.96211580 0.44695126
      vertex 18.78108860 15.96139831 0.52510181
    endloop
  endfacet
  facet normal -0.11460739 -0.07456072 0.99060883
    outer loop
      vertex 18.17621606 16.57643200 0.49327358
      vertex 18.17548793 15.96211580 0.44695126
      vertex 18.78181613 16.57571449 0.56328381
    endloop
  endfacet
  facet normal -0.10756876 -0.06154710 0.99229074
    outer loop
      vertex 18.78108860 15.96139831 0.52510181
      vertex 19.38668925 15.96068141 0.59070717
      vertex 18.78181613 16.57571449 0.56328381
    endloop
  endfacet
  facet normal -0.12500676 -0.07884295 0.98901825
    outer loop
      vertex 19.38668925 15.96068141 0.59070717
      vertex 19.38741618 16.57499757 0.63977135
      vertex 18.78181613 16.57571449 0.56328381
    endloop
  endfacet
  facet normal -0.00000285 -0.00243027 0.99999705
    outer loop
      vertex 24.83925903 17.79720403 0.03424326
      vertex 24.83853748 17.18288799 0.03275030
      vertex 25.44413677 17.18217698 0.03275030
    endloop
  endfacet
  facet normal -0.00180922 -0.00420681 0.99998951
    outer loop
      vertex 25.44485773 17.79649300 0.03533594
      vertex 24.83925903 17.79720403 0.03424326
      vertex 25.44413677 17.18217698 0.03275030
    endloop
  endfacet
  facet normal 0.02390235 0.05915218 0.99796277
    outer loop
      vertex 25.44341583 16.56786097 0.06917988
      vertex 26.04901571 16.56715056 0.05471718
      vertex 25.44413677 17.18217698 0.03275030
    endloop
  endfacet
  facet normal -0.00742029 0.02840371 0.99956899
    outer loop
      vertex 25.44413677 17.18217698 0.03275030
      vertex 26.04901571 16.56715056 0.05471718
      vertex 26.04973605 17.18146656 0.03726615
    endloop
  endfacet
  facet normal -0.03253498 0.05920375 0.99771559
    outer loop
      vertex 24.83781594 16.56857197 0.04938940
      vertex 25.44341583 16.56786097 0.06917988
      vertex 25.44413677 17.18217698 0.03275030
    endloop
  endfacet
  facet normal 0.00003179 0.02707559 0.99963339
    outer loop
      vertex 25.44413677 17.18217698 0.03275030
      vertex 24.83853748 17.18288799 0.03275030
      vertex 24.83781594 16.56857197 0.04938940
    endloop
  endfacet
  facet normal 0.00481217 -0.00421454 0.99997954
    outer loop
      vertex 25.44413677 17.18217698 0.03275030
      vertex 26.05045640 17.79578257 0.03241865
      vertex 25.44485773 17.79649300 0.03533594
    endloop
  endfacet
  facet normal -0.00744712 0.00789916 0.99994107
    outer loop
      vertex 25.44413677 17.18217698 0.03275030
      vertex 26.04973605 17.18146656 0.03726615
      vertex 26.05045640 17.79578257 0.03241865
    endloop
  endfacet
  facet normal 0.02772762 -0.00586188 0.99959833
    outer loop
      vertex 21.19986575 12.88695388 0.08109538
      vertex 21.19914073 12.27263784 0.07751300
      vertex 21.80474492 12.27192341 0.06071010
    endloop
  endfacet
  facet normal 0.01934313 -0.01411179 0.99971331
    outer loop
      vertex 21.80474492 12.27192341 0.06071010
      vertex 21.80546934 12.88623943 0.06936767
      vertex 21.19986575 12.88695388 0.08109538
    endloop
  endfacet
  facet normal 0.01475596 0.01451248 0.99978580
    outer loop
      vertex 23.01739972 13.49912831 0.06936767
      vertex 23.01667648 12.88481230 0.07829550
      vertex 23.62228002 12.88409963 0.06936767
    endloop
  endfacet
  facet normal 0.00000000 -0.00000000 1.00000000
    outer loop
      vertex 23.62228002 12.88409963 0.06936767
      vertex 23.62300266 13.49841562 0.06936767
      vertex 23.01739972 13.49912831 0.06936767
    endloop
  endfacet
  facet normal 0.00000000 0.00000000 1.00000000
    outer loop
      vertex 23.62372531 14.11273162 0.06936767
      vertex 23.01812297 14.11344433 0.06936767
      vertex 23.01739972 13.49912831 0.06936767
    endloop
  endfacet
  facet normal -0.00000000 0.00000000 1.00000000
    outer loop
      vertex 23.01739972 13.49912831 0.06936767
      vertex 23.62300266 13.49841562 0.06936767
      vertex 23.62372531 14.11273162 0.06936767
    endloop
  endfacet
  facet normal 0.00000000 0.00000000 1.00000000
    outer loop
      vertex 22.41252061 14.11415763 0.06936767
      vertex 22.41179676 13.49984159 0.06936767
      vertex 23.01739972 13.49912831 0.06936767
    endloop
  endfacet
  facet normal 0.00000000 -0.00000000 1.00000000
    outer loop
      vertex 23.01739972 13.49912831 0.06936767
      vertex 23.01812297 14.11344433 0.06936767
      vertex 22.41252061 14.11415763 0.06936767
    endloop
  endfacet
  facet normal 0.08671604 0.06682923 0.99398903
    outer loop
      vertex 23.62589338 15.95567969 0.14613699
      vertex 24.23221603 16.56928356 0.05198648
      vertex 23.62661610 16.56999574 0.10477140
    endloop
  endfacet
  facet normal 0.09150411 0.06207937 0.99386777
    outer loop
      vertex 23.62589338 15.95567969 0.14613699
      vertex 24.23149391 15.95496752 0.09042462
      vertex 24.23221603 16.56928356 0.05198648
    endloop
  endfacet
  facet normal 0.15232381 0.06622147 0.98610962
    outer loop
      vertex 23.62661610 16.56999574 0.10477140
      vertex 23.02101616 16.57070851 0.19827023
      vertex 23.62589338 15.95567969 0.14613699
    endloop
  endfacet
  facet normal 0.07986832 -0.00594320 0.99678771
    outer loop
      vertex 23.02101616 16.57070851 0.19827023
      vertex 23.02029284 15.95639245 0.19466541
      vertex 23.62589338 15.95567969 0.14613699
    endloop
  endfacet
  facet normal 0.05743519 -0.08566508 0.99466713
    outer loop
      vertex 23.62589338 15.95567969 0.14613699
      vertex 23.01956953 15.34207639 0.12830183
      vertex 23.62517067 15.34136365 0.09327114
    endloop
  endfacet
  facet normal 0.07929144 -0.10715763 0.99107523
    outer loop
      vertex 23.62589338 15.95567969 0.14613699
      vertex 23.02029284 15.95639245 0.19466541
      vertex 23.01956953 15.34207639 0.12830183
    endloop
  endfacet
  facet normal 0.00000000 -0.00000000 1.00000000
    outer loop
      vertex 24.22932764 14.11201950 0.06936767
      vertex 24.23004971 14.72633550 0.06936767
      vertex 23.62444799 14.72704763 0.06936767
    endloop
  endfacet
  facet normal -0.00000000 0.00000000 1.00000000
    outer loop
      vertex 23.62372531 14.11273162 0.06936767
      vertex 24.22932764 14.11201950 0.06936767
      vertex 23.62444799 14.72704763 0.06936767
    endloop
  endfacet
  facet normal 0.00000000 0.00000000 1.00000000
    outer loop
      vertex 23.62444799 14.72704763 0.06936767
      vertex 23.01812297 14.11344433 0.06936767
      vertex 23.62372531 14.11273162 0.06936767
    endloop
  endfacet
  facet normal 0.00175695 -0.00173611 0.99999695
    outer loop
      vertex 23.62444799 14.72704763 0.06936767
      vertex 23.01884624 14.72776035 0.07043292
      vertex 23.01812297 14.11344433 0.06936767
    endloop
  endfacet
  facet normal 0.00164087 -0.09378715 0.99559092
    outer loop
      vertex 23.01956953 15.34207639 0.12830183
      vertex 23.01884624 14.72776035 0.07043292
      vertex 23.62444799 14.72704763 0.06936767
    endloop
  endfacet
  facet normal 0.05765867 -0.03888433 0.99757881
    outer loop
      vertex 23.62517067 15.34136365 0.09327114
      vertex 23.01956953 15.34207639 0.12830183
      vertex 23.62444799 14.72704763 0.06936767
    endloop
  endfacet
  facet normal -0.00000395 -0.00335844 0.99999436
    outer loop
      vertex 23.62444799 14.72704763 0.06936767
      vertex 24.23004971 14.72633550 0.06936767
      vertex 24.23077180 15.34065150 0.07143083
    endloop
  endfacet
  facet normal 0.03596747 -0.03889838 0.99859564
    outer loop
      vertex 23.62444799 14.72704763 0.06936767
      vertex 24.23077180 15.34065150 0.07143083
      vertex 23.62517067 15.34136365 0.09327114
    endloop
  endfacet
  facet normal -0.00891386 0.21129038 0.97738269
    outer loop
      vertex 4.83966918 5.53467073 0.52248211
      vertex 5.44453999 4.91962418 0.66095924
      vertex 5.44528041 5.53394050 0.52816322
    endloop
  endfacet
  facet normal -0.03105301 0.19038125 0.98121898
    outer loop
      vertex 4.83966918 5.53467073 0.52248211
      vertex 4.83892816 4.92035439 0.64165154
      vertex 5.44453999 4.91962418 0.66095924
    endloop
  endfacet
  facet normal 0.05036461 0.05355591 0.99729392
    outer loop
      vertex 4.23479957 6.14971792 0.52000000
      vertex 4.23405794 5.53540156 0.55302700
      vertex 4.83966918 5.53467073 0.52248211
    endloop
  endfacet
  facet normal 0.00000488 0.00404040 0.99999184
    outer loop
      vertex 4.83966918 5.53467073 0.52248211
      vertex 4.84041021 6.14898709 0.52000000
      vertex 4.23479957 6.14971792 0.52000000
    endloop
  endfacet
  facet normal 0.04988541 0.16433521 0.98514232
    outer loop
      vertex 4.83966918 5.53467073 0.52248211
      vertex 4.23405794 5.53540156 0.55302700
      vertex 4.23331632 4.92108520 0.65554092
    endloop
  endfacet
  facet normal 0.02273877 0.19036132 0.98145072
    outer loop
      vertex 4.23331632 4.92108520 0.65554092
      vertex 4.83892816 4.92035439 0.64165154
      vertex 4.83966918 5.53467073 0.52248211
    endloop
  endfacet
  facet normal -0.00867208 0.03271520 0.99942709
    outer loop
      vertex 9.70370628 21.50107103 0.67088043
      vertex 9.70296961 20.88675451 0.69098305
      vertex 10.30856570 20.88602861 0.69626160
    endloop
  endfacet
  facet normal -0.01635052 0.02516893 0.99954949
    outer loop
      vertex 9.70370628 21.50107103 0.67088043
      vertex 10.30856570 20.88602861 0.69626160
      vertex 10.30930177 21.50034510 0.68080498
    endloop
  endfacet
  facet normal -0.11782287 0.10494233 0.98747399
    outer loop
      vertex 9.70370628 21.50107103 0.67088043
      vertex 9.70444296 22.11538755 0.60568275
      vertex 9.09884806 22.11611409 0.53334751
    endloop
  endfacet
  facet normal -0.16214648 0.06077562 0.98489332
    outer loop
      vertex 9.09884806 22.11611409 0.53334751
      vertex 9.09811077 21.50179754 0.57113426
      vertex 9.70370628 21.50107103 0.67088043
    endloop
  endfacet
  facet normal -0.16058676 0.14675981 0.97604992
    outer loop
      vertex 9.70370628 21.50107103 0.67088043
      vertex 9.09811077 21.50179754 0.57113426
      vertex 9.09737350 20.88748101 0.66338219
    endloop
  endfacet
  facet normal -0.04546552 0.03272668 0.99842969
    outer loop
      vertex 9.09737350 20.88748101 0.66338219
      vertex 9.70296961 20.88675451 0.69098305
      vertex 9.70370628 21.50107103 0.67088043
    endloop
  endfacet
  facet normal -0.03920598 0.20308239 0.97837643
    outer loop
      vertex 10.31003785 22.11466161 0.67925247
      vertex 10.91563273 22.11393627 0.70367073
      vertex 10.91636823 22.72825277 0.57618603
    endloop
  endfacet
  facet normal -0.02871403 0.19311429 0.98075602
    outer loop
      vertex 10.31003785 22.11466161 0.67925247
      vertex 10.91636823 22.72825277 0.57618603
      vertex 10.31077396 22.72897814 0.55831295
    endloop
  endfacet
  facet normal -0.01638277 0.00254649 0.99986255
    outer loop
      vertex 10.31003785 22.11466161 0.67925247
      vertex 9.70370628 21.50107103 0.67088043
      vertex 10.30930177 21.50034510 0.68080498
    endloop
  endfacet
  facet normal -0.11980720 0.10491963 0.98723761
    outer loop
      vertex 9.70444296 22.11538755 0.60568275
      vertex 9.70370628 21.50107103 0.67088043
      vertex 10.31003785 22.11466161 0.67925247
    endloop
  endfacet
  facet normal -0.07379005 0.19271934 0.97847549
    outer loop
      vertex 10.31077396 22.72897814 0.55831295
      vertex 9.70517967 22.72970409 0.51250011
      vertex 10.31003785 22.11466161 0.67925247
    endloop
  endfacet
  facet normal -0.11907372 0.14904220 0.98163530
    outer loop
      vertex 9.70517967 22.72970409 0.51250011
      vertex 9.70444296 22.11538755 0.60568275
      vertex 10.31003785 22.11466161 0.67925247
    endloop
  endfacet
  facet normal -0.09091149 0.33181633 0.93895315
    outer loop
      vertex 6.67350962 19.66175977 1.37546417
      vertex 7.27910699 19.66103093 1.43435699
      vertex 7.27984603 20.27534749 1.21733543
    endloop
  endfacet
  facet normal 0.05001893 0.20260943 0.97798135
    outer loop
      vertex 6.67424926 20.27607634 1.24815773
      vertex 6.67350962 19.66175977 1.37546417
      vertex 7.27984603 20.27534749 1.21733543
    endloop
  endfacet
  facet normal 0.26200686 0.36026456 0.89529987
    outer loop
      vertex 16.95772339 10.43470706 0.19847147
      vertex 16.95699423 9.82039096 0.44588284
      vertex 17.56260093 9.81967244 0.26894295
    endloop
  endfacet
  facet normal 0.17571916 0.28092539 0.94350607
    outer loop
      vertex 17.56332949 10.43398854 0.08589695
      vertex 16.95772339 10.43470706 0.19847147
      vertex 17.56260093 9.81967244 0.26894295
    endloop
  endfacet
  facet normal 0.00714472 0.00914234 0.99993268
    outer loop
      vertex 19.98430145 9.20248830 0.05994069
      vertex 20.58918316 8.58745677 0.06124189
      vertex 20.58990867 9.20177276 0.05562004
    endloop
  endfacet
  facet normal 0.00402368 0.00607289 0.99997346
    outer loop
      vertex 19.98430145 9.20248830 0.05994069
      vertex 19.98357533 8.58817229 0.06367438
      vertex 20.58918316 8.58745677 0.06124189
    endloop
  endfacet
  facet normal -0.01106307 -0.13659365 0.99056539
    outer loop
      vertex 18.77672381 12.27550150 0.17442286
      vertex 18.77599641 11.66118541 0.08970384
      vertex 19.38160126 11.66046862 0.09636866
    endloop
  endfacet
  facet normal -0.05234290 -0.17622630 0.98295703
    outer loop
      vertex 19.38160126 11.66046862 0.09636866
      vertex 19.38232806 12.27478470 0.20654305
      vertex 18.77672381 12.27550150 0.17442286
    endloop
  endfacet
  facet normal 0.01737276 -0.03396680 0.99927196
    outer loop
      vertex 19.98647991 11.04543638 0.06494669
      vertex 19.98720610 11.65975243 0.08581562
      vertex 19.38160126 11.66046862 0.09636866
    endloop
  endfacet
  facet normal 0.00983185 -0.04137419 0.99909535
    outer loop
      vertex 19.38160126 11.66046862 0.09636866
      vertex 19.38087447 11.04615255 0.07093596
      vertex 19.98647991 11.04543638 0.06494669
    endloop
  endfacet
  facet normal 0.28396990 0.08150359 0.95536290
    outer loop
      vertex 15.74724150 11.05046205 0.38041290
      vertex 16.35284704 11.04974232 0.20046549
      vertex 16.35357683 11.66405847 0.14784024
    endloop
  endfacet
  facet normal 0.25528106 0.11175699 0.96038636
    outer loop
      vertex 15.74724150 11.05046205 0.38041290
      vertex 16.35357683 11.66405847 0.14784024
      vertex 15.74797189 11.66477821 0.30873281
    endloop
  endfacet
  facet normal -0.07126826 0.01790984 0.99729638
    outer loop
      vertex 13.32555199 11.66766311 0.29843630
      vertex 13.93115699 11.66694099 0.34172668
      vertex 13.93188920 12.28125722 0.33074688
    endloop
  endfacet
  facet normal -0.08352641 0.03008858 0.99605121
    outer loop
      vertex 13.32628480 12.28197935 0.27994057
      vertex 13.32555199 11.66766311 0.29843630
      vertex 13.93188920 12.28125722 0.33074688
    endloop
  endfacet
  facet normal -0.13212791 0.01867741 0.99105669
    outer loop
      vertex 13.94360686 22.11031841 0.83203087
      vertex 13.94433936 22.72463483 0.82055115
      vertex 13.33874516 22.72535724 0.73979958
    endloop
  endfacet
  facet normal -0.14978232 0.00096449 0.98871853
    outer loop
      vertex 13.94360686 22.11031841 0.83203087
      vertex 13.33874516 22.72535724 0.73979958
      vertex 13.33801206 22.11104079 0.74028778
    endloop
  endfacet
  facet normal -0.14881114 0.10628635 0.98313705
    outer loop
      vertex 13.33801206 22.11104079 0.74028778
      vertex 13.33727898 21.49672437 0.80659019
      vertex 13.94360686 22.11031841 0.83203087
    endloop
  endfacet
  facet normal -0.20766169 0.16522742 0.96414549
    outer loop
      vertex 13.33727898 21.49672437 0.80659019
      vertex 13.94287437 21.49600199 0.93714966
      vertex 13.94360686 22.11031841 0.83203087
    endloop
  endfacet
  facet normal 0.13700049 0.14652033 0.97967477
    outer loop
      vertex 15.15479639 22.10887541 0.86792320
      vertex 15.75966046 21.49383843 0.87532234
      vertex 15.76039114 22.10815479 0.78334290
    endloop
  endfacet
  facet normal 0.10535213 0.11549206 0.98770568
    outer loop
      vertex 15.15479639 22.10887541 0.86792320
      vertex 15.15406511 21.49455903 0.93983299
      vertex 15.75966046 21.49383843 0.87532234
    endloop
  endfacet
  facet normal -0.03420340 -0.02068025 0.99920091
    outer loop
      vertex 15.15479639 22.10887541 0.86792320
      vertex 15.76112184 22.72247117 0.90137764
      vertex 15.15552769 22.72319180 0.88066261
    endloop
  endfacet
  facet normal 0.13566128 -0.18709982 0.97292840
    outer loop
      vertex 15.76039114 22.10815479 0.78334290
      vertex 15.76112184 22.72247117 0.90137764
      vertex 15.15479639 22.10887541 0.86792320
    endloop
  endfacet
  facet normal -0.05784626 -0.02062953 0.99811233
    outer loop
      vertex 15.15479639 22.10887541 0.86792320
      vertex 15.15552769 22.72319180 0.88066261
      vertex 14.54993353 22.72391302 0.84557991
    endloop
  endfacet
  facet normal 0.05125201 0.08654822 0.99492846
    outer loop
      vertex 14.54993353 22.72391302 0.84557991
      vertex 14.54920163 22.10959661 0.89905663
      vertex 15.15479639 22.10887541 0.86792320
    endloop
  endfacet
  facet normal 0.05097214 0.14489706 0.98813293
    outer loop
      vertex 15.15479639 22.10887541 0.86792320
      vertex 14.54920163 22.10959661 0.89905663
      vertex 14.54846975 21.49528021 0.98917603
    endloop
  endfacet
  facet normal 0.08080019 0.11578776 0.98998208
    outer loop
      vertex 14.54846975 21.49528021 0.98917603
      vertex 15.15406511 21.49455903 0.93983299
      vertex 15.15479639 22.10887541 0.86792320
    endloop
  endfacet
  facet normal -0.08133989 -0.19343349 0.97773581
    outer loop
      vertex 15.75746852 19.65088941 0.84923630
      vertex 15.15187137 19.65160996 0.79899796
      vertex 15.15114016 19.03729362 0.67740189
    endloop
  endfacet
  facet normal -0.10937880 -0.16635535 0.97998070
    outer loop
      vertex 15.15114016 19.03729362 0.67740189
      vertex 15.75673790 19.03657309 0.74487228
      vertex 15.75746852 19.65088941 0.84923630
    endloop
  endfacet
  facet normal 0.01162292 -0.14559428 0.98927611
    outer loop
      vertex 15.75746852 19.65088941 0.84923630
      vertex 16.36233563 19.03585315 0.75161331
      vertex 16.36306565 19.65016945 0.84201523
    endloop
  endfacet
  facet normal -0.01117238 -0.16746332 0.98581500
    outer loop
      vertex 15.75673790 19.03657309 0.74487228
      vertex 16.36233563 19.03585315 0.75161331
      vertex 15.75746852 19.65088941 0.84923630
    endloop
  endfacet
  facet normal -0.12944269 -0.22620508 0.96544076
    outer loop
      vertex 15.75673790 19.03657309 0.74487228
      vertex 15.75600731 18.42225679 0.60083855
      vertex 16.36160564 18.42153686 0.68186623
    endloop
  endfacet
  facet normal -0.01119355 -0.11279115 0.99355567
    outer loop
      vertex 16.36160564 18.42153686 0.68186623
      vertex 16.36233563 19.03585315 0.75161331
      vertex 15.75673790 19.03657309 0.74487228
    endloop
  endfacet
  facet normal -0.06005371 -0.08458007 0.99460533
    outer loop
      vertex 16.96647458 17.80650127 0.66608597
      vertex 16.96720395 18.42081753 0.71837074
      vertex 16.36160564 18.42153686 0.68186623
    endloop
  endfacet
  facet normal -0.13501463 -0.15788055 0.97818443
    outer loop
      vertex 16.36160564 18.42153686 0.68186623
      vertex 16.36087566 17.80722059 0.58261383
      vertex 16.96647458 17.80650127 0.66608597
    endloop
  endfacet
  facet normal 0.04800487 -0.11273761 0.99246449
    outer loop
      vertex 16.96793335 19.03513381 0.72223923
      vertex 16.36233563 19.03585315 0.75161331
      vertex 16.36160564 18.42153686 0.68186623
    endloop
  endfacet
  facet normal -0.06017541 -0.00621424 0.99816847
    outer loop
      vertex 16.96720395 18.42081753 0.71837074
      vertex 16.96793335 19.03513381 0.72223923
      vertex 16.36160564 18.42153686 0.68186623
    endloop
  endfacet
  facet normal 0.00774059 0.01329861 0.99988161
    outer loop
      vertex 20.58555582 5.51587701 0.06314246
      vertex 21.19116663 5.51516216 0.05846363
      vertex 21.19189146 6.12947808 0.05028750
    endloop
  endfacet
  facet normal 0.00401453 0.01697984 0.99984777
    outer loop
      vertex 21.19189146 6.12947808 0.05028750
      vertex 20.58628125 6.13019294 0.05270697
      vertex 20.58555582 5.51587701 0.06314246
    endloop
  endfacet
  facet normal 0.00959789 -0.00022775 0.99995391
    outer loop
      vertex 21.19189146 6.12947808 0.05028750
      vertex 21.19261631 6.74379400 0.05042046
      vertex 20.58700670 6.74450888 0.05623346
    endloop
  endfacet
  facet normal 0.00398822 -0.00574509 0.99997554
    outer loop
      vertex 20.58700670 6.74450888 0.05623346
      vertex 20.58628125 6.13019294 0.05270697
      vertex 21.19189146 6.12947808 0.05028750
    endloop
  endfacet
  facet normal 0.00355234 0.00607346 0.99997525
    outer loop
      vertex 19.98357533 8.58817229 0.06367438
      vertex 19.98430145 9.20248830 0.05994069
      vertex 19.37796749 8.58888841 0.06582141
    endloop
  endfacet
  facet normal 0.00521184 0.00443363 0.99997659
    outer loop
      vertex 19.37796749 8.58888841 0.06582141
      vertex 19.98430145 9.20248830 0.05994069
      vertex 19.37869421 9.20320443 0.06309391
    endloop
  endfacet
  facet normal 0.26060885 0.13351489 0.95616777
    outer loop
      vertex 18.77308696 9.20392115 0.06309391
      vertex 18.16747968 9.20463846 0.22805538
      vertex 18.16675177 8.59032241 0.31403406
    endloop
  endfacet
  facet normal 0.36820189 0.01633121 0.92960242
    outer loop
      vertex 18.16675177 8.59032241 0.31403406
      vertex 18.77235964 8.58960511 0.07417427
      vertex 18.77308696 9.20392115 0.06309391
    endloop
  endfacet
  facet normal 0.00000525 0.00443985 0.99999014
    outer loop
      vertex 18.77308696 9.20392115 0.06309391
      vertex 19.37796749 8.58888841 0.06582141
      vertex 19.37869421 9.20320443 0.06309391
    endloop
  endfacet
  facet normal 0.01381028 0.01801590 0.99974232
    outer loop
      vertex 18.77235964 8.58960511 0.07417427
      vertex 19.37796749 8.58888841 0.06582141
      vertex 18.77308696 9.20392115 0.06309391
    endloop
  endfacet
  facet normal 0.08150343 0.02235806 0.99642225
    outer loop
      vertex 16.34992806 8.59247785 0.49497280
      vertex 16.34919835 7.97816176 0.50881672
      vertex 16.95480687 7.97744270 0.45929646
    endloop
  endfacet
  facet normal 0.06764001 0.00865107 0.99767228
    outer loop
      vertex 16.95480687 7.97744270 0.45929646
      vertex 16.95553597 8.59175878 0.45392014
      vertex 16.34992806 8.59247785 0.49497280
    endloop
  endfacet
  facet normal 0.02279410 0.34225883 0.93932919
    outer loop
      vertex 9.07821061 4.91525532 1.33846817
      vertex 9.07747381 4.30093911 1.56232147
      vertex 9.68308612 4.30021305 1.54789001
    endloop
  endfacet
  facet normal -0.24578303 0.08700268 0.96541247
    outer loop
      vertex 9.07821061 4.91525532 1.33846817
      vertex 9.68308612 4.30021305 1.54789001
      vertex 9.68382232 4.91452925 1.49271545
    endloop
  endfacet
  facet normal -0.07397533 0.34151216 0.93696163
    outer loop
      vertex 9.07747381 4.30093911 1.56232147
      vertex 9.07821061 4.91525532 1.33846817
      vertex 8.47186148 4.30166576 1.51424210
    endloop
  endfacet
  facet normal -0.08329461 0.34963681 0.93317528
    outer loop
      vertex 8.47186148 4.30166576 1.51424210
      vertex 9.07821061 4.91525532 1.33846817
      vertex 8.47259888 4.91598199 1.28413940
    endloop
  endfacet
  facet normal 0.02369993 0.16283339 0.98636890
    outer loop
      vertex 9.68308612 4.30021305 1.54789001
      vertex 9.07747381 4.30093911 1.56232147
      vertex 9.07673702 3.68662291 1.66375275
    endloop
  endfacet
  facet normal 0.28750568 -0.10433399 0.95207925
    outer loop
      vertex 9.68234994 3.68589687 1.48079224
      vertex 9.68308612 4.30021305 1.54789001
      vertex 9.07673702 3.68662291 1.66375275
    endloop
  endfacet
  facet normal -0.08450161 0.13938301 0.98662650
    outer loop
      vertex 9.07673702 3.68662291 1.66375275
      vertex 8.47112409 3.68734954 1.61178116
      vertex 8.47038673 3.07303333 1.69850388
    endloop
  endfacet
  facet normal 0.05290118 0.00427893 0.99859058
    outer loop
      vertex 8.47038673 3.07303333 1.69850388
      vertex 9.07600026 3.07230672 1.66642410
      vertex 9.07673702 3.68662291 1.66375275
    endloop
  endfacet
  facet normal 0.25542166 0.00389789 0.96682190
    outer loop
      vertex 9.07673702 3.68662291 1.66375275
      vertex 9.07600026 3.07230672 1.66642410
      vertex 9.68161377 3.07158069 1.50643188
    endloop
  endfacet
  facet normal 0.28901558 0.03957525 0.95650604
    outer loop
      vertex 9.68161377 3.07158069 1.50643188
      vertex 9.68234994 3.68589687 1.48079224
      vertex 9.07673702 3.68662291 1.66375275
    endloop
  endfacet
  facet normal 0.16756104 0.11510073 0.97911956
    outer loop
      vertex 9.68087762 2.45726453 1.57785538
      vertex 9.07526351 2.45799054 1.68141144
      vertex 9.07452678 1.84367437 1.75375366
    endloop
  endfacet
  facet normal 0.22277262 0.05881341 0.97309472
    outer loop
      vertex 9.07452678 1.84367437 1.75375366
      vertex 9.68014149 1.84294838 1.61515289
      vertex 9.68087762 2.45726453 1.57785538
    endloop
  endfacet
  facet normal 0.13282186 0.05990677 0.98932782
    outer loop
      vertex 9.68014149 1.84294838 1.61515289
      vertex 10.28575619 1.84222298 1.53389023
      vertex 9.68087762 2.45726453 1.57785538
    endloop
  endfacet
  facet normal 0.08845470 0.01579901 0.99595490
    outer loop
      vertex 10.28575619 1.84222298 1.53389023
      vertex 10.28649172 2.45653912 1.52407990
      vertex 9.68087762 2.45726453 1.57785538
    endloop
  endfacet
  facet normal 0.04562563 0.11531289 0.99228083
    outer loop
      vertex 9.68087762 2.45726453 1.57785538
      vertex 10.28722727 3.07085526 1.47866974
      vertex 9.68161377 3.07158069 1.50643188
    endloop
  endfacet
  facet normal 0.08829602 0.07332565 0.99339175
    outer loop
      vertex 9.68087762 2.45726453 1.57785538
      vertex 10.28649172 2.45653912 1.52407990
      vertex 10.28722727 3.07085526 1.47866974
    endloop
  endfacet
  facet normal 0.25395423 0.11140074 0.96077944
    outer loop
      vertex 9.68161377 3.07158069 1.50643188
      vertex 9.07600026 3.07230672 1.66642410
      vertex 9.68087762 2.45726453 1.57785538
    endloop
  endfacet
  facet normal 0.16852704 0.02383868 0.98540872
    outer loop
      vertex 9.07600026 3.07230672 1.66642410
      vertex 9.07526351 2.45799054 1.68141144
      vertex 9.68087762 2.45726453 1.57785538
    endloop
  endfacet
  facet normal 0.17001790 0.04544023 0.98439276
    outer loop
      vertex 12.70821482 1.83932730 1.06403023
      vertex 12.10260018 1.84005033 1.16859467
      vertex 12.10186647 1.22573426 1.19707863
    endloop
  endfacet
  facet normal 0.11007691 0.10552197 0.98830572
    outer loop
      vertex 12.10186647 1.22573426 1.19707863
      vertex 12.70748170 1.22501124 1.12970276
      vertex 12.70821482 1.83932730 1.06403023
    endloop
  endfacet
  facet normal -0.02427639 -0.07400366 0.99696244
    outer loop
      vertex 13.92456791 6.13809551 0.64629112
      vertex 13.92383587 5.52377940 0.60067314
      vertex 14.52944686 5.52305804 0.61536644
    endloop
  endfacet
  facet normal -0.04804966 -0.09724037 0.99410037
    outer loop
      vertex 14.52944686 5.52305804 0.61536644
      vertex 14.53017829 6.13737413 0.67549263
      vertex 13.92456791 6.13809551 0.64629112
    endloop
  endfacet
  facet normal -0.04816149 -0.05002994 0.99758582
    outer loop
      vertex 14.53017829 6.13737413 0.67549263
      vertex 14.53090974 6.75169024 0.70633652
      vertex 13.92456791 6.13809551 0.64629112
    endloop
  endfacet
  facet normal 0.02931294 -0.12600251 0.99159675
    outer loop
      vertex 13.92456791 6.13809551 0.64629112
      vertex 14.53090974 6.75169024 0.70633652
      vertex 13.92529996 6.75241162 0.72433083
    endloop
  endfacet
  facet normal -0.00002846 -0.02391127 0.99971408
    outer loop
      vertex 14.52944686 5.52305804 0.61536644
      vertex 14.52871544 4.90874196 0.60067314
      vertex 15.13432701 4.90802122 0.60067314
    endloop
  endfacet
  facet normal 0.02425477 -0.00002885 0.99970581
    outer loop
      vertex 15.13432701 4.90802122 0.60067314
      vertex 15.13505783 5.52233728 0.60067314
      vertex 14.52944686 5.52305804 0.61536644
    endloop
  endfacet
  facet normal 0.36504830 -0.03572104 0.93030304
    outer loop
      vertex 12.10553521 4.29731474 1.13950302
      vertex 12.71041426 3.68227554 0.87853439
      vertex 12.71114744 4.29659164 0.90183472
    endloop
  endfacet
  facet normal 0.34331444 -0.06006391 0.93729799
    outer loop
      vertex 12.10553521 4.29731474 1.13950302
      vertex 12.10480143 3.68299862 1.10040520
      vertex 12.71041426 3.68227554 0.87853439
    endloop
  endfacet
  facet normal 0.31590361 -0.03633722 0.94809520
    outer loop
      vertex 12.71114744 4.29659164 0.90183472
      vertex 12.71041426 3.68227554 0.87853439
      vertex 13.31602708 3.68155305 0.67671761
    endloop
  endfacet
  facet normal 0.28541866 -0.06917650 0.95590313
    outer loop
      vertex 13.31602708 3.68155305 0.67671761
      vertex 13.31675966 4.29586914 0.72095551
      vertex 12.71114744 4.29659164 0.90183472
    endloop
  endfacet
  facet normal 0.19423933 -0.07068809 0.97840394
    outer loop
      vertex 13.92237186 4.29514722 0.60067314
      vertex 13.31675966 4.29586914 0.72095551
      vertex 13.31602708 3.68155305 0.67671761
    endloop
  endfacet
  facet normal 0.12458763 -0.00014845 0.99220860
    outer loop
      vertex 13.31602708 3.68155305 0.67671761
      vertex 13.92163988 3.68083115 0.60067314
      vertex 13.92237186 4.29514722 0.60067314
    endloop
  endfacet
  facet normal 0.31228102 0.15938524 0.93652384
    outer loop
      vertex 12.71041426 3.68227554 0.87853439
      vertex 12.70968109 3.06795945 0.98332817
      vertex 13.31602708 3.68155305 0.67671761
    endloop
  endfacet
  facet normal 0.16752338 0.30321183 0.93808236
    outer loop
      vertex 13.31602708 3.68155305 0.67671761
      vertex 12.70968109 3.06795945 0.98332817
      vertex 13.31529451 3.06723697 0.87541084
    endloop
  endfacet
  facet normal 0.12308083 0.16464103 0.97864419
    outer loop
      vertex 13.31602708 3.68155305 0.67671761
      vertex 13.92090791 3.06651509 0.70411392
      vertex 13.92163988 3.68083115 0.60067314
    endloop
  endfacet
  facet normal 0.26022940 0.29685803 0.91877961
    outer loop
      vertex 13.31529451 3.06723697 0.87541084
      vertex 13.92090791 3.06651509 0.70411392
      vertex 13.31602708 3.68155305 0.67671761
    endloop
  endfacet
  facet normal 0.10429156 0.06458986 0.99244719
    outer loop
      vertex 12.10773666 6.14026317 1.16996460
      vertex 12.71408034 6.75385618 1.06631332
      vertex 12.10847051 6.75457934 1.12990692
    endloop
  endfacet
  facet normal 0.15881171 0.00983757 0.98725988
    outer loop
      vertex 12.71334709 6.13954003 1.07255264
      vertex 12.71408034 6.75385618 1.06631332
      vertex 12.10773666 6.14026317 1.16996460
    endloop
  endfacet
  facet normal 0.27729352 0.06218725 0.95877059
    outer loop
      vertex 12.10847051 6.75457934 1.12990692
      vertex 11.50286066 6.75530310 1.30501312
      vertex 12.10773666 6.14026317 1.16996460
    endloop
  endfacet
  facet normal 0.34645088 0.13695455 0.92801683
    outer loop
      vertex 11.50286066 6.75530310 1.30501312
      vertex 11.50212621 6.14098691 1.39594666
      vertex 12.10773666 6.14026317 1.16996460
    endloop
  endfacet
  facet normal -0.00078502 0.06685231 0.99776257
    outer loop
      vertex 10.89651575 6.14171124 1.40938522
      vertex 10.89725080 6.75602744 1.36822525
      vertex 10.29164092 6.75675238 1.36770020
    endloop
  endfacet
  facet normal 0.03036582 0.09728698 0.99479302
    outer loop
      vertex 10.89651575 6.14171124 1.40938522
      vertex 10.29164092 6.75675238 1.36770020
      vertex 10.29090527 6.14243617 1.42780045
    endloop
  endfacet
  facet normal 0.10366330 0.06636775 0.99239571
    outer loop
      vertex 11.50286066 6.75530310 1.30501312
      vertex 10.89725080 6.75602744 1.36822525
      vertex 10.89651575 6.14171124 1.40938522
    endloop
  endfacet
  facet normal 0.02212071 0.14636677 0.98898303
    outer loop
      vertex 10.89651575 6.14171124 1.40938522
      vertex 11.50212621 6.14098691 1.39594666
      vertex 11.50286066 6.75530310 1.30501312
    endloop
  endfacet
  facet normal 0.00000000 0.00000000 1.00000000
    outer loop
      vertex 5.44824225 7.99120592 0.52000000
      vertex 6.05311117 7.37615986 0.52000000
      vertex 6.05385106 7.99047621 0.52000000
    endloop
  endfacet
  facet normal -0.00000000 0.00000000 1.00000000
    outer loop
      vertex 5.44750176 7.37688955 0.52000000
      vertex 6.05311117 7.37615986 0.52000000
      vertex 5.44824225 7.99120592 0.52000000
    endloop
  endfacet
  facet normal -0.00628190 -0.00617795 0.99996118
    outer loop
      vertex 6.66019916 8.60406345 0.52000000
      vertex 6.66093848 9.21837981 0.52380001
      vertex 6.05533089 9.21910896 0.52000000
    endloop
  endfacet
  facet normal 0.00000000 0.00000000 1.00000000
    outer loop
      vertex 6.05533089 9.21910896 0.52000000
      vertex 6.05459096 8.60479258 0.52000000
      vertex 6.66019916 8.60406345 0.52000000
    endloop
  endfacet
  facet normal 0.00000000 0.00000000 1.00000000
    outer loop
      vertex 4.84189234 7.37761983 0.52000000
      vertex 4.84115127 6.76330345 0.52000000
      vertex 5.44676129 6.76257319 0.52000000
    endloop
  endfacet
  facet normal 0.00000000 0.00000000 1.00000000
    outer loop
      vertex 5.44750176 7.37688955 0.52000000
      vertex 4.84189234 7.37761983 0.52000000
      vertex 5.44676129 6.76257319 0.52000000
    endloop
  endfacet
  facet normal -0.00000000 0.00000000 1.00000000
    outer loop
      vertex 4.23479957 6.14971792 0.52000000
      vertex 4.84041021 6.14898709 0.52000000
      vertex 4.23554122 6.76403431 0.52000000
    endloop
  endfacet
  facet normal 0.00000000 0.00000000 1.00000000
    outer loop
      vertex 4.23554122 6.76403431 0.52000000
      vertex 4.84041021 6.14898709 0.52000000
      vertex 4.84115127 6.76330345 0.52000000
    endloop
  endfacet
  facet normal 0.00000000 0.00000000 1.00000000
    outer loop
      vertex 4.23554122 6.76403431 0.52000000
      vertex 4.84189234 7.37761983 0.52000000
      vertex 4.23628289 7.37835070 0.52000000
    endloop
  endfacet
  facet normal -0.00000000 0.00000000 1.00000000
    outer loop
      vertex 4.23554122 6.76403431 0.52000000
      vertex 4.84115127 6.76330345 0.52000000
      vertex 4.84189234 7.37761983 0.52000000
    endloop
  endfacet
  facet normal 0.00000000 0.00000000 1.00000000
    outer loop
      vertex 4.23554122 6.76403431 0.52000000
      vertex 3.63067344 7.37908216 0.52000000
      vertex 3.62993117 6.76476575 0.52000000
    endloop
  endfacet
  facet normal 0.00000000 0.00000000 1.00000000
    outer loop
      vertex 4.23628289 7.37835070 0.52000000
      vertex 3.63067344 7.37908216 0.52000000
      vertex 4.23554122 6.76403431 0.52000000
    endloop
  endfacet
  facet normal -0.17695852 -0.01909513 0.98403306
    outer loop
      vertex 12.73388467 23.34039670 0.68930084
      vertex 12.12829105 23.34112031 0.58041107
      vertex 12.12755673 22.72680382 0.56835823
    endloop
  endfacet
  facet normal -0.24325076 0.04943387 0.96870293
    outer loop
      vertex 12.12755673 22.72680382 0.56835823
      vertex 12.73315095 22.72608023 0.72046577
      vertex 12.73388467 23.34039670 0.68930084
    endloop
  endfacet
  facet normal -0.00103855 0.09442973 0.99553099
    outer loop
      vertex 12.12755673 22.72680382 0.56835823
      vertex 11.52269741 23.34184450 0.50938839
      vertex 11.52196249 22.72752800 0.56765778
    endloop
  endfacet
  facet normal -0.11648051 -0.01934344 0.99300459
    outer loop
      vertex 12.12755673 22.72680382 0.56835823
      vertex 12.12829105 23.34112031 0.58041107
      vertex 11.52269741 23.34184450 0.50938839
    endloop
  endfacet
  facet normal 0.18919940 0.08206186 0.97850367
    outer loop
      vertex 11.52122759 22.11321151 0.73705421
      vertex 12.12682243 22.11248735 0.62001965
      vertex 12.12755673 22.72680382 0.56835823
    endloop
  endfacet
  facet normal -0.00079714 0.26582746 0.96402029
    outer loop
      vertex 12.12755673 22.72680382 0.56835823
      vertex 11.52196249 22.72752800 0.56765778
      vertex 11.52122759 22.11321151 0.73705421
    endloop
  endfacet
  facet normal -0.09785232 -0.08638706 0.99144450
    outer loop
      vertex 11.51902298 20.27026211 0.76307114
      vertex 11.51975783 20.88457857 0.81667061
      vertex 10.91342632 20.27098682 0.70336388
    endloop
  endfacet
  facet normal -0.13322548 -0.05112257 0.98976636
    outer loop
      vertex 11.51975783 20.88457857 0.81667061
      vertex 10.91416177 20.88530329 0.73519302
      vertex 10.91342632 20.27098682 0.70336388
    endloop
  endfacet
  facet normal -0.09742231 -0.13135146 0.98653722
    outer loop
      vertex 10.91342632 20.27098682 0.70336388
      vertex 11.51828815 19.65594567 0.68120605
      vertex 11.51902298 20.27026211 0.76307114
    endloop
  endfacet
  facet normal -0.05866492 -0.09350040 0.99388938
    outer loop
      vertex 10.91342632 20.27098682 0.70336388
      vertex 10.91269089 19.65667036 0.64552849
      vertex 11.51828815 19.65594567 0.68120605
    endloop
  endfacet
  facet normal -0.02982457 -0.18451227 0.98237758
    outer loop
      vertex 14.54481060 18.42369841 0.47515926
      vertex 15.15040896 18.42297730 0.49340954
      vertex 14.54554239 19.03801475 0.59056370
    endloop
  endfacet
  facet normal -0.13642412 -0.28408350 0.94904427
    outer loop
      vertex 14.54554239 19.03801475 0.59056370
      vertex 15.15040896 18.42297730 0.49340954
      vertex 15.15114016 19.03729362 0.67740189
    endloop
  endfacet
  facet normal -0.01674327 -0.30718850 0.95150139
    outer loop
      vertex 13.33434682 19.03945877 0.64010025
      vertex 12.72874901 19.04018167 0.62967712
      vertex 12.72801541 18.42586528 0.43133457
    endloop
  endfacet
  facet normal -0.10949375 -0.22148817 0.96899644
    outer loop
      vertex 12.72801541 18.42586528 0.43133457
      vertex 13.33361382 18.42514240 0.49960018
      vertex 13.33434682 19.03945877 0.64010025
    endloop
  endfacet
  facet normal 0.01228291 -0.08986776 0.99587796
    outer loop
      vertex 13.94140946 20.26736920 0.80512260
      vertex 14.54700604 20.26664746 0.79758820
      vertex 13.94214191 20.88168559 0.86054932
    endloop
  endfacet
  facet normal -0.08210935 -0.18107678 0.98003533
    outer loop
      vertex 13.94214191 20.88168559 0.86054932
      vertex 14.54700604 20.26664746 0.79758820
      vertex 14.54773788 20.88096383 0.91115402
    endloop
  endfacet
  facet normal 0.10859447 0.00635129 0.99406584
    outer loop
      vertex 12.73094990 20.88313090 0.75246658
      vertex 12.12535388 20.88385444 0.81861893
      vertex 12.12461963 20.26953800 0.82262413
    endloop
  endfacet
  facet normal 0.01631149 0.09765866 0.99508629
    outer loop
      vertex 12.12461963 20.26953800 0.82262413
      vertex 12.73021625 20.26881447 0.81276817
      vertex 12.73094990 20.88313090 0.75246658
    endloop
  endfacet
  facet normal 0.10854333 0.04188162 0.99320908
    outer loop
      vertex 12.73094990 20.88313090 0.75246658
      vertex 12.12608814 21.49817089 0.79263420
      vertex 12.12535388 20.88385444 0.81861893
    endloop
  endfacet
  facet normal 0.11826949 0.05154913 0.99164258
    outer loop
      vertex 12.73094990 20.88313090 0.75246658
      vertex 12.73168357 21.49744733 0.72044472
      vertex 12.12608814 21.49817089 0.79263420
    endloop
  endfacet
  facet normal 0.00000000 -0.00000000 1.00000000
    outer loop
      vertex 6.05607083 9.83342535 0.52000000
      vertex 6.05681078 10.44774175 0.52000000
      vertex 5.45046382 9.83415510 0.52000000
    endloop
  endfacet
  facet normal 0.00000000 0.00000000 1.00000000
    outer loop
      vertex 5.45046382 9.83415510 0.52000000
      vertex 6.05681078 10.44774175 0.52000000
      vertex 5.45120437 10.44847152 0.52000000
    endloop
  endfacet
  facet normal -0.00000000 0.00000000 1.00000000
    outer loop
      vertex 5.44972328 9.21983870 0.52000000
      vertex 6.05533089 9.21910896 0.52000000
      vertex 5.45046382 9.83415510 0.52000000
    endloop
  endfacet
  facet normal 0.00000000 0.00000000 1.00000000
    outer loop
      vertex 5.45046382 9.83415510 0.52000000
      vertex 6.05533089 9.21910896 0.52000000
      vertex 6.05607083 9.83342535 0.52000000
    endloop
  endfacet
  facet normal 0.17035918 -0.10672824 0.97958503
    outer loop
      vertex 4.23924975 9.83561639 1.15513138
      vertex 3.63438505 10.45066438 1.32733414
      vertex 3.63364269 9.83634791 1.26053192
    endloop
  endfacet
  facet normal 0.13465116 -0.14214184 0.98064507
    outer loop
      vertex 4.23999151 10.44993284 1.24407303
      vertex 3.63438505 10.45066438 1.32733414
      vertex 4.23924975 9.83561639 1.15513138
    endloop
  endfacet
  facet normal 0.55558073 -0.11979523 0.82278743
    outer loop
      vertex 4.84559795 10.44920188 0.83503563
      vertex 4.23999151 10.44993284 1.24407303
      vertex 4.23924975 9.83561639 1.15513138
    endloop
  endfacet
  facet normal 0.53052635 -0.08424580 0.84347166
    outer loop
      vertex 4.23924975 9.83561639 1.15513138
      vertex 4.84485679 9.83488545 0.77414398
      vertex 4.84559795 10.44920188 0.83503563
    endloop
  endfacet
  facet normal 0.16746641 -0.20808723 0.96366732
    outer loop
      vertex 3.63364269 9.83634791 1.26053192
      vertex 3.63290035 9.22203146 1.12800995
      vertex 4.23924975 9.83561639 1.15513138
    endloop
  endfacet
  facet normal 0.22973216 -0.26837459 0.93552029
    outer loop
      vertex 3.63290035 9.22203146 1.12800995
      vertex 4.23850801 9.22129995 0.97908333
      vertex 4.23924975 9.83561639 1.15513138
    endloop
  endfacet
  facet normal -0.16037229 -0.30231637 0.93961989
    outer loop
      vertex 5.45342615 12.29142085 0.62312828
      vertex 4.84856275 12.90646774 0.71777870
      vertex 4.84782153 12.29215126 0.52000000
    endloop
  endfacet
  facet normal -0.14378821 -0.28714766 0.94703282
    outer loop
      vertex 5.45416678 12.90573731 0.80950623
      vertex 4.84856275 12.90646774 0.71777870
      vertex 5.45342615 12.29142085 0.62312828
    endloop
  endfacet
  facet normal -0.25378387 -0.23878807 0.93732278
    outer loop
      vertex 6.66611422 13.51859468 1.14106056
      vertex 7.27245646 14.13218245 1.46154495
      vertex 6.66685368 14.13291113 1.29776123
    endloop
  endfacet
  facet normal -0.22130207 -0.27066161 0.93689257
    outer loop
      vertex 6.66611422 13.51859468 1.14106056
      vertex 7.27171760 13.51786601 1.28389877
      vertex 7.27245646 14.13218245 1.46154495
    endloop
  endfacet
  facet normal -0.20711556 -0.26945094 0.94047825
    outer loop
      vertex 6.66611422 13.51859468 1.14106056
      vertex 6.66537478 12.90427823 0.96489349
      vertex 7.27097875 12.90354958 1.09805305
    endloop
  endfacet
  facet normal -0.22055396 -0.28219027 0.93366193
    outer loop
      vertex 7.27097875 12.90354958 1.09805305
      vertex 7.27171760 13.51786601 1.28389877
      vertex 6.66611422 13.51859468 1.14106056
    endloop
  endfacet
  facet normal -0.09161643 0.40920420 0.90783168
    outer loop
      vertex 11.50579864 9.21256795 0.61600605
      vertex 10.90019118 9.21329236 0.55456291
      vertex 10.89945606 8.59897611 0.83139114
    endloop
  endfacet
  facet normal -0.10352814 0.41895776 0.90208443
    outer loop
      vertex 10.89945606 8.59897611 0.83139114
      vertex 11.50506412 8.59825172 0.90123047
      vertex 11.50579864 9.21256795 0.61600605
    endloop
  endfacet
  facet normal 0.11480078 0.05998948 0.99157554
    outer loop
      vertex 4.84856275 12.90646774 0.71777870
      vertex 4.24295871 12.90719876 0.78784897
      vertex 4.24221688 12.29288226 0.82510048
    endloop
  endfacet
  facet normal 0.43207032 -0.27684867 0.85829485
    outer loop
      vertex 4.84782153 12.29215126 0.52000000
      vertex 4.84856275 12.90646774 0.71777870
      vertex 4.24221688 12.29288226 0.82510048
    endloop
  endfacet
  facet normal 0.44992217 -0.00054286 0.89306760
    outer loop
      vertex 4.24221688 12.29288226 0.82510048
      vertex 4.84708032 11.67783479 0.52000000
      vertex 4.84782153 12.29215126 0.52000000
    endloop
  endfacet
  facet normal 0.43587148 -0.01771768 0.89983450
    outer loop
      vertex 4.24147507 11.67856577 0.81336395
      vertex 4.84708032 11.67783479 0.52000000
      vertex 4.24221688 12.29288226 0.82510048
    endloop
  endfacet
  facet normal 0.41333274 -0.01789240 0.91040426
    outer loop
      vertex 4.24221688 12.29288226 0.82510048
      vertex 3.63586982 11.67929735 1.08832924
      vertex 4.24147507 11.67856577 0.81336395
    endloop
  endfacet
  facet normal 0.30418789 0.10555557 0.94674587
    outer loop
      vertex 3.63661223 12.29361386 1.01959869
      vertex 3.63586982 11.67929735 1.08832924
      vertex 4.24221688 12.29288226 0.82510048
    endloop
  endfacet
  facet normal 0.38758160 0.05533032 0.92017339
    outer loop
      vertex 3.63735465 12.90793037 1.04288841
      vertex 4.24221688 12.29288226 0.82510048
      vertex 4.24295871 12.90719876 0.78784897
    endloop
  endfacet
  facet normal 0.30553757 -0.03644147 0.95148243
    outer loop
      vertex 3.63661223 12.29361386 1.01959869
      vertex 4.24221688 12.29288226 0.82510048
      vertex 3.63735465 12.90793037 1.04288841
    endloop
  endfacet
  facet normal 0.18948519 -0.04143981 0.98100872
    outer loop
      vertex 3.63809710 13.52224690 1.06869499
      vertex 3.03249363 13.52297912 1.18570030
      vertex 3.63735465 12.90793037 1.04288841
    endloop
  endfacet
  facet normal 0.23284021 0.00317048 0.97250984
    outer loop
      vertex 3.63735465 12.90793037 1.04288841
      vertex 3.03249363 13.52297912 1.18570030
      vertex 3.03175058 12.90866257 1.18788094
    endloop
  endfacet
  facet normal 0.20586053 0.09849312 0.97361211
    outer loop
      vertex 10.91122008 18.42803748 0.81866447
      vertex 10.91048469 17.81372106 0.88096581
      vertex 11.51608376 17.81299641 0.75299126
    endloop
  endfacet
  facet normal 0.24573425 0.13923686 0.95928503
    outer loop
      vertex 10.91122008 18.42803748 0.81866447
      vertex 11.51608376 17.81299641 0.75299126
      vertex 11.51681854 18.42731282 0.66363716
    endloop
  endfacet
  facet normal 0.37742248 0.15071844 0.91369373
    outer loop
      vertex 10.91122008 18.42803748 0.81866447
      vertex 10.30562160 18.42876273 1.06870140
      vertex 10.30488562 17.81444629 1.17034004
    endloop
  endfacet
  facet normal 0.42945486 0.09061107 0.89853111
    outer loop
      vertex 10.30488562 17.81444629 1.17034004
      vertex 10.91048469 17.81372106 0.88096581
      vertex 10.91122008 18.42803748 0.81866447
    endloop
  endfacet
  facet normal 0.30748144 0.07909804 0.94826086
    outer loop
      vertex 10.30635760 19.04307918 0.94103889
      vertex 9.70149632 19.65812152 1.08586716
      vertex 9.70075971 19.04380504 1.13734848
    endloop
  endfacet
  facet normal 0.37714566 0.15592785 0.91293354
    outer loop
      vertex 10.30635760 19.04307918 0.94103889
      vertex 10.30709361 19.65739564 0.83581039
      vertex 9.70149632 19.65812152 1.08586716
    endloop
  endfacet
  facet normal 0.27412653 0.27432264 0.92173843
    outer loop
      vertex 17.56332949 10.43398854 0.08589695
      vertex 17.56260093 9.81967244 0.26894295
      vertex 18.16820762 9.81895452 0.08904819
    endloop
  endfacet
  facet normal 0.02155946 0.02632417 0.99942095
    outer loop
      vertex 18.16820762 9.81895452 0.08904819
      vertex 18.16893558 10.43327060 0.07285175
      vertex 17.56332949 10.43398854 0.08589695
    endloop
  endfacet
  facet normal 0.27485969 0.26500109 0.92424378
    outer loop
      vertex 18.16820762 9.81895452 0.08904819
      vertex 17.56260093 9.81967244 0.26894295
      vertex 17.56187240 9.20535636 0.44529758
    endloop
  endfacet
  facet normal 0.33048979 0.20792616 0.92062110
    outer loop
      vertex 17.56187240 9.20535636 0.44529758
      vertex 18.16747968 9.20463846 0.22805538
      vertex 18.16820762 9.81895452 0.08904819
    endloop
  endfacet
  facet normal -0.04252155 -0.00599851 0.99907754
    outer loop
      vertex 18.17257560 13.50485115 0.10329775
      vertex 18.17184756 12.89053502 0.09957838
      vertex 18.77745123 12.88981761 0.12534905
    endloop
  endfacet
  facet normal -0.06736945 -0.03050112 0.99726177
    outer loop
      vertex 18.17257560 13.50485115 0.10329775
      vertex 18.77745123 12.88981761 0.12534905
      vertex 18.77817867 13.50413372 0.14418697
    endloop
  endfacet
  facet normal -0.00614147 0.00000728 0.99998114
    outer loop
      vertex 18.17257560 13.50485115 0.10329775
      vertex 17.56697252 13.50556917 0.09957838
      vertex 17.56624388 12.89125302 0.09957838
    endloop
  endfacet
  facet normal -0.00000718 -0.00605437 0.99998167
    outer loop
      vertex 17.56624388 12.89125302 0.09957838
      vertex 18.17184756 12.89053502 0.09957838
      vertex 18.17257560 13.50485115 0.10329775
    endloop
  endfacet
  facet normal -0.06689172 0.08872425 0.99380758
    outer loop
      vertex 21.79750165 6.12876380 0.04449457
      vertex 21.19116663 5.51516216 0.05846363
      vertex 21.79677742 5.51444791 0.09929016
    endloop
  endfacet
  facet normal 0.00957984 0.01329623 0.99986571
    outer loop
      vertex 21.79750165 6.12876380 0.04449457
      vertex 21.19189146 6.12947808 0.05028750
      vertex 21.19116663 5.51516216 0.05846363
    endloop
  endfacet
  facet normal 0.01684191 0.00693058 0.99983414
    outer loop
      vertex 21.79750165 6.12876380 0.04449457
      vertex 21.79822590 6.74307971 0.04022410
      vertex 21.19261631 6.74379400 0.05042046
    endloop
  endfacet
  facet normal 0.00956473 -0.00022771 0.99995423
    outer loop
      vertex 21.19261631 6.74379400 0.05042046
      vertex 21.19189146 6.12947808 0.05028750
      vertex 21.79750165 6.12876380 0.04449457
    endloop
  endfacet
  facet normal 0.08116078 -0.07751651 0.99368210
    outer loop
      vertex 16.95407779 7.36312664 0.41143360
      vertex 16.95480687 7.97744270 0.45929646
      vertex 16.34919835 7.97816176 0.50881672
    endloop
  endfacet
  facet normal 0.38285401 0.23507350 0.89339983
    outer loop
      vertex 16.95407779 7.36312664 0.41143360
      vertex 16.34919835 7.97816176 0.50881672
      vertex 16.34846867 7.36384568 0.67076973
    endloop
  endfacet
  facet normal 0.44478042 -0.09270292 0.89082913
    outer loop
      vertex 16.34846867 7.36384568 0.67076973
      vertex 16.34773900 6.74952962 0.60720608
      vertex 16.95334872 6.74881059 0.30475750
    endloop
  endfacet
  facet normal 0.38853996 -0.15809520 0.90776793
    outer loop
      vertex 16.95334872 6.74881059 0.30475750
      vertex 16.95407779 7.36312664 0.41143360
      vertex 16.34846867 7.36384568 0.67076973
    endloop
  endfacet
  facet normal 0.14331440 0.08041561 0.98640474
    outer loop
      vertex 18.16238461 4.90442635 0.36349174
      vertex 18.16311243 5.51874233 0.31330454
      vertex 17.55677312 4.90514414 0.45142231
    endloop
  endfacet
  facet normal 0.16811711 0.05541193 0.98420839
    outer loop
      vertex 17.55677312 4.90514414 0.45142231
      vertex 18.16311243 5.51874233 0.31330454
      vertex 17.55750154 5.51946013 0.41671127
    endloop
  endfacet
  facet normal 0.27727756 0.17936690 0.94389865
    outer loop
      vertex 17.55677312 4.90514414 0.45142231
      vertex 16.95189063 5.52017853 0.51223766
      vertex 16.95116162 4.90586252 0.62918888
    endloop
  endfacet
  facet normal 0.15563296 0.05554222 0.98625222
    outer loop
      vertex 17.55750154 5.51946013 0.41671127
      vertex 16.95189063 5.52017853 0.51223766
      vertex 17.55677312 4.90514414 0.45142231
    endloop
  endfacet
  facet normal 0.00534240 0.01296345 0.99990170
    outer loop
      vertex 18.16165681 4.29011038 0.35403255
      vertex 17.55604472 4.29082815 0.35725899
      vertex 17.55531634 3.67651218 0.36522732
    endloop
  endfacet
  facet normal 0.03169638 -0.01308774 0.99941185
    outer loop
      vertex 17.55531634 3.67651218 0.36522732
      vertex 18.16092903 3.67579442 0.34601089
      vertex 18.16165681 4.29011038 0.35403255
    endloop
  endfacet
  facet normal 0.14365146 -0.01540656 0.98950841
    outer loop
      vertex 18.16238461 4.90442635 0.36349174
      vertex 17.55677312 4.90514414 0.45142231
      vertex 18.16165681 4.29011038 0.35403255
    endloop
  endfacet
  facet normal 0.00508640 -0.15151594 0.98844173
    outer loop
      vertex 18.16165681 4.29011038 0.35403255
      vertex 17.55677312 4.90514414 0.45142231
      vertex 17.55604472 4.29082815 0.35725899
    endloop
  endfacet
  facet normal 0.13583706 0.09726347 0.98594529
    outer loop
      vertex 19.97849298 4.28796060 0.36413311
      vertex 19.97921898 4.90227652 0.30343084
      vertex 19.37360754 4.90299254 0.38679737
    endloop
  endfacet
  facet normal 0.02052308 -0.01665317 0.99965068
    outer loop
      vertex 19.37360754 4.90299254 0.38679737
      vertex 19.37288094 4.28867660 0.37657841
      vertex 19.97849298 4.28796060 0.36413311
    endloop
  endfacet
  facet normal -0.03877515 0.08140921 0.99592622
    outer loop
      vertex 18.76872330 5.51802511 0.33694187
      vertex 18.16311243 5.51874233 0.31330454
      vertex 18.16238461 4.90442635 0.36349174
    endloop
  endfacet
  facet normal -0.03012021 0.07289814 0.99688446
    outer loop
      vertex 18.16238461 4.90442635 0.36349174
      vertex 18.76799608 4.90370915 0.38184235
      vertex 18.76872330 5.51802511 0.33694187
    endloop
  endfacet
  facet normal -0.03799391 0.19807599 0.97945003
    outer loop
      vertex 18.16384026 6.13305832 0.18909851
      vertex 18.16311243 5.51874233 0.31330454
      vertex 18.76872330 5.51802511 0.33694187
    endloop
  endfacet
  facet normal -0.07214139 0.16548257 0.98357061
    outer loop
      vertex 18.76872330 5.51802511 0.33694187
      vertex 18.76945053 6.13234109 0.23363853
      vertex 18.16384026 6.13305832 0.18909851
    endloop
  endfacet
  facet normal 0.16350073 0.21453376 0.96293446
    outer loop
      vertex 19.97994499 5.51659245 0.21115206
      vertex 19.98067103 6.13090840 0.07416431
      vertex 19.37506079 6.13162445 0.17683392
    endloop
  endfacet
  facet normal 0.20677693 0.25605545 0.94428751
    outer loop
      vertex 19.37506079 6.13162445 0.17683392
      vertex 19.37433415 5.51730849 0.34357254
      vertex 19.97994499 5.51659245 0.21115206
    endloop
  endfacet
  facet normal 0.31911566 0.15372700 0.93516480
    outer loop
      vertex 10.89357571 3.68444656 1.37879822
      vertex 10.89431070 4.29876271 1.27756310
      vertex 10.28869842 4.29948759 1.48410309
    endloop
  endfacet
  facet normal 0.03071242 -0.13926117 0.98977930
    outer loop
      vertex 10.28869842 4.29948759 1.48410309
      vertex 10.28796283 3.68517142 1.39769211
      vertex 10.89357571 3.68444656 1.37879822
    endloop
  endfacet
  facet normal 0.03107192 0.13058734 0.99094979
    outer loop
      vertex 10.89357571 3.68444656 1.37879822
      vertex 10.28796283 3.68517142 1.39769211
      vertex 10.28722727 3.07085526 1.47866974
    endloop
  endfacet
  facet normal 0.05090302 0.11124084 0.99248897
    outer loop
      vertex 10.89357571 3.68444656 1.37879822
      vertex 10.28722727 3.07085526 1.47866974
      vertex 10.89284075 3.07013042 1.44769012
    endloop
  endfacet
  facet normal 0.06683894 -0.09156637 0.99355330
    outer loop
      vertex 11.49992296 4.29803843 1.23675522
      vertex 10.89504570 4.91307888 1.33412933
      vertex 10.89431070 4.29876271 1.27756310
    endloop
  endfacet
  facet normal 0.30296593 0.14893285 0.94129201
    outer loop
      vertex 11.50065736 4.91235458 1.13932068
      vertex 10.89504570 4.91307888 1.33412933
      vertex 11.49992296 4.29803843 1.23675522
    endloop
  endfacet
  facet normal 0.15816630 -0.06290461 0.98540673
    outer loop
      vertex 12.10480143 3.68299862 1.10040520
      vertex 12.10553521 4.29731474 1.13950302
      vertex 11.49992296 4.29803843 1.23675522
    endloop
  endfacet
  facet normal 0.41912545 0.21673879 0.88167917
    outer loop
      vertex 11.49918858 3.68372230 1.38811859
      vertex 12.10480143 3.68299862 1.10040520
      vertex 11.49992296 4.29803843 1.23675522
    endloop
  endfacet
  facet normal 0.06653359 0.16216235 0.98451849
    outer loop
      vertex 10.89431070 4.29876271 1.27756310
      vertex 10.89357571 3.68444656 1.37879822
      vertex 11.49992296 4.29803843 1.23675522
    endloop
  endfacet
  facet normal -0.01465531 0.23922907 0.97085255
    outer loop
      vertex 11.49992296 4.29803843 1.23675522
      vertex 10.89357571 3.68444656 1.37879822
      vertex 11.49918858 3.68372230 1.38811859
    endloop
  endfacet
  facet normal 0.00000000 0.00000000 1.00000000
    outer loop
      vertex 5.44898275 8.60552230 0.52000000
      vertex 6.05533089 9.21910896 0.52000000
      vertex 5.44972328 9.21983870 0.52000000
    endloop
  endfacet
  facet normal 0.00000000 -0.00000000 1.00000000
    outer loop
      vertex 6.05459096 8.60479258 0.52000000
      vertex 6.05533089 9.21910896 0.52000000
      vertex 5.44898275 8.60552230 0.52000000
    endloop
  endfacet
  facet normal 0.00000000 -0.00000000 1.00000000
    outer loop
      vertex 6.05385106 7.99047621 0.52000000
      vertex 6.05459096 8.60479258 0.52000000
      vertex 5.44898275 8.60552230 0.52000000
    endloop
  endfacet
  facet normal 0.00000000 0.00000000 1.00000000
    outer loop
      vertex 5.44898275 8.60552230 0.52000000
      vertex 5.44824225 7.99120592 0.52000000
      vertex 6.05385106 7.99047621 0.52000000
    endloop
  endfacet
  facet normal 0.49212946 -0.00059370 0.87052182
    outer loop
      vertex 4.84263342 7.99193621 0.52000000
      vertex 4.84337453 8.60625261 0.52000000
      vertex 4.23776629 8.60698352 0.86236717
    endloop
  endfacet
  facet normal 0.19629108 -0.32242772 0.92601846
    outer loop
      vertex 4.84263342 7.99193621 0.52000000
      vertex 4.23776629 8.60698352 0.86236717
      vertex 4.23702458 7.99266710 0.64862732
    endloop
  endfacet
  facet normal -0.00000000 0.00000000 1.00000000
    outer loop
      vertex 4.23628289 7.37835070 0.52000000
      vertex 4.84189234 7.37761983 0.52000000
      vertex 4.84263342 7.99193621 0.52000000
    endloop
  endfacet
  facet normal 0.20329139 -0.20089432 0.95828706
    outer loop
      vertex 4.84263342 7.99193621 0.52000000
      vertex 4.23702458 7.99266710 0.64862732
      vertex 4.23628289 7.37835070 0.52000000
    endloop
  endfacet
  facet normal -0.03485211 0.12750895 0.99122490
    outer loop
      vertex 5.44602084 6.14825684 0.52000000
      vertex 6.05089162 5.53321087 0.62038578
      vertex 6.05163145 6.14752719 0.54138752
    endloop
  endfacet
  facet normal -0.15051560 0.01331714 0.98851793
    outer loop
      vertex 5.44528041 5.53394050 0.52816322
      vertex 6.05089162 5.53321087 0.62038578
      vertex 5.44602084 6.14825684 0.52000000
    endloop
  endfacet
  facet normal 0.00000000 -0.00000000 1.00000000
    outer loop
      vertex 5.44602084 6.14825684 0.52000000
      vertex 5.44676129 6.76257319 0.52000000
      vertex 4.84115127 6.76330345 0.52000000
    endloop
  endfacet
  facet normal 0.00000000 0.00000000 1.00000000
    outer loop
      vertex 4.84115127 6.76330345 0.52000000
      vertex 4.84041021 6.14898709 0.52000000
      vertex 5.44602084 6.14825684 0.52000000
    endloop
  endfacet
  facet normal 0.00000487 0.00404040 0.99999184
    outer loop
      vertex 4.84041021 6.14898709 0.52000000
      vertex 4.83966918 5.53467073 0.52248211
      vertex 5.44602084 6.14825684 0.52000000
    endloop
  endfacet
  facet normal -0.00936352 0.01329783 0.99986774
    outer loop
      vertex 5.44602084 6.14825684 0.52000000
      vertex 4.83966918 5.53467073 0.52248211
      vertex 5.44528041 5.53394050 0.52816322
    endloop
  endfacet
  facet normal -0.03523034 0.03481486 0.99877262
    outer loop
      vertex 6.05237130 6.76184352 0.52000000
      vertex 5.44602084 6.14825684 0.52000000
      vertex 6.05163145 6.14752719 0.54138752
    endloop
  endfacet
  facet normal 0.00000000 0.00000000 1.00000000
    outer loop
      vertex 5.44676129 6.76257319 0.52000000
      vertex 5.44602084 6.14825684 0.52000000
      vertex 6.05237130 6.76184352 0.52000000
    endloop
  endfacet
  facet normal 0.00000000 -0.00000000 1.00000000
    outer loop
      vertex 6.05237130 6.76184352 0.52000000
      vertex 6.05311117 7.37615986 0.52000000
      vertex 5.44750176 7.37688955 0.52000000
    endloop
  endfacet
  facet normal 0.00000000 0.00000000 1.00000000
    outer loop
      vertex 5.44750176 7.37688955 0.52000000
      vertex 5.44676129 6.76257319 0.52000000
      vertex 6.05237130 6.76184352 0.52000000
    endloop
  endfacet
  facet normal -0.11727408 0.03469505 0.99249335
    outer loop
      vertex 6.05163145 6.14752719 0.54138752
      vertex 6.65724204 6.14679812 0.61297260
      vertex 6.05237130 6.76184352 0.52000000
    endloop
  endfacet
  facet normal -0.00611630 0.14357959 0.98961987
    outer loop
      vertex 6.05237130 6.76184352 0.52000000
      vertex 6.65724204 6.14679812 0.61297260
      vertex 6.65798130 6.76111444 0.52384872
    endloop
  endfacet
  facet normal 0.09354424 -0.09343145 0.99122149
    outer loop
      vertex 10.91269089 19.65667036 0.64552849
      vertex 10.91342632 20.27098682 0.70336388
      vertex 10.30782965 20.27171212 0.76058403
    endloop
  endfacet
  facet normal 0.29787056 0.11567834 0.94757145
    outer loop
      vertex 10.30782965 20.27171212 0.76058403
      vertex 10.30709361 19.65739564 0.83581039
      vertex 10.91269089 19.65667036 0.64552849
    endloop
  endfacet
  facet normal 0.37936705 0.11201350 0.91844086
    outer loop
      vertex 9.70149632 19.65812152 1.08586716
      vertex 10.30709361 19.65739564 0.83581039
      vertex 10.30782965 20.27171212 0.76058403
    endloop
  endfacet
  facet normal 0.05062749 0.42827143 0.90223081
    outer loop
      vertex 9.70223296 20.27243801 0.79422173
      vertex 9.70149632 19.65812152 1.08586716
      vertex 10.30782965 20.27171212 0.76058403
    endloop
  endfacet
  facet normal -0.22725212 -0.18882948 0.95535329
    outer loop
      vertex 15.15114016 19.03729362 0.67740189
      vertex 15.15187137 19.65160996 0.79899796
      vertex 14.54627421 19.65233110 0.65508568
    endloop
  endfacet
  facet normal -0.14130267 -0.10324142 0.98456831
    outer loop
      vertex 14.54627421 19.65233110 0.65508568
      vertex 14.54554239 19.03801475 0.59056370
      vertex 15.15114016 19.03729362 0.67740189
    endloop
  endfacet
  facet normal 0.05431520 -0.18591125 0.98106415
    outer loop
      vertex 14.54627421 19.65233110 0.65508568
      vertex 13.94140946 20.26736920 0.80512260
      vertex 13.94067703 19.65305283 0.68875046
    endloop
  endfacet
  facet normal 0.01184930 -0.22596678 0.97406294
    outer loop
      vertex 14.54627421 19.65233110 0.65508568
      vertex 14.54700604 20.26664746 0.79758820
      vertex 13.94140946 20.26736920 0.80512260
    endloop
  endfacet
  facet normal 0.05417173 -0.19782787 0.97873876
    outer loop
      vertex 13.94067703 19.65305283 0.68875046
      vertex 13.93994461 19.03873646 0.56462212
      vertex 14.54627421 19.65233110 0.65508568
    endloop
  endfacet
  facet normal -0.04268769 -0.10431046 0.99362824
    outer loop
      vertex 13.93994461 19.03873646 0.56462212
      vertex 14.54554239 19.03801475 0.59056370
      vertex 14.54627421 19.65233110 0.65508568
    endloop
  endfacet
  facet normal -0.10112050 0.05190895 0.99351905
    outer loop
      vertex 12.73168357 21.49744733 0.72044472
      vertex 12.73094990 20.88313090 0.75246658
      vertex 13.33654591 20.88240795 0.81414200
    endloop
  endfacet
  facet normal -0.14080635 0.01233763 0.98996028
    outer loop
      vertex 13.33727898 21.49672437 0.80659019
      vertex 12.73168357 21.49744733 0.72044472
      vertex 13.33654591 20.88240795 0.81414200
    endloop
  endfacet
  facet normal -0.21071679 0.01226751 0.97747017
    outer loop
      vertex 13.33654591 20.88240795 0.81414200
      vertex 13.94287437 21.49600199 0.93714966
      vertex 13.33727898 21.49672437 0.80659019
    endloop
  endfacet
  facet normal -0.07597010 -0.12328703 0.98945887
    outer loop
      vertex 13.33654591 20.88240795 0.81414200
      vertex 13.94214191 20.88168559 0.86054932
      vertex 13.94287437 21.49600199 0.93714966
    endloop
  endfacet
  facet normal -0.00627672 -0.00178303 0.99997871
    outer loop
      vertex 6.66167782 9.83269619 0.52490002
      vertex 6.05533089 9.21910896 0.52000000
      vertex 6.66093848 9.21837981 0.52380001
    endloop
  endfacet
  facet normal -0.00809081 0.00000975 0.99996727
    outer loop
      vertex 6.05607083 9.83342535 0.52000000
      vertex 6.05533089 9.21910896 0.52000000
      vertex 6.66167782 9.83269619 0.52490002
    endloop
  endfacet
  facet normal 0.00627241 -0.00179813 0.99997871
    outer loop
      vertex 6.66167782 9.83269619 0.52490002
      vertex 6.66093848 9.21837981 0.52380001
      vertex 7.26654606 9.21765126 0.52000000
    endloop
  endfacet
  facet normal 0.00809081 -0.00000973 0.99996727
    outer loop
      vertex 7.26654606 9.21765126 0.52000000
      vertex 7.26728480 9.83196762 0.52000000
      vertex 6.66167782 9.83269619 0.52490002
    endloop
  endfacet
  facet normal -0.14831977 -0.28694843 0.94639413
    outer loop
      vertex 5.45416678 12.90573731 0.80950623
      vertex 5.45342615 12.29142085 0.62312828
      vertex 6.05903076 12.29069103 0.71781792
    endloop
  endfacet
  facet normal -0.16963582 -0.30645847 0.93664662
    outer loop
      vertex 6.05903076 12.29069103 0.71781792
      vertex 6.05977079 12.90500748 0.91894821
      vertex 5.45416678 12.90573731 0.80950623
    endloop
  endfacet
  facet normal -0.00036937 -0.30651297 0.95186641
    outer loop
      vertex 5.45268554 11.67710439 0.52000000
      vertex 6.05829075 11.67637459 0.52000000
      vertex 6.05903076 12.29069103 0.71781792
    endloop
  endfacet
  facet normal -0.15259369 -0.16344040 0.97468067
    outer loop
      vertex 6.05903076 12.29069103 0.71781792
      vertex 5.45342615 12.29142085 0.62312828
      vertex 5.45268554 11.67710439 0.52000000
    endloop
  endfacet
  facet normal -0.10320954 -0.28208764 0.95382092
    outer loop
      vertex 6.66463535 12.28996180 0.78313255
      vertex 6.66537478 12.90427823 0.96489349
      vertex 6.05903076 12.29069103 0.71781792
    endloop
  endfacet
  facet normal -0.07228777 -0.31025995 0.94789939
    outer loop
      vertex 6.05903076 12.29069103 0.71781792
      vertex 6.66537478 12.90427823 0.96489349
      vertex 6.05977079 12.90500748 0.91894821
    endloop
  endfacet
  facet normal -0.20680920 -0.22264122 0.95271236
    outer loop
      vertex 6.06125089 14.13364041 1.18637436
      vertex 5.45564808 14.13437028 1.05508423
      vertex 6.06051083 13.51932394 1.04265289
    endloop
  endfacet
  facet normal -0.14198582 -0.15938111 0.97695327
    outer loop
      vertex 5.45564808 14.13437028 1.05508423
      vertex 5.45490742 13.52005379 0.95475639
      vertex 6.06051083 13.51932394 1.04265289
    endloop
  endfacet
  facet normal -0.17655637 -0.22402191 0.95845815
    outer loop
      vertex 6.06051083 13.51932394 1.04265289
      vertex 6.66685368 14.13291113 1.29776123
      vertex 6.06125089 14.13364041 1.18637436
    endloop
  endfacet
  facet normal -0.15583108 -0.24397133 0.95718058
    outer loop
      vertex 6.06051083 13.51932394 1.04265289
      vertex 6.66611422 13.51859468 1.14106056
      vertex 6.66685368 14.13291113 1.29776123
    endloop
  endfacet
  facet normal -0.14013050 -0.22766724 0.96360317
    outer loop
      vertex 6.06051083 13.51932394 1.04265289
      vertex 5.45490742 13.52005379 0.95475639
      vertex 5.45416678 12.90573731 0.80950623
    endloop
  endfacet
  facet normal -0.17467691 -0.19416980 0.96529066
    outer loop
      vertex 5.45416678 12.90573731 0.80950623
      vertex 6.05977079 12.90500748 0.91894821
      vertex 6.06051083 13.51932394 1.04265289
    endloop
  endfacet
  facet normal -0.04271916 0.08249746 0.99567527
    outer loop
      vertex 11.50726774 10.44120045 0.24045856
      vertex 12.11287398 10.44047659 0.26650190
      vertex 12.11360796 11.05479284 0.21563374
    endloop
  endfacet
  facet normal 0.00004826 0.04037749 0.99918450
    outer loop
      vertex 12.11360796 11.05479284 0.21563374
      vertex 11.50800231 11.05551671 0.21563374
      vertex 11.50726774 10.44120045 0.24045856
    endloop
  endfacet
  facet normal -0.17281161 0.08148561 0.98157844
    outer loop
      vertex 12.11360796 11.05479284 0.21563374
      vertex 12.11287398 10.44047659 0.26650190
      vertex 12.71848022 10.43975333 0.37318184
    endloop
  endfacet
  facet normal 0.00029669 0.24842105 0.96865210
    outer loop
      vertex 12.71848022 10.43975333 0.37318184
      vertex 12.71921359 11.05406956 0.21563374
      vertex 12.11360796 11.05479284 0.21563374
    endloop
  endfacet
  facet normal 0.01433343 0.32182362 0.94669114
    outer loop
      vertex 11.50506412 8.59825172 0.90123047
      vertex 12.11067217 8.59752791 0.89230728
      vertex 12.11140609 9.21184413 0.68346199
    endloop
  endfacet
  facet normal -0.10001478 0.41910566 0.90241204
    outer loop
      vertex 12.11140609 9.21184413 0.68346199
      vertex 11.50579864 9.21256795 0.61600605
      vertex 11.50506412 8.59825172 0.90123047
    endloop
  endfacet
  facet normal 0.37553517 0.18063003 0.90903582
    outer loop
      vertex 10.30562160 18.42876273 1.06870140
      vertex 10.91122008 18.42803748 0.81866447
      vertex 10.91195547 19.04235391 0.69629288
    endloop
  endfacet
  facet normal 0.36815593 0.18875189 0.91040317
    outer loop
      vertex 10.91195547 19.04235391 0.69629288
      vertex 10.30635760 19.04307918 0.94103889
      vertex 10.30562160 18.42876273 1.06870140
    endloop
  endfacet
  facet normal 0.15763604 0.10288138 0.98212336
    outer loop
      vertex 11.51681854 18.42731282 0.66363716
      vertex 11.51755333 19.04162924 0.59916710
      vertex 10.91195547 19.04235391 0.69629288
    endloop
  endfacet
  facet normal 0.24372741 0.18918931 0.95121205
    outer loop
      vertex 10.91195547 19.04235391 0.69629288
      vertex 10.91122008 18.42803748 0.81866447
      vertex 11.51681854 18.42731282 0.66363716
    endloop
  endfacet
  facet normal -0.05851350 0.08228333 0.99488975
    outer loop
      vertex 11.51828815 19.65594567 0.68120605
      vertex 10.91269089 19.65667036 0.64552849
      vertex 10.91195547 19.04235391 0.69629288
    endloop
  endfacet
  facet normal 0.15684069 -0.13091606 0.97890857
    outer loop
      vertex 10.91195547 19.04235391 0.69629288
      vertex 11.51755333 19.04162924 0.59916710
      vertex 11.51828815 19.65594567 0.68120605
    endloop
  endfacet
  facet normal 0.29892335 0.07823393 0.95106481
    outer loop
      vertex 10.91269089 19.65667036 0.64552849
      vertex 10.30709361 19.65739564 0.83581039
      vertex 10.91195547 19.04235391 0.69629288
    endloop
  endfacet
  facet normal 0.37024647 0.15640517 0.91567187
    outer loop
      vertex 10.30709361 19.65739564 0.83581039
      vertex 10.30635760 19.04307918 0.94103889
      vertex 10.91195547 19.04235391 0.69629288
    endloop
  endfacet
  facet normal 0.00378242 0.00389778 0.99998525
    outer loop
      vertex 19.37942095 9.81752046 0.06469684
      vertex 19.98502759 9.81680431 0.06240894
      vertex 19.98575374 10.43112034 0.06001169
    endloop
  endfacet
  facet normal 0.01039761 -0.00263940 0.99994246
    outer loop
      vertex 19.37942095 9.81752046 0.06469684
      vertex 19.98575374 10.43112034 0.06001169
      vertex 19.38014770 10.43183650 0.06631080
    endloop
  endfacet
  facet normal 0.00520353 -0.00261541 0.99998304
    outer loop
      vertex 19.37869421 9.20320443 0.06309391
      vertex 19.98430145 9.20248830 0.05994069
      vertex 19.37942095 9.81752046 0.06469684
    endloop
  endfacet
  facet normal 0.00377305 -0.00402229 0.99998479
    outer loop
      vertex 19.37942095 9.81752046 0.06469684
      vertex 19.98430145 9.20248830 0.05994069
      vertex 19.98502759 9.81680431 0.06240894
    endloop
  endfacet
  facet normal -0.05918716 -0.05772715 0.99657637
    outer loop
      vertex 16.35795592 15.34995560 0.36389954
      vertex 16.35722603 14.73563938 0.32827164
      vertex 16.96282795 14.73492015 0.36419697
    endloop
  endfacet
  facet normal -0.13133580 -0.12869013 0.98294952
    outer loop
      vertex 16.96355724 15.34923635 0.44472218
      vertex 16.35795592 15.34995560 0.36389954
      vertex 16.96282795 14.73492015 0.36419697
    endloop
  endfacet
  facet normal -0.19287761 -0.11186184 0.97482571
    outer loop
      vertex 16.35649615 14.12132317 0.25763407
      vertex 16.35722603 14.73563938 0.32827164
      vertex 15.75162409 14.73635921 0.20853071
    endloop
  endfacet
  facet normal -0.11709085 -0.03591872 0.99247145
    outer loop
      vertex 15.75162409 14.73635921 0.20853071
      vertex 15.75089362 14.12204298 0.18621170
      vertex 16.35649615 14.12132317 0.25763407
    endloop
  endfacet
  facet normal 0.07786419 -0.00009243 0.99696397
    outer loop
      vertex 16.35430663 12.27837463 0.14687694
      vertex 16.95991095 12.27765546 0.09957838
      vertex 16.96064017 12.89197161 0.09957838
    endloop
  endfacet
  facet normal 0.00029736 0.07656396 0.99706463
    outer loop
      vertex 16.96064017 12.89197161 0.09957838
      vertex 16.35503646 12.89269080 0.09970377
      vertex 16.35430663 12.27837463 0.14687694
    endloop
  endfacet
  facet normal -0.01131011 0.00001343 0.99993604
    outer loop
      vertex 16.95991095 12.27765546 0.09957838
      vertex 17.56551525 12.27693688 0.10642828
      vertex 16.96064017 12.89197161 0.09957838
    endloop
  endfacet
  facet normal 0.00001323 0.01114974 0.99993784
    outer loop
      vertex 17.56551525 12.27693688 0.10642828
      vertex 17.56624388 12.89125302 0.09957838
      vertex 16.96064017 12.89197161 0.09957838
    endloop
  endfacet
  facet normal 0.07478859 -0.34260422 0.93649827
    outer loop
      vertex 16.34773900 6.74952962 0.60720608
      vertex 16.34700935 6.13521356 0.38252579
      vertex 16.95261967 6.13449456 0.33389881
    endloop
  endfacet
  facet normal 0.44644045 0.04187095 0.89383317
    outer loop
      vertex 16.95261967 6.13449456 0.33389881
      vertex 16.95334872 6.74881059 0.30475750
      vertex 16.34773900 6.74952962 0.60720608
    endloop
  endfacet
  facet normal 0.08740738 0.21687865 0.97227753
    outer loop
      vertex 17.55750154 5.51946013 0.41671127
      vertex 17.55822997 6.13377614 0.27961493
      vertex 16.95261967 6.13449456 0.33389881
    endloop
  endfacet
  facet normal 0.15009964 0.27547161 0.94951856
    outer loop
      vertex 16.95261967 6.13449456 0.33389881
      vertex 16.95189063 5.52017853 0.51223766
      vertex 17.55750154 5.51946013 0.41671127
    endloop
  endfacet
  facet normal 0.27605230 -0.19460330 0.94123572
    outer loop
      vertex 16.95043262 4.29154652 0.50239101
      vertex 17.55677312 4.90514414 0.45142231
      vertex 16.95116162 4.90586252 0.62918888
    endloop
  endfacet
  facet normal 0.23032481 -0.14770525 0.96183868
    outer loop
      vertex 17.55604472 4.29082815 0.35725899
      vertex 17.55677312 4.90514414 0.45142231
      vertex 16.95043262 4.29154652 0.50239101
    endloop
  endfacet
  facet normal 0.04273759 -0.20200785 0.97845098
    outer loop
      vertex 16.95116162 4.90586252 0.62918888
      vertex 16.34555010 4.90658149 0.65578972
      vertex 16.95043262 4.29154652 0.50239101
    endloop
  endfacet
  facet normal 0.19631458 -0.05115422 0.97920572
    outer loop
      vertex 16.34555010 4.90658149 0.65578972
      vertex 16.34482050 4.29226548 0.62384380
      vertex 16.95043262 4.29154652 0.50239101
    endloop
  endfacet
  facet normal 0.19478384 0.14259290 0.97042595
    outer loop
      vertex 16.95043262 4.29154652 0.50239101
      vertex 16.34482050 4.29226548 0.62384380
      vertex 16.34409092 3.67794947 0.71425690
    endloop
  endfacet
  facet normal 0.38395203 -0.06129533 0.92131630
    outer loop
      vertex 16.34409092 3.67794947 0.71425690
      vertex 16.94970364 3.67723053 0.46182426
      vertex 16.95043262 4.29154652 0.50239101
    endloop
  endfacet
  facet normal 0.30612436 -0.02166148 0.95174506
    outer loop
      vertex 10.89578071 5.52739506 1.34787460
      vertex 10.89504570 4.91307888 1.33412933
      vertex 11.50065736 4.91235458 1.13932068
    endloop
  endfacet
  facet normal 0.23099217 -0.10096325 0.96770297
    outer loop
      vertex 10.89578071 5.52739506 1.34787460
      vertex 11.50065736 4.91235458 1.13932068
      vertex 11.50139178 5.52667074 1.20323875
    endloop
  endfacet
  facet normal 0.02195517 -0.09963241 0.99478206
    outer loop
      vertex 11.50212621 6.14098691 1.39594666
      vertex 10.89651575 6.14171124 1.40938522
      vertex 10.89578071 5.52739506 1.34787460
    endloop
  endfacet
  facet normal 0.22183222 -0.29209757 0.93030612
    outer loop
      vertex 11.50139178 5.52667074 1.20323875
      vertex 11.50212621 6.14098691 1.39594666
      vertex 10.89578071 5.52739506 1.34787460
    endloop
  endfacet
  facet normal 0.03012332 -0.09962088 0.99456939
    outer loop
      vertex 10.89578071 5.52739506 1.34787460
      vertex 10.89651575 6.14171124 1.40938522
      vertex 10.29090527 6.14243617 1.42780045
    endloop
  endfacet
  facet normal 0.08935455 -0.04144245 0.99513732
    outer loop
      vertex 10.29090527 6.14243617 1.42780045
      vertex 10.29016963 5.52811996 1.40228333
      vertex 10.89578071 5.52739506 1.34787460
    endloop
  endfacet
  facet normal -0.19613681 0.19327915 0.96133944
    outer loop
      vertex 10.28943402 4.91380377 1.52564270
      vertex 10.29016963 5.52811996 1.40228333
      vertex 9.68455854 5.52884546 1.27857796
    endloop
  endfacet
  facet normal -0.05087912 0.32878251 0.94303413
    outer loop
      vertex 10.28943402 4.91380377 1.52564270
      vertex 9.68455854 5.52884546 1.27857796
      vertex 9.68382232 4.91452925 1.49271545
    endloop
  endfacet
  facet normal 0.08797757 0.19601277 0.97664678
    outer loop
      vertex 10.28943402 4.91380377 1.52564270
      vertex 10.89578071 5.52739506 1.34787460
      vertex 10.29016963 5.52811996 1.40228333
    endloop
  endfacet
  facet normal 0.30141987 -0.02168941 0.95324479
    outer loop
      vertex 10.89504570 4.91307888 1.33412933
      vertex 10.89578071 5.52739506 1.34787460
      vertex 10.28943402 4.91380377 1.52564270
    endloop
  endfacet
  facet normal -0.05396595 0.08938832 0.99453376
    outer loop
      vertex 9.68382232 4.91452925 1.49271545
      vertex 9.68308612 4.30021305 1.54789001
      vertex 10.28943402 4.91380377 1.52564270
    endloop
  endfacet
  facet normal 0.10443036 -0.06722080 0.99225786
    outer loop
      vertex 9.68308612 4.30021305 1.54789001
      vertex 10.28869842 4.29948759 1.48410309
      vertex 10.28943402 4.91380377 1.52564270
    endloop
  endfacet
  facet normal 0.09061625 0.26003708 0.96133731
    outer loop
      vertex 10.90092632 9.82760862 0.38832405
      vertex 10.90019118 9.21329236 0.55456291
      vertex 11.50653318 9.82688419 0.33143513
    endloop
  endfacet
  facet normal -0.09117104 0.41866377 0.90355326
    outer loop
      vertex 10.90019118 9.21329236 0.55456291
      vertex 11.50579864 9.21256795 0.61600605
      vertex 11.50653318 9.82688419 0.33143513
    endloop
  endfacet
  facet normal 0.27005112 0.01864744 0.96266540
    outer loop
      vertex 12.71701352 9.21112090 0.71032806
      vertex 12.11067217 8.59752791 0.89230728
      vertex 12.71628020 8.59680470 0.72243347
    endloop
  endfacet
  facet normal -0.04158028 0.32163820 0.94594923
    outer loop
      vertex 12.71701352 9.21112090 0.71032806
      vertex 12.11140609 9.21184413 0.68346199
      vertex 12.11067217 8.59752791 0.89230728
    endloop
  endfacet
  facet normal 0.22620577 0.31680669 0.92112131
    outer loop
      vertex 13.32262094 9.21039826 0.56185364
      vertex 13.32335368 9.82471445 0.35038830
      vertex 12.71701352 9.21112090 0.71032806
    endloop
  endfacet
  facet normal 0.35424749 0.18738330 0.91618569
    outer loop
      vertex 13.32335368 9.82471445 0.35038830
      vertex 12.71774686 9.82543711 0.58440121
      vertex 12.71701352 9.21112090 0.71032806
    endloop
  endfacet
  facet normal -0.07790857 -0.09774836 0.99215700
    outer loop
      vertex 15.75089362 14.12204298 0.18621170
      vertex 15.14529107 14.12276338 0.13872808
      vertex 15.75016316 13.50772677 0.12563126
    endloop
  endfacet
  facet normal -0.03219026 -0.05291175 0.99808022
    outer loop
      vertex 15.75016316 13.50772677 0.12563126
      vertex 15.14529107 14.12276338 0.13872808
      vertex 15.14456001 13.50844716 0.10613743
    endloop
  endfacet
  facet normal -0.03217730 -0.00433791 0.99947276
    outer loop
      vertex 15.14456001 13.50844716 0.10613743
      vertex 15.14382897 12.89413094 0.10344764
      vertex 15.75016316 13.50772677 0.12563126
    endloop
  endfacet
  facet normal 0.00449087 -0.04056107 0.99916697
    outer loop
      vertex 15.75016316 13.50772677 0.12563126
      vertex 15.14382897 12.89413094 0.10344764
      vertex 15.74943272 12.89341057 0.10069644
    endloop
  endfacet
  facet normal -0.00012180 -0.10265260 0.99471726
    outer loop
      vertex 16.96136941 13.50628778 0.16297453
      vertex 16.96064017 12.89197161 0.09957838
      vertex 17.56624388 12.89125302 0.09957838
    endloop
  endfacet
  facet normal 0.10411361 -0.00012349 0.99456540
    outer loop
      vertex 17.56624388 12.89125302 0.09957838
      vertex 17.56697252 13.50556917 0.09957838
      vertex 16.96136941 13.50628778 0.16297453
    endloop
  endfacet
  facet normal 0.10185530 -0.19640921 0.97521737
    outer loop
      vertex 17.56697252 13.50556917 0.09957838
      vertex 17.56770117 14.11988533 0.22322582
      vertex 16.96136941 13.50628778 0.16297453
    endloop
  endfacet
  facet normal 0.10313764 -0.19763874 0.97483412
    outer loop
      vertex 16.96136941 13.50628778 0.16297453
      vertex 17.56770117 14.11988533 0.22322582
      vertex 16.96209867 14.12060396 0.28744438
    endloop
  endfacet
  facet normal -0.04093272 0.35919810 0.93236325
    outer loop
      vertex 12.11140609 9.21184413 0.68346199
      vertex 12.71701352 9.21112090 0.71032806
      vertex 12.11214003 9.82616035 0.44682549
    endloop
  endfacet
  facet normal -0.21699403 0.19627526 0.95623721
    outer loop
      vertex 12.11214003 9.82616035 0.44682549
      vertex 12.71701352 9.21112090 0.71032806
      vertex 12.71774686 9.82543711 0.58440121
    endloop
  endfacet
  facet normal -0.04089131 0.28146152 0.95870085
    outer loop
      vertex 12.11287398 10.44047659 0.26650190
      vertex 11.50726774 10.44120045 0.24045856
      vertex 12.11214003 9.82616035 0.44682549
    endloop
  endfacet
  facet normal -0.18504749 0.14418273 0.97209504
    outer loop
      vertex 11.50726774 10.44120045 0.24045856
      vertex 11.50653318 9.82688419 0.33143513
      vertex 12.11214003 9.82616035 0.44682549
    endloop
  endfacet
  facet normal -0.16986547 0.41438331 0.89410972
    outer loop
      vertex 12.11214003 9.82616035 0.44682549
      vertex 11.50653318 9.82688419 0.33143513
      vertex 11.50579864 9.21256795 0.61600605
    endloop
  endfacet
  facet normal -0.10295635 0.35765369 0.92816153
    outer loop
      vertex 11.50579864 9.21256795 0.61600605
      vertex 12.11140609 9.21184413 0.68346199
      vertex 12.11214003 9.82616035 0.44682549
    endloop
  endfacet
  facet normal -0.16632691 0.27791184 0.94609744
    outer loop
      vertex 12.11214003 9.82616035 0.44682549
      vertex 12.71848022 10.43975333 0.37318184
      vertex 12.11287398 10.44047659 0.26650190
    endloop
  endfacet
  facet normal -0.20965463 0.31814368 0.92456992
    outer loop
      vertex 12.71774686 9.82543711 0.58440121
      vertex 12.71848022 10.43975333 0.37318184
      vertex 12.11214003 9.82616035 0.44682549
    endloop
  endfacet
  facet normal -0.11616311 -0.13815578 0.98357466
    outer loop
      vertex 16.35576630 13.50700698 0.17125921
      vertex 16.35649615 14.12132317 0.25763407
      vertex 15.75089362 14.12204298 0.18621170
    endloop
  endfacet
  facet normal -0.07488563 -0.09777465 0.99238715
    outer loop
      vertex 15.75089362 14.12204298 0.18621170
      vertex 15.75016316 13.50772677 0.12563126
      vertex 16.35576630 13.50700698 0.17125921
    endloop
  endfacet
  facet normal -0.07511656 -0.04035240 0.99635796
    outer loop
      vertex 16.35576630 13.50700698 0.17125921
      vertex 15.75016316 13.50772677 0.12563126
      vertex 15.74943272 12.89341057 0.10069644
    endloop
  endfacet
  facet normal 0.00149062 -0.11569922 0.99328318
    outer loop
      vertex 15.74943272 12.89341057 0.10069644
      vertex 16.35503646 12.89269080 0.09970377
      vertex 16.35576630 13.50700698 0.17125921
    endloop
  endfacet
  facet normal 0.01348461 -0.10265925 0.99462518
    outer loop
      vertex 16.96064017 12.89197161 0.09957838
      vertex 16.96136941 13.50628778 0.16297453
      vertex 16.35576630 13.50700698 0.17125921
    endloop
  endfacet
  facet normal 0.00006826 -0.11569768 0.99328447
    outer loop
      vertex 16.35503646 12.89269080 0.09970377
      vertex 16.96064017 12.89197161 0.09957838
      vertex 16.35576630 13.50700698 0.17125921
    endloop
  endfacet
endsolid chouldari_sph_terrain
