x_m,y_m,elevation_m,x_sim,y_sim,z_sim
6.972902203992707655e+02,1.197663385744206607e+03,3.354500579833984375e+01,1.394580440798541510e+01,2.395326771488413442e+01,6.709001159667968839e-01
7.275698691987199709e+02,1.197627293485216796e+03,3.258411026000976562e+01,1.455139738397440041e+01,2.395254586970433763e+01,6.516822052001953747e-01
5.458551874832483009e+02,1.167128464530920610e+03,2.386109924316406250e+01,1.091710374966496566e+01,2.334256929061841390e+01,4.772219848632812678e-01
5.761348703269613907e+02,1.167092225101310760e+03,2.546941947937011719e+01,1.152269740653922803e+01,2.334184450202621619e+01,5.093883895874024015e-01
6.064145523676997982e+02,1.167056015268899500e+03,2.902055358886718750e+01,1.212829104735399710e+01,2.334112030537799143e+01,5.804110717773437456e-01
6.366942336019710638e+02,1.167019835032988340e+03,3.446504211425781250e+01,1.273388467203942120e+01,2.334039670065976679e+01,6.893008422851563122e-01
6.669739140304736793e+02,1.166983684394275770e+03,3.746755981445312500e+01,1.333947828060947316e+01,2.333967368788551511e+01,7.493511962890625488e-01
6.972535936565836892e+02,1.166947563352528960e+03,4.020920181274414062e+01,1.394507187313167407e+01,2.333895126705057876e+01,8.041840362548828836e-01
7.275332724796608090e+02,1.166911471907515079e+03,4.180047988891601562e+01,1.455066544959321639e+01,2.333822943815030371e+01,8.360095977783202903e-01
7.578129505002289079e+02,1.166875410059466958e+03,4.312072372436523438e+01,1.515625901000457887e+01,2.333750820118934044e+01,8.624144744873046831e-01
7.880926277190446854e+02,1.166839377808617428e+03,4.085017013549804688e+01,1.576185255438089428e+01,2.333678755617235012e+01,8.170034027099609686e-01
8.183723041367484257e+02,1.166803375154500827e+03,2.707659912109375000e+01,1.636744608273496837e+01,2.333606750309001754e+01,5.415319824218750577e-01
8.486519797525834292e+02,1.166767402097349986e+03,2.234685516357421875e+01,1.697303959505167015e+01,2.333534804194700030e+01,4.469371032714843928e-01
8.789316545699839480e+02,1.166731458637164906e+03,2.133809852600097656e+01,1.757863309139968067e+01,2.333462917274329840e+01,4.267619705200195179e-01
4.852589833335950971e+02,1.136485204658936709e+03,2.562500572204589844e+01,9.705179666671902794e+00,2.272970409317873575e+01,5.125001144409180309e-01
5.155386978150345385e+02,1.136448906854260713e+03,2.791564750671386719e+01,1.031077395630069127e+01,2.272897813708521397e+01,5.583129501342773970e-01
5.458184114894247614e+02,1.136412638646084815e+03,2.880930137634277344e+01,1.091636822978849608e+01,2.272825277292169588e+01,5.761860275268554377e-01
5.760981243560672738e+02,1.136376400034176186e+03,2.838288879394531250e+01,1.152196248712134619e+01,2.272752800068352386e+01,5.676577758789063122e-01
6.063778364197351038e+02,1.136340191018301994e+03,2.841791152954101562e+01,1.212755672839470300e+01,2.272680382036604030e+01,5.683582305908203569e-01
6.366575476769357920e+02,1.136304011599160731e+03,3.602328872680664062e+01,1.273315095353871662e+01,2.272608023198321447e+01,7.204657745361328081e-01
6.669372581283096224e+02,1.136267861775821075e+03,3.698997879028320312e+01,1.333874516256619280e+01,2.272535723551642306e+01,7.397995758056640225e-01
6.972169677773490548e+02,1.136231741548981518e+03,4.102755737304687500e+01,1.394433935554698145e+01,2.272463483097963177e+01,8.205511474609374911e-01
7.274966766232391819e+02,1.136195650918642059e+03,4.227899551391601562e+01,1.454993353246478449e+01,2.272391301837284061e+01,8.455799102783203569e-01
7.577763846667367034e+02,1.136159589884337038e+03,4.403313064575195312e+01,1.515552769333473471e+01,2.272319179768674147e+01,8.806626129150391113e-01
7.880560919084236957e+02,1.136123558446299285e+03,4.506888198852539062e+01,1.576112183816847434e+01,2.272247116892598484e+01,9.013776397705077770e-01
8.183357983489986509e+02,1.136087556604295969e+03,3.646463012695312500e+01,1.636671596697997444e+01,2.272175113208592023e+01,7.292926025390624734e-01
8.486155039877048694e+02,1.136051584359025583e+03,3.015555191040039062e+01,1.697231007975409867e+01,2.272103168718051336e+01,6.031110382080078214e-01
8.788952088280348107e+02,1.136015641709556803e+03,2.534001350402832031e+01,1.757790417656069692e+01,2.272031283419113734e+01,5.068002700805663840e-01
9.091749128705705516e+02,1.135979728656820953e+03,2.994915962219238281e+01,1.818349825741141146e+01,2.271959457313641906e+01,5.989831924438476785e-01
9.394546161118196324e+02,1.135943845199886709e+03,3.483432769775390625e+01,1.878909232223639236e+01,2.271887690399773518e+01,6.966865539550781694e-01
9.697343185566714965e+02,1.135907991339452565e+03,3.282406234741210938e+01,1.939468637113343163e+01,2.271815982678905144e+01,6.564812469482421697e-01
1.000014020204311237e+03,1.135872167075285688e+03,2.746064376831054688e+01,2.000028040408622587e+01,2.271744334150571376e+01,5.492128753662109952e-01
1.030293721054040361e+03,1.135836372407153249e+03,1.937454986572265625e+01,2.060587442108080936e+01,2.271672744814306455e+01,3.874909973144531339e-01
4.246626567312050611e+02,1.105842060482827947e+03,2.070272827148437500e+01,8.493253134624101364e+00,2.211684120965655964e+01,4.140545654296874933e-01
4.549424028509529307e+02,1.105805704305879772e+03,2.666737556457519531e+01,9.098848057019058189e+00,2.211611408611759444e+01,5.333475112915039285e-01
4.852221481623128057e+02,1.105769377724733204e+03,3.028413772583007812e+01,9.704442963246256326e+00,2.211538755449466365e+01,6.056827545166015847e-01
5.155018926659831777e+02,1.105733080739155412e+03,3.396262359619140625e+01,1.031003785331966327e+01,2.211466161478310966e+01,6.792524719238280939e-01
5.457816363626043312e+02,1.105696813349146396e+03,3.518353652954101562e+01,1.091563272725208655e+01,2.211393626698292891e+01,7.036707305908203036e-01
5.760613792514195666e+02,1.105660575554938987e+03,3.685271072387695312e+01,1.152122758502839162e+01,2.211321151109877903e+01,7.370542144775390492e-01
6.063411213372601196e+02,1.105624367356300354e+03,3.100098228454589844e+01,1.212682242674520339e+01,2.211248734712600594e+01,6.200196456909179421e-01
6.366208626166917384e+02,1.105588188753230497e+03,3.411937713623046875e+01,1.273241725233383548e+01,2.211176377506460966e+01,6.823875427246094416e-01
6.669006030902964994e+02,1.105552039745729417e+03,3.701438903808593750e+01,1.333801206180593013e+01,2.211104079491459018e+01,7.402877807617187500e-01
6.971803427615086548e+02,1.105515920334029943e+03,4.160154342651367188e+01,1.394360685523017374e+01,2.211031840668059800e+01,8.320308685302734153e-01
7.274600816295715049e+02,1.105479830517899245e+03,4.495283126831054688e+01,1.454920163259142996e+01,2.210959661035798618e+01,8.990566253662110041e-01
7.577398196952417493e+02,1.105443770297337323e+03,4.339616012573242188e+01,1.515479639390483513e+01,2.210887540594674761e+01,8.679232025146484952e-01
7.880195569591596723e+02,1.105407739672344178e+03,3.916714477539062500e+01,1.576039113918319323e+01,2.210815479344688228e+01,7.833428955078125533e-01
8.182992934219073504e+02,1.105371738642919809e+03,3.949406814575195312e+01,1.636598586843814829e+01,2.210743477285839731e+01,7.898813629150390758e-01
8.485790290827862918e+02,1.105335767209064215e+03,4.005265426635742188e+01,1.697158058165572569e+01,2.210671534418128559e+01,8.010530853271484730e-01
8.788587639452307485e+02,1.105299825370777398e+03,3.446657943725585938e+01,1.757717527890461540e+01,2.210599650741554711e+01,6.893315887451172408e-01
9.091384980099392124e+02,1.105263913127826527e+03,3.288031768798828125e+01,1.818276996019878311e+01,2.210527826255653139e+01,6.576063537597656161e-01
9.394182312733610161e+02,1.105228030480910093e+03,3.472163772583007812e+01,1.878836462546722075e+01,2.210456060961820057e+01,6.944327545166015803e-01
9.696979637403273955e+02,1.105192177429329604e+03,3.348854064941406250e+01,1.939395927480654791e+01,2.210384354858659250e+01,6.697708129882812278e-01
9.999776954101398587e+02,1.105156353973550722e+03,2.645879364013671875e+01,1.999955390820279888e+01,2.210312707947101529e+01,5.291758728027343706e-01
1.030257426281983498e+03,1.105120560113107786e+03,1.829105186462402344e+01,2.060514852563967025e+01,2.210241120226215727e+01,3.658210372924804998e-01
1.060537156360805966e+03,1.105084795848233625e+03,7.703432083129882812e+00,2.121074312721611932e+01,2.210169591696467251e+01,1.540686416625976496e-01
1.090816885642998386e+03,1.105049061178928241e+03,4.942368984222412109e+00,2.181633771285996914e+01,2.210098122357856454e+01,9.884737968444824718e-02
3.943459854349493980e+02,1.075162617448950186e+03,3.259870147705078125e+01,7.886919708698988174e+00,2.150325234897900373e+01,6.519740295410156872e-01
4.246257623852579854e+02,1.075126232497859746e+03,2.672924995422363281e+01,8.492515247705160419e+00,2.150252464995719492e+01,5.345849990844726562e-01
4.549055385265382938e+02,1.075089877141173929e+03,2.855671310424804688e+01,9.098110770530766445e+00,2.150179754282347844e+01,5.711342620849609863e-01
4.851853138594306074e+02,1.075053551379824057e+03,3.354402160644531250e+01,9.703706277188612006e+00,2.150107102759648114e+01,6.708804321289062456e-01
5.154650883845752105e+02,1.075017255213344470e+03,3.404024887084960938e+01,1.030930176769150464e+01,2.150034510426689138e+01,6.808049774169921964e-01
5.457448621027288027e+02,1.074980988641502336e+03,3.651780319213867188e+01,1.091489724205457712e+01,2.149961977283004799e+01,7.303560638427734064e-01
5.760246350130182691e+02,1.074944751665228978e+03,4.263555526733398438e+01,1.152049270026036609e+01,2.149889503330458140e+01,8.527111053466797097e-01
6.063044071203912608e+02,1.074908544283360243e+03,3.963171005249023438e+01,1.212608814240782529e+01,2.149817088566720358e+01,7.926342010498047541e-01
6.365841784212971106e+02,1.074872366496594623e+03,3.602223587036132812e+01,1.273168356842594306e+01,2.149744732993189444e+01,7.204447174072265980e-01
6.668639489163761027e+02,1.074836218304932117e+03,4.032950973510742188e+01,1.333727897832752163e+01,2.149672436609864334e+01,8.065901947021484331e-01
6.971437186090624891e+02,1.074800099708139896e+03,4.685748291015625000e+01,1.394287437218125092e+01,2.149600199416279978e+01,9.371496582031250133e-01
7.274234874986577779e+02,1.074764010706450790e+03,4.945880126953125000e+01,1.454846974997315634e+01,2.149528021412901779e+01,9.891760253906249911e-01
7.577032555858022533e+02,1.074727951299399137e+03,4.699164962768554688e+01,1.515406511171604542e+01,2.149455902598798218e+01,9.398329925537109997e-01
7.879830228711361997e+02,1.074691921487450600e+03,4.376611709594726562e+01,1.575966045742272392e+01,2.149383842974901171e+01,8.753223419189453125e-01
8.182627893553581089e+02,1.074655921270139515e+03,4.470896148681640625e+01,1.636525578710716289e+01,2.149311842540279116e+01,8.941792297363281294e-01
8.485425550376530737e+02,1.074619950648164377e+03,4.513972473144531250e+01,1.697085110075306247e+01,2.149239901296328625e+01,9.027944946289062633e-01
8.788223199216299690e+02,1.074584009620826691e+03,3.821363830566406250e+01,1.757644639843260137e+01,2.149168019241653482e+01,7.642727661132813211e-01
9.091020840077544563e+02,1.074548098188592121e+03,3.304131317138671875e+01,1.818204168015509126e+01,2.149096196377184143e+01,6.608262634277344283e-01
9.393818472926504910e+02,1.074512216350995004e+03,3.174952316284179688e+01,1.878763694585300925e+01,2.149024432701990150e+01,6.349904632568359464e-01
9.696616097810911015e+02,1.074476364108733833e+03,3.103508949279785156e+01,1.939323219562182388e+01,2.148952728217467723e+01,6.207017898559570312e-01
9.999413714723195881e+02,1.074440541460877284e+03,2.515548896789550781e+01,1.999882742944639347e+01,2.148881082921754526e+01,5.031097793579101252e-01
1.030221132365637459e+03,1.074404748408356681e+03,1.897557067871093750e+01,2.060442264731274875e+01,2.148809496816713249e+01,3.795114135742187478e-01
1.060500892465817742e+03,1.074368984950240701e+03,1.328405952453613281e+01,2.121001784931635470e+01,2.148737969900481559e+01,2.656811904907226407e-01
1.090780651769484393e+03,1.074333251087227836e+03,6.569147586822509766e+00,2.181561303538968843e+01,2.148666502174455673e+01,1.313829517364502042e-01
1.121060410278558265e+03,1.074297546819318086e+03,7.114002227783203125e+00,2.242120820557116545e+01,2.148595093638636300e+01,1.422800445556640647e-01
1.151340167992340866e+03,1.074261872146278620e+03,1.133273696899414062e+01,2.302680335984681648e+01,2.148523744292557325e+01,2.266547393798828136e-01
3.640292541572125629e+02,1.044483202956384048e+03,4.972782135009765625e+01,7.280585083144251790e+00,2.088966405912768209e+01,9.945564270019531250e-01
3.943090619380236603e+02,1.044446789231384173e+03,4.461676788330078125e+01,7.886181238760473278e+00,2.088893578462768374e+01,8.923353576660156827e-01
4.245888689091079868e+02,1.044410405101021752e+03,3.584788513183593750e+01,8.491777378182160163e+00,2.088820810202043532e+01,7.169577026367187633e-01
4.548686750712222420e+02,1.044374050565063953e+03,3.316910934448242188e+01,9.097373501424444342e+00,2.088748101130127921e+01,6.633821868896484508e-01
4.851484804248902947e+02,1.044337725623277947e+03,3.454915237426757812e+01,9.702969608497806320e+00,2.088675451246555781e+01,6.909830474853515536e-01
5.154282849708688445e+02,1.044301430275663733e+03,3.481307983398437500e+01,1.030856569941737710e+01,2.088602860551327467e+01,6.962615966796875666e-01
5.457080887097981758e+02,1.044265164522454143e+03,3.675965118408203125e+01,1.091416177419596423e+01,2.088530329044908385e+01,7.351930236816406339e-01
5.759878916409215890e+02,1.044228928363649175e+03,4.083353042602539062e+01,1.151975783281843135e+01,2.088457856727298534e+01,8.166706085205078791e-01
6.062676937690703198e+02,1.044192721799015999e+03,4.093094635009765625e+01,1.212535387538140697e+01,2.088385443598032154e+01,8.186189270019531561e-01
6.365474950907519087e+02,1.044156544828554615e+03,3.762332916259765625e+01,1.273094990181503761e+01,2.088313089657109245e+01,7.524665832519531472e-01
6.668272956065484323e+02,1.044120397452265024e+03,4.070709991455078125e+01,1.333654591213096907e+01,2.088240794904530162e+01,8.141419982910156339e-01
6.971070953200687654e+02,1.044084279670612887e+03,4.302746582031250000e+01,1.394214190640137474e+01,2.088168559341225716e+01,8.605493164062499867e-01
7.273868942303815857e+02,1.044048191483132541e+03,4.555770111083984375e+01,1.454773788460763129e+01,2.088096382966265097e+01,9.111540222167968661e-01
7.576666923383018002e+02,1.044012132889591157e+03,4.512227630615234375e+01,1.515333384676603679e+01,2.088024265779182187e+01,9.024455261230468484e-01
7.879464896444114856e+02,1.043976103890920058e+03,4.541580200195312500e+01,1.575892979288822993e+01,2.087952207781840031e+01,9.083160400390625222e-01
8.182262861494091339e+02,1.043940104486187920e+03,4.284138488769531250e+01,1.636452572298818353e+01,2.087880208972375939e+01,8.568276977539062145e-01
8.485060818524798378e+02,1.043904134675627574e+03,4.034523010253906250e+01,1.697012163704959775e+01,2.087808269351255319e+01,8.069046020507812944e-01
8.787858767571742646e+02,1.043868194459239021e+03,3.779066085815429688e+01,1.757571753514348600e+01,2.087736388918478170e+01,7.558132171630859153e-01
9.090656708640744910e+02,1.043832283837487921e+03,3.364529800415039062e+01,1.818131341728149053e+01,2.087664567674976013e+01,6.729059600830078480e-01
9.393454641696880572e+02,1.043796402809442952e+03,3.177294731140136719e+01,1.878690928339376143e+01,2.087592805618885805e+01,6.354589462280273438e-01
9.696252566788461991e+02,1.043760551376035437e+03,2.720815467834472656e+01,1.939250513357692540e+01,2.087521102752070945e+01,5.441630935668945179e-01
9.999050483907922171e+02,1.043724729536799714e+03,2.468764877319335938e+01,1.999810096781584434e+01,2.087449459073599556e+01,4.937529754638672053e-01
1.030184839304827619e+03,1.043688937291968614e+03,1.977805137634277344e+01,2.060369678609655253e+01,2.087377874583937398e+01,3.955610275268554576e-01
1.060464629425783642e+03,1.043653174640843645e+03,1.629266548156738281e+01,2.120929258851567312e+01,2.087306349281687190e+01,3.258533096313476762e-01
1.090744418750167824e+03,1.043617441584123299e+03,1.306283664703369141e+01,2.181488837500335620e+01,2.087234883168246569e+01,2.612567329406738081e-01
1.121024207279959228e+03,1.043581738121807575e+03,1.422760772705078125e+01,2.242048414559918612e+01,2.087163476243615179e+01,2.845521545410156228e-01
1.151303995014459360e+03,1.043546064253430814e+03,1.360475158691406250e+01,2.302607990028918650e+01,2.087092128506861499e+01,2.720950317382812567e-01
1.181583781958499458e+03,1.043510419979924336e+03,1.898350334167480469e+01,2.363167563916999114e+01,2.087020839959848573e+01,3.796700668334960782e-01
3.337124629007303156e+02,1.013803817002102733e+03,6.240788650512695312e+01,6.674249258014606667e+00,2.027607634004205650e+01,1.248157730102539054e+00
3.639923015106469393e+02,1.013767374505288899e+03,6.086677169799804688e+01,7.279846030212938857e+00,2.027534749010577997e+01,1.217335433959960911e+00
3.942721393115352839e+02,1.013730961602181196e+03,5.612865447998046875e+01,7.885442786230705714e+00,2.027461923204362293e+01,1.122573089599609331e+00
4.245519763027550653e+02,1.013694578292779624e+03,4.722546005249023438e+01,8.491039526055100595e+00,2.027389156585559249e+01,9.445092010498047363e-01
4.548318124849465676e+02,1.013658224577084184e+03,4.273745727539062500e+01,9.096636249698931920e+00,2.027316449154168509e+01,8.547491455078125577e-01
4.851116478587500751e+02,1.013621900455094874e+03,3.971108627319335938e+01,9.702232957175001005e+00,2.027243800910189719e+01,7.942217254638671564e-01
5.153914824248058721e+02,1.013585605926346034e+03,3.802920150756835938e+01,1.030782964849611716e+01,2.027171211852692068e+01,7.605840301513672186e-01
5.456713161838124506e+02,1.013549340991768986e+03,3.516819381713867188e+01,1.091342632367624965e+01,2.027098681983537887e+01,7.033638763427734197e-01
5.759511491350131109e+02,1.013513105650432408e+03,3.815355682373046875e+01,1.151902298270026215e+01,2.027026211300864844e+01,7.630711364746094461e-01
6.062309812832390890e+02,1.013476899902801961e+03,4.113120651245117188e+01,1.212461962566478135e+01,2.026953799805604106e+01,8.226241302490234775e-01
6.365108126249979250e+02,1.013440723748644814e+03,4.063840866088867188e+01,1.273021625249995914e+01,2.026881447497289557e+01,8.127681732177735041e-01
6.667906431609299034e+02,1.013404577188193798e+03,4.024209594726562500e+01,1.333581286321859771e+01,2.026809154376387667e+01,8.048419189453125400e-01
6.970704728944692761e+02,1.013368460221681744e+03,4.025613021850585938e+01,1.394140945788938524e+01,2.026736920443363488e+01,8.051226043701171786e-01
7.273503018248593435e+02,1.013332372848410159e+03,3.987940979003906250e+01,1.454700603649718715e+01,2.026664745696820447e+01,7.975881958007812189e-01
7.576301299528568052e+02,1.013296315068611875e+03,4.249647521972656250e+01,1.515260259905713625e+01,2.026592630137223949e+01,8.499295043945312988e-01
7.879099572789855301e+02,1.013260286882752553e+03,4.376160812377929688e+01,1.575819914557971124e+01,2.026520573765505162e+01,8.752321624755859952e-01
8.181897838040022179e+02,1.013224288290366530e+03,3.922074890136718750e+01,1.636379567608004493e+01,2.026448576580733274e+01,7.844149780273437234e-01
8.484696095271501690e+02,1.013188319291453809e+03,3.776504898071289062e+01,1.696939219054300452e+01,2.026376638582907574e+01,7.553009796142577947e-01
8.787494344519218430e+02,1.013152379886247218e+03,3.914659881591796875e+01,1.757498868903843814e+01,2.026304759772494535e+01,7.829319763183594238e-01
9.090292585788411088e+02,1.013116470074513927e+03,3.368207931518554688e+01,1.818058517157682275e+01,2.026232940149028039e+01,6.736415863037109597e-01
9.393090819044737145e+02,1.013080589856486768e+03,3.257162475585937500e+01,1.878618163808947372e+01,2.026161179712973492e+01,6.514324951171874822e-01
9.695889044336508960e+02,1.013044739231932908e+03,2.979282379150390625e+01,1.939177808867301778e+01,2.026089478463865845e+01,5.958564758300781694e-01
9.998687261656159535e+02,1.013008918201085180e+03,3.062550354003906250e+01,1.999737452331232035e+01,2.026017836402170502e+01,6.125100708007812367e-01
1.030148547099728603e+03,1.012973126763710752e+03,2.785856628417968750e+01,2.060297094199457391e+01,2.025946253527421703e+01,5.571713256835937322e-01
1.060428367240703665e+03,1.012937364920042455e+03,2.169074630737304688e+01,2.120856734481407457e+01,2.025874729840084854e+01,4.338149261474609220e-01
1.090708186585048679e+03,1.012901632669614628e+03,2.010244369506835938e+01,2.181416373170097245e+01,2.025803265339229142e+01,4.020488739013671764e-01
1.120988005134859122e+03,1.012865930012892932e+03,1.744235992431640625e+01,2.241976010269718245e+01,2.025731860025785736e+01,3.488471984863281139e-01
1.151267822889378294e+03,1.012830256949644536e+03,1.268780517578125000e+01,2.302535645778756646e+01,2.025660513899289228e+01,2.537561035156249978e-01
1.181547639853437431e+03,1.012794613480102271e+03,1.096882247924804688e+01,2.363095279706874763e+01,2.025589226960204670e+01,2.193764495849609419e-01
1.211827456023544073e+03,1.012758999603567645e+03,1.245119571685791016e+01,2.423654912047088317e+01,2.025517999207135489e+01,2.490239143371582031e-01
3.033956116642802954e+02,9.831244595847092569e+02,6.464015960693359375e+01,6.067912233285605694e+00,1.966248919169418485e+01,1.292803192138672008e+00
3.336754811059799977e+02,9.830879883174784482e+02,6.877320861816406250e+01,6.673509622119600415e+00,1.966175976634956868e+01,1.375464172363281223e+00
3.639553497352753766e+02,9.830515466432552785e+02,7.171784973144531250e+01,7.279106994705507816e+00,1.966103093286510628e+01,1.434356994628906312e+00
3.942352175556006841e+02,9.830151345615740865e+02,6.801548767089843750e+01,7.884704351112014287e+00,1.966030269123148244e+01,1.360309753417968670e+00
4.245150845661992207e+02,9.829787520733661950e+02,6.193587112426757812e+01,8.490301691323985267e+00,1.965957504146732404e+01,1.238717422485351660e+00
4.547949507677694783e+02,9.829423991781659424e+02,5.752747344970703125e+01,9.095899015355389139e+00,1.965884798356331942e+01,1.150549468994140678e+00
4.850748161609517410e+02,9.829060758757404983e+02,5.429335784912109375e+01,9.701496323219034323e+00,1.965812151751481096e+01,1.085867156982421866e+00
5.153546807464445010e+02,9.828697821663226932e+02,4.179051971435546875e+01,1.030709361492889009e+01,1.965739564332645273e+01,8.358103942871093484e-01
5.456345445248298347e+02,9.828335180496796966e+02,3.227642440795898438e+01,1.091269089049659691e+01,1.965667036099359422e+01,6.455284881591797363e-01
5.759144074953510426e+02,9.827972835260443389e+02,3.406030273437500000e+01,1.151828814990702021e+01,1.965594567052088593e+01,6.812060546875000622e-01
6.061942696629557759e+02,9.827610785954166204e+02,3.794663238525390625e+01,1.212388539325911552e+01,1.965522157190833141e+01,7.589326477050781783e-01
6.364741310240933672e+02,9.827249032577965409e+02,3.894914627075195312e+01,1.272948262048186763e+01,1.965449806515593068e+01,7.789829254150391069e-01
6.667539915794041008e+02,9.826887575127184391e+02,3.820436096191406250e+01,1.333507983158808230e+01,1.965377515025436850e+01,7.640872192382812678e-01
6.970338513322640210e+02,9.826526413613464683e+02,3.443752288818359375e+01,1.394067702664528063e+01,1.965305282722692937e+01,6.887504577636719416e-01
7.273137102820910513e+02,9.826165548025164753e+02,3.275428390502929688e+01,1.454627420564182216e+01,1.965233109605032880e+01,6.550856781005859331e-01
7.575935684293508530e+02,9.825804978364612907e+02,3.994989776611328125e+01,1.515187136858701678e+01,1.965160995672922795e+01,7.989979553222656961e-01
7.878734257749165408e+02,9.825444704636465758e+02,4.246181488037109375e+01,1.575746851549833139e+01,1.965088940927293137e+01,8.492362976074219194e-01
8.181532823192537762e+02,9.825084726833738387e+02,4.210076141357421875e+01,1.636306564638507410e+01,1.965016945366747692e+01,8.420152282714843395e-01
8.484331380617222749e+02,9.824725044963415712e+02,3.894793319702148438e+01,1.696866276123444450e+01,1.964945008992683029e+01,7.789586639404296742e-01
8.787129930058144964e+02,9.824365659020841122e+02,3.390658187866210938e+01,1.757425986011628893e+01,1.964873131804168338e+01,6.781316375732422408e-01
9.089928471520543098e+02,9.824006569008342922e+02,3.385011672973632812e+01,1.817985694304108790e+01,1.964801313801668670e+01,6.770023345947265847e-01
9.392727004970074631e+02,9.823647774925921112e+02,3.384116363525390625e+01,1.878545400994014969e+01,1.964729554985184379e+01,6.768232727050781383e-01
9.695525530455051921e+02,9.823289276768919080e+02,3.466971969604492188e+01,1.939105106091010455e+01,1.964657855353783944e+01,6.933943939208984109e-01
9.998324047968490049e+02,9.822931074544321746e+02,3.350753784179687500e+01,1.999664809593697967e+01,1.964586214908864292e+01,6.701507568359375000e-01
1.030112255750223994e+03,9.822573168245144188e+02,3.143454551696777344e+01,2.060224511500447875e+01,1.964514633649028852e+01,6.286909103393555354e-01
1.060392105910519604e+03,9.822215557876043022e+02,2.372668075561523438e+01,2.120784211821039378e+01,1.964443111575208789e+01,4.745336151123046853e-01
1.090671955274185166e+03,9.821858243439346552e+02,1.998927497863769531e+01,2.181343910548370246e+01,1.964371648687869509e+01,3.997854995727538885e-01
1.120951803843316156e+03,9.821501224928069860e+02,1.350138282775878906e+01,2.241903607686632327e+01,1.964300244985614086e+01,2.700276565551757990e-01
1.151231651617097668e+03,9.821144502344541252e+02,7.248590946197509766e+00,2.302463303234195280e+01,1.964228900468908279e+01,1.449718189239501964e-01
1.181511498600477353e+03,9.820788075693417341e+02,4.721619606018066406e+00,2.363022997200954833e+01,1.964157615138683610e+01,9.443239212036133590e-02
1.211791344789846335e+03,9.820431944967713207e+02,5.564075469970703125e+00,2.423582689579692584e+01,1.964086388993542798e+01,1.112815093994140581e-01
1.242071190185903106e+03,9.820076110172085464e+02,8.066413879394531250e+00,2.484142380371806169e+01,1.964015222034417008e+01,1.613282775878906172e-01
2.427987993662245572e+02,9.524816603309009224e+02,6.220093917846679688e+01,4.855975987324491427e+00,1.904963320661801873e+01,1.244018783569335929e+00
2.730787004492594860e+02,9.524451307021081448e+02,6.404900360107421875e+01,5.461574008985190076e+00,1.904890261404216290e+01,1.280980072021484339e+00
3.033586007227422670e+02,9.524086306653916836e+02,7.048819732666015625e+01,6.067172014454845552e+00,1.904817261330783396e+01,1.409763946533203249e+00
3.336385001831222326e+02,9.523721602212172002e+02,7.626843261718750000e+01,6.672770003662444438e+00,1.904744320442434358e+01,1.525368652343749964e+00
3.639183988311560825e+02,9.523357193693518639e+02,7.632229614257812500e+01,7.278367976623122182e+00,1.904671438738703770e+01,1.526445922851562553e+00
3.941982966701616533e+02,9.522993081095628440e+02,7.206930541992187500e+01,7.883965933403232818e+00,1.904598616219125873e+01,1.441386108398437615e+00
4.244781936994404532e+02,9.522629264423158020e+02,7.146852874755859375e+01,8.489563873988808851e+00,1.904525852884631476e+01,1.429370574951171813e+00
4.547580899196909741e+02,9.522265743671450764e+02,6.504214477539062500e+01,9.095161798393819552e+00,1.904453148734290124e+01,1.300842895507812624e+00
4.850379853315535001e+02,9.521902518845163286e+02,5.686742401123046875e+01,9.700759706631069790e+00,1.904380503769032629e+01,1.137348480224609437e+00
5.153178799356683157e+02,9.521539589939638972e+02,4.705194473266601562e+01,1.030635759871336710e+01,1.904307917987927823e+01,9.410388946533203569e-01
5.455977737327339128e+02,9.521176956959534436e+02,3.481464385986328125e+01,1.091195547465467897e+01,1.904235391391906873e+01,6.962928771972656250e-01
5.758776667219935916e+02,9.520814619902521372e+02,2.995835494995117188e+01,1.151755333443987261e+01,1.904162923980504374e+01,5.991670989990234286e-01
6.061575589082785882e+02,9.520452578763943166e+02,3.071664428710937500e+01,1.212315117816557120e+01,1.904090515752788804e+01,6.143328857421874734e-01
6.364374502880382352e+02,9.520090833550784737e+02,3.148385620117187500e+01,1.272874900576076485e+01,1.904018166710157089e+01,6.296771240234375622e-01
6.667173408619710244e+02,9.519729384260717779e+02,3.200501251220703125e+01,1.333434681723942106e+01,1.903945876852143471e+01,6.401002502441406339e-01
6.969972306335112080e+02,9.519368230893742293e+02,2.823110580444335938e+01,1.393994461267022444e+01,1.903873646178748658e+01,5.646221160888672541e-01
7.272771196019602939e+02,9.519007373447529972e+02,2.952818489074707031e+01,1.454554239203920574e+01,1.903801474689506179e+01,5.905636978149414462e-01
7.575570077679003589e+02,9.518646811926737428e+02,3.387009429931640625e+01,1.515114015535800718e+01,1.903729362385347557e+01,6.774018859863281117e-01
7.878368951320881024e+02,9.518286546326708049e+02,3.724361419677734375e+01,1.575673790264176155e+01,1.903657309265341624e+01,7.448722839355469416e-01
8.181167816950473934e+02,9.517926576649770141e+02,3.758066558837890625e+01,1.636233563390094758e+01,1.903585315329954142e+01,7.516133117675781738e-01
8.483966674561961554e+02,9.517566902893595397e+02,3.611196136474609375e+01,1.696793334912392481e+01,1.903513380578718994e+01,7.222392272949218484e-01
8.786765524188522249e+02,9.517207525062840432e+02,3.384116363525390625e+01,1.757353104837704549e+01,1.903441505012568058e+01,6.768232727050781383e-01
9.089564365837723017e+02,9.516848443152848631e+02,3.384116363525390625e+01,1.817912873167544774e+01,1.903369688630569811e+01,6.768232727050781383e-01
9.392363199473475106e+02,9.516489657163619995e+02,3.450438308715820312e+01,1.878472639894695106e+01,1.903297931432723900e+01,6.900876617431640492e-01
9.695162025144672953e+02,9.516131167099811137e+02,3.702405166625976562e+01,1.939032405028934747e+01,1.903226233419962199e+01,7.404810333251953258e-01
9.997960842843749560e+02,9.515772972956765443e+02,3.056671905517578125e+01,1.999592168568749884e+01,1.903154594591353188e+01,6.113343811035156783e-01
1.030075965256372001e+03,9.515415074739139527e+02,2.944562149047851562e+01,2.060151930512743945e+01,1.903083014947828033e+01,5.889124298095703702e-01
1.060355845435289666e+03,9.515057472437620163e+02,2.536053085327148438e+01,2.120711690870579247e+01,1.903011494487524047e+01,5.072106170654296919e-01
1.090635724817519076e+03,9.514700166061520576e+02,2.011021423339843750e+01,2.181271449635038095e+01,1.902940033212304272e+01,4.022042846679687589e-01
1.120915603405213915e+03,9.514343155610840768e+02,9.886046409606933594e+00,2.241831206810427801e+01,1.902868631122168352e+01,1.977209281921386841e-01
1.151195481197617482e+03,9.513986441076267511e+02,4.181569099426269531e+00,2.302390962395234908e+01,1.902797288215253602e+01,8.363138198852539118e-02
1.181475358199561015e+03,9.513630022469442338e+02,3.335817813873291016e+00,2.362950716399122086e+01,1.902726004493888468e+01,6.671635627746581865e-02
1.211755234407552052e+03,9.513273899778723717e+02,3.908735275268554688e+00,2.423510468815103991e+01,1.902654779955744857e+01,7.817470550537108931e-02
1.242035109822172672e+03,9.512918073011096567e+02,4.699463367462158203e+00,2.484070219644345556e+01,1.902583614602219342e+01,9.398926734924316351e-02
1.272314984446915332e+03,9.512562542168889195e+02,3.214975118637084961e+00,2.544629968893830707e+01,1.902512508433778038e+01,6.429950237274170699e-02
2.124817973458557390e+02,9.218023887481540442e+02,6.769304656982421875e+01,4.249635946917114993e+00,1.843604777496308245e+01,1.353860931396484446e+00
2.427617292613140307e+02,9.217658303522039205e+02,7.101859283447265625e+01,4.855234585226281041e+00,1.843531660704407926e+01,1.420371856689453205e+00
2.730416603623307310e+02,9.217293015476316214e+02,7.053723907470703125e+01,5.460833207246614585e+00,1.843458603095263371e+01,1.410744781494140732e+00
3.033215906537952833e+02,9.216928023344371468e+02,7.478569793701171875e+01,6.066431813075905843e+00,1.843385604668874223e+01,1.495713958740234384e+00
3.336015201322152279e+02,9.216563327133189887e+02,8.050087738037109375e+01,6.672030402644304914e+00,1.843312665426638119e+01,1.610017547607421884e+00
3.638814487981726415e+02,9.216198926838114858e+02,8.267423248291015625e+01,7.277628975963453151e+00,1.843239785367623185e+01,1.653484649658203187e+00
3.941613766552181914e+02,9.215834822456818074e+02,8.154367065429687500e+01,7.883227533104363971e+00,1.843166964491363657e+01,1.630873413085937473e+00
4.244413037024787627e+02,9.215471013993956149e+02,7.860881805419921875e+01,8.488826074049574899e+00,1.843094202798791414e+01,1.572176361083984508e+00
4.547212299407110550e+02,9.215107501444872469e+02,7.106007385253906250e+01,9.094424598814221383e+00,1.843021500288974579e+01,1.421201477050781259e+00
4.850011553705553524e+02,9.214744284821208566e+02,6.493830871582031250e+01,9.700023107411107404e+00,1.842948856964241600e+01,1.298766174316406286e+00
5.152810799926519394e+02,9.214381364104337990e+02,5.343507003784179688e+01,1.030562159985303872e+01,1.842876272820867811e+01,1.068701400756836062e+00
5.455610038076411001e+02,9.214018739305902272e+02,4.093322372436523438e+01,1.091122007615282286e+01,1.842803747861180597e+01,8.186644744873047275e-01
5.758409268148825504e+02,9.213656410423573107e+02,3.318185806274414062e+01,1.151681853629765051e+01,1.842731282084714550e+01,6.636371612548828125e-01
6.061208490190911107e+02,9.213294377459678799e+02,2.329245185852050781e+01,1.212241698038182314e+01,1.842658875491935788e+01,4.658490371704101518e-01
6.364007704168325290e+02,9.212932640409562737e+02,2.156672859191894531e+01,1.272801540833665079e+01,1.842586528081912434e+01,4.313345718383789218e-01
6.666806910086888820e+02,9.212571199275553226e+02,2.498000907897949219e+01,1.333361382017377750e+01,1.842514239855110603e+01,4.996001815795898526e-01
6.969606107982108369e+02,9.212210054059978575e+02,2.916366958618164062e+01,1.393921221596421667e+01,1.842442010811995701e+01,5.832733917236327947e-01
7.272405297845834866e+02,9.211849204755853862e+02,2.375796318054199219e+01,1.454481059569167023e+01,1.842369840951170801e+01,4.751592636108398771e-01
7.575204479684471153e+02,9.211488651370164007e+02,2.467047691345214844e+01,1.515040895936894216e+01,1.842297730274032830e+01,4.934095382690429910e-01
7.878003653505584225e+02,9.211128393900580704e+02,3.004192733764648438e+01,1.575600730701116881e+01,1.842225678780116027e+01,6.008385467529296919e-01
8.180802819314412773e+02,9.210768432347103953e+02,3.409331130981445312e+01,1.636160563862882711e+01,1.842153686469420748e+01,6.818662261962891158e-01
8.483601977105136029e+02,9.210408766709733754e+02,3.591853713989257812e+01,1.696720395421027305e+01,1.842081753341946637e+01,7.183707427978516247e-01
8.786401126910932362e+02,9.210049396988470107e+02,3.522794723510742188e+01,1.757280225382186600e+01,1.842009879397694050e+01,7.045589447021484153e-01
9.089200268738786690e+02,9.209690323183313012e+02,3.491077041625976562e+01,1.817840053747757523e+01,1.841938064636662631e+01,6.982154083251953525e-01
9.391999402553774416e+02,9.209331545291934162e+02,3.558722686767578125e+01,1.878399880510755082e+01,1.841866309058386975e+01,7.117445373535156161e-01
9.694798528404207900e+02,9.208973063316661865e+02,3.503236389160156250e+01,1.938959705680841594e+01,1.841794612663332487e+01,7.006472778320312900e-01
9.997597646282520145e+02,9.208614877257496119e+02,3.157602691650390625e+01,1.999519529256503958e+01,1.841722975451499167e+01,6.315205383300781516e-01
1.030039675618172623e+03,9.208256987114436924e+02,3.079567527770996094e+01,2.060079351236345246e+01,1.841651397422887371e+01,6.159135055541992143e-01
1.060319585814955644e+03,9.207899392885155976e+02,2.865737342834472656e+01,2.120639171629911246e+01,1.841579878577031337e+01,5.731474685668945801e-01
1.090599495215108618e+03,9.207542094574309886e+02,1.880994033813476562e+01,2.181198990430217322e+01,1.841508418914861878e+01,3.761988067626953480e-01
1.120879403820668813e+03,9.207185092177242041e+02,8.542173385620117188e+00,2.241758807641337725e+01,1.841437018435448536e+01,1.708434677124023582e-01
1.151159311630995944e+03,9.206828385693952441e+02,4.757726192474365234e+00,2.302318623261992059e+01,1.841365677138790602e+01,9.515452384948730469e-02
1.181439218650804833e+03,9.206471975129097700e+02,2.620038509368896484e+00,2.362878437301609580e+01,1.841294395025819597e+01,5.240077018737793191e-02
1.211719124876603018e+03,9.206115860475692898e+02,2.184566497802734375e+00,2.423438249753206009e+01,1.841223172095138594e+01,4.369132995605468778e-02
1.241999030309147201e+03,9.205760041740722954e+02,2.112655162811279297e+00,2.483998060618294446e+01,1.841152008348144520e+01,4.225310325622558955e-02
1.272278934951697011e+03,9.205404518921859562e+02,1.863160252571105957e+00,2.544557869903394121e+01,1.841080903784371969e+01,3.726320505142211720e-02
1.821647353512817062e+02,8.911231456955429167e+02,6.171043014526367188e+01,3.643294707025634072e+00,1.782246291391085791e+01,1.234208602905273455e+00
2.124446980976499617e+02,8.910865585329011083e+02,6.697473144531250000e+01,4.248893961952999732e+00,1.782173117065802259e+01,1.339494628906249929e+00
2.427246600303915329e+02,8.910500009618699551e+02,7.135314178466796875e+01,4.854493200607830516e+00,1.782100001923739896e+01,1.427062835693359455e+00
2.730046211487497203e+02,8.910134729819837958e+02,7.473919677734375000e+01,5.460092422974994086e+00,1.782026945963967535e+01,1.494783935546875053e+00
3.032845814574975520e+02,8.909769745927769691e+02,8.188534545898437500e+01,6.065691629149950970e+00,1.781953949185554009e+01,1.637706909179687642e+00
3.335645409532007761e+02,8.909405057944823056e+02,8.942004394531250000e+01,6.671290819064015665e+00,1.781881011588964725e+01,1.788400878906249991e+00
3.638444996364414692e+02,8.909040665873326361e+02,9.403576660156250000e+01,7.276889992728829526e+00,1.781808133174665443e+01,1.880715332031249964e+00
3.941244575107702985e+02,8.908676569708622992e+02,9.328498840332031250e+01,7.882489150215405971e+00,1.781735313941724641e+01,1.865699768066406250e+00
4.244044145753141493e+02,8.908312769457697868e+02,8.782211303710937500e+01,8.488088291506283412e+00,1.781662553891539602e+01,1.756442260742187456e+00
4.546843708307715133e+02,8.907949265113566071e+02,8.116339874267578125e+01,9.093687416615431118e+00,1.781589853022713399e+01,1.623267974853515705e+00
4.849643262778990902e+02,8.907586056680884212e+02,7.059026336669921875e+01,9.699286525557981875e+00,1.781517211336176842e+01,1.411805267333984482e+00
5.152442809172789566e+02,8.907223144154995680e+02,5.851700210571289062e+01,1.030488561834557970e+01,1.781444628830999122e+01,1.170340042114257795e+00
5.455242347494931892e+02,8.906860527542885393e+02,4.404829025268554688e+01,1.091048469498986329e+01,1.781372105508577164e+01,8.809658050537109153e-01
5.758041877739597112e+02,8.906498206837568432e+02,3.764956283569335938e+01,1.151608375547919394e+01,1.781299641367513686e+01,7.529912567138672408e-01
6.060841399954515509e+02,8.906136182041373104e+02,2.480602455139160156e+01,1.212168279990903130e+01,1.781227236408274806e+01,4.961204910278320668e-01
6.363640914104180411e+02,8.905774453158956021e+02,2.112944602966308594e+01,1.272728182820836196e+01,1.781154890631791332e+01,4.225889205932617521e-01
6.666440420195576735e+02,8.905413020181003958e+02,2.295781326293945312e+01,1.333288084039115340e+01,1.781082604036200934e+01,4.591562652587890536e-01
6.969239918263047002e+02,8.905051883112173527e+02,2.374513435363769531e+01,1.393847983652609379e+01,1.781010376622434777e+01,4.749026870727539040e-01
7.272039408299024217e+02,8.904691041954793036e+02,1.748778152465820312e+01,1.454407881659804858e+01,1.780938208390958621e+01,3.497556304931640492e-01
7.574838890309911221e+02,8.904330496706534177e+02,1.698961067199707031e+01,1.514967778061982351e+01,1.780866099341306708e+01,3.397922134399414262e-01
7.877638364303275011e+02,8.903970247369725257e+02,2.336352920532226562e+01,1.575527672860654960e+01,1.780794049473945151e+01,4.672705841064453414e-01
8.180437830284936354e+02,8.903610293937381357e+02,2.913069152832031250e+01,1.636087566056987441e+01,1.780722058787476314e+01,5.826138305664062544e-01
8.483237288247328252e+02,8.903250636416487396e+02,3.330429840087890625e+01,1.696647457649465807e+01,1.780650127283297479e+01,6.660859680175781339e-01
8.786036738225375302e+02,8.902891274804715067e+02,3.373028564453125000e+01,1.757207347645075046e+01,1.780578254960942886e+01,6.746057128906249867e-01
9.088836180225480348e+02,8.902532209102064371e+02,3.240550231933593750e+01,1.817767236045096269e+01,1.780506441820412888e+01,6.481100463867187633e-01
9.391635614212718792e+02,8.902173439308535308e+02,3.271712493896484375e+01,1.878327122842543773e+01,1.780434687861707133e+01,6.543424987792968439e-01
9.694435040234820917e+02,8.901814965424127877e+02,3.371601486206054688e+01,1.938887008046964056e+01,1.780362993084825618e+01,6.743202972412108975e-01
9.997234458284801804e+02,8.901456787448842078e+02,3.099430274963378906e+01,1.999446891656960545e+01,1.780291357489768345e+01,6.198860549926757946e-01
1.030003386835567653e+03,8.901098905382677913e+02,2.954834175109863281e+01,2.060006773671135250e+01,1.780219781076535668e+01,5.909668350219726696e-01
1.060283327049517538e+03,8.900741319223307073e+02,2.730358695983886719e+01,2.120566654099035020e+01,1.780148263844661471e+01,5.460717391967773171e-01
1.090563266466895584e+03,8.900384028973057866e+02,2.247267150878906250e+01,2.181126532933791040e+01,1.780076805794611516e+01,4.494534301757812655e-01
1.120843205089680851e+03,8.900027034634258598e+02,1.014115238189697266e+01,2.241686410179361744e+01,1.780005406926851919e+01,2.028230476379394576e-01
1.151123142917116638e+03,8.899670336202252656e+02,3.658107519149780273e+00,2.302246285834233319e+01,1.779934067240450446e+01,7.316215038299560269e-02
1.181403079954092391e+03,8.899313933679368347e+02,2.013453483581542969e+00,2.362806159908184966e+01,1.779862786735873570e+01,4.026906967163085965e-02
1.211683016197057441e+03,8.898957827063277364e+02,1.637515068054199219e+00,2.423366032394114811e+01,1.779791565412655530e+01,3.275030136108398465e-02
1.241962951646768488e+03,8.898602016358636320e+02,1.712163209915161133e+00,2.483925903293537019e+01,1.779720403271727136e+01,3.424326419830322349e-02
1.272242886306485161e+03,8.898246501563116908e+02,1.766797184944152832e+00,2.544485772612970464e+01,1.779649300312623339e+01,3.533594369888305720e-02
1.302522820175625384e+03,8.897891282674390823e+02,1.620932340621948242e+00,2.605045640351250924e+01,1.779578256534878378e+01,3.241864681243896568e-02
1.518476133852964267e+02,8.604439311691094190e+02,6.007162094116210938e+01,3.036952267705928410e+00,1.720887862338218710e+01,1.201432418823242143e+00
1.821276069612358697e+02,8.604073152425698936e+02,6.074947738647460938e+01,3.642552139224717322e+00,1.720814630485139674e+01,1.214989547729492303e+00
2.124075997242471203e+02,8.603707289060112089e+02,6.652484130859375000e+01,4.248151994484942406e+00,1.720741457812022546e+01,1.330496826171875036e+00
2.426875916735734791e+02,8.603341721598990262e+02,7.319213867187500000e+01,4.853751833471469546e+00,1.720668344319798138e+01,1.463842773437500133e+00
2.729675828084582463e+02,8.602976450040005147e+02,8.349543762207031250e+01,5.459351656169165068e+00,1.720595290008001044e+01,1.669908752441406241e+00
3.032475731338490732e+02,8.602611474387813359e+02,8.906452178955078125e+01,6.064951462676981819e+00,1.720522294877562786e+01,1.781290435791015758e+00
3.335275626460788772e+02,8.602246794633101672e+02,9.572823333740234375e+01,6.670551252921577579e+00,1.720449358926620320e+01,1.914564666748046928e+00
3.638075513459043577e+02,8.601882410785183311e+02,1.008313140869140625e+02,7.276151026918086906e+00,1.720376482157036691e+01,2.016626281738281179e+00
3.940875392367597669e+02,8.601518322839401662e+02,1.012751159667968750e+02,7.881750784735195303e+00,1.720303664567880375e+01,2.025502319335937607e+00
4.243675263178884052e+02,8.601154530798085034e+02,9.833999633789062500e+01,8.487350526357769098e+00,1.720230906159617135e+01,1.966799926757812456e+00
4.546475125899887644e+02,8.600791034658905119e+02,8.756316375732421875e+01,9.092950251799775785e+00,1.720158206931781208e+01,1.751263275146484499e+00
4.849274980536429211e+02,8.600427834421861917e+02,7.513789367675781250e+01,9.698549961072858494e+00,1.720085566884372597e+01,1.502757873535156330e+00
5.152074827095493674e+02,8.600064930089283735e+02,6.202659225463867188e+01,1.030414965419098827e+01,1.720012986017856704e+01,1.240531845092773366e+00
5.454874665583483875e+02,8.599702321656513959e+02,4.732274627685546875e+01,1.090974933116696732e+01,1.719940464331302721e+01,9.464549255371094150e-01
5.757674495993414894e+02,8.599340009132865816e+02,3.312801361083984375e+01,1.151534899198682993e+01,1.719868001826573334e+01,6.625602722167969194e-01
6.060474318373599090e+02,8.598977992506697774e+02,2.216893386840820312e+01,1.212094863674719925e+01,1.719795598501339740e+01,4.433786773681640536e-01
6.363274132688529789e+02,8.598616271784994751e+02,1.876727676391601562e+01,1.272654826537706008e+01,1.719723254356998865e+01,3.753455352783203192e-01
6.666073938945773989e+02,8.598254846965428442e+02,1.901769447326660156e+01,1.333214787789154876e+01,1.719650969393085660e+01,3.803538894653320512e-01
6.968873737178510055e+02,8.597893718045670539e+02,1.743992424011230469e+01,1.393774747435702110e+01,1.719578743609134008e+01,3.487984848022461226e-01
7.271673527379170991e+02,8.597532885035034269e+02,1.563251113891601562e+01,1.454334705475834255e+01,1.719506577007006953e+01,3.126502227783203303e-01
7.574473309555905871e+02,8.597172347919549793e+02,1.644268798828125000e+01,1.514894661911181117e+01,1.719434469583909930e+01,3.288537597656250311e-01
7.877273083713953383e+02,8.596812106713186949e+02,2.095685768127441406e+01,1.575454616742790748e+01,1.719362421342637504e+01,4.191371536254883123e-01
8.180072849860880524e+02,8.596452161404304206e+02,2.479609107971191406e+01,1.636014569972176247e+01,1.719290432280860870e+01,4.959218215942383101e-01
8.482872607988538221e+02,8.596092512002214789e+02,2.459083175659179688e+01,1.696574521597707630e+01,1.719218502400443072e+01,4.918166351318359331e-01
8.785672358131268993e+02,8.595733158502262086e+02,2.454822349548339844e+01,1.757134471626253713e+01,1.719146631700452588e+01,4.909644699096679665e-01
9.088472100296639837e+02,8.595374100902117789e+02,2.509712028503417969e+01,1.817694420059327953e+01,1.719074820180423657e+01,5.019424057006836026e-01
9.391271834448562004e+02,8.595015339204110205e+02,2.915429115295410156e+01,1.878254366889712301e+01,1.719003067840822041e+01,5.830858230590820757e-01
9.694071560635347851e+02,8.594656873410567641e+02,3.192303085327148438e+01,1.938814312127069783e+01,1.718931374682113500e+01,6.384606170654296697e-01
9.996871278850594535e+02,8.594298703516833484e+02,3.093912124633789062e+01,1.999374255770118936e+01,1.718859740703366867e+01,6.187824249267578347e-01
1.029967098908615299e+03,8.593940829527564347e+02,2.994044303894042969e+01,2.059934197817230483e+01,1.718788165905512955e+01,5.988088607788085715e-01
1.060247069139091764e+03,8.593583251440431923e+02,2.494599914550781250e+01,2.120494138278183627e+01,1.718716650288086356e+01,4.989199829101562678e-01
1.090527038572879974e+03,8.593225969253107905e+02,2.142547035217285156e+01,2.181054077145759962e+01,1.718645193850621666e+01,4.285094070434570246e-01
1.120807007212133612e+03,8.592868982972577214e+02,1.366824531555175781e+01,2.241614014424267154e+01,1.718573796594515457e+01,2.733649063110351607e-01
1.151086975056095980e+03,8.592512292589526623e+02,5.722874164581298828e+00,2.302173950112192102e+01,1.718502458517905396e+01,1.144574832916259721e-01
1.181366942109540105e+03,8.592155898108612746e+02,2.829466342926025391e+00,2.362733884219080238e+01,1.718431179621722649e+01,5.658932685852050698e-02
1.211646908368973527e+03,8.591799799529835582e+02,2.192483901977539062e+00,2.423293816737947282e+01,1.718359959905967216e+01,4.384967803955078236e-02
1.241926873835094739e+03,8.591443996855523437e+02,1.637515068054199219e+00,2.483853747670189449e+01,1.718288799371104858e+01,3.275030136108398465e-02
1.272206838511279784e+03,8.591088490081019700e+02,1.637515068054199219e+00,2.544413677022559739e+01,1.718217698016204054e+01,3.275030136108398465e-02
1.302486802396888379e+03,8.590733279208652675e+02,1.863307356834411621e+00,2.604973604793776687e+01,1.718146655841730563e+01,3.726614713668823659e-02
1.215304314452223480e+02,8.297647451688535511e+02,5.788035964965820312e+01,2.430608628904447066e+00,1.659529490337707003e+01,1.157607192993164169e+00
1.518104558548075147e+02,8.297281004788819700e+02,5.718635177612304688e+01,3.036209117096150489e+00,1.659456200957763983e+01,1.143727035522460911e+00
1.820904794466914609e+02,8.296914853784255683e+02,5.951295852661132812e+01,3.641809588933829112e+00,1.659382970756850995e+01,1.190259170532226518e+00
2.123705022255307995e+02,8.296548998677171767e+02,6.781258392333984375e+01,4.247410044510615990e+00,1.659309799735434510e+01,1.356251678466796839e+00
2.426505241907434538e+02,8.296183439467567950e+02,7.378499603271484375e+01,4.853010483814869325e+00,1.659236687893513462e+01,1.475699920654296893e+00
2.729305453415727243e+02,8.295818176150787622e+02,8.047737884521484375e+01,5.458610906831454557e+00,1.659163635230157396e+01,1.609547576904296839e+00
3.032105656827916391e+02,8.295453208736144006e+02,8.946209716796875000e+01,6.064211313655833102e+00,1.659090641747229000e+01,1.789241943359375142e+00
3.334905852109077387e+02,8.295088537216652185e+02,9.627293395996093750e+01,6.669811704218155057e+00,1.659017707443330636e+01,1.925458679199218759e+00
3.637706039266195148e+02,8.294724161589983851e+02,9.189835357666015625e+01,7.275412078532390581e+00,1.658944832317996898e+01,1.837967071533203267e+00
3.940506218333030120e+02,8.294360081860795617e+02,9.426750946044921875e+01,7.881012436666060772e+00,1.658872016372159308e+01,1.885350189208984339e+00
4.243306389303179458e+02,8.293996298029087484e+02,8.774465179443359375e+01,8.486612778606358987e+00,1.658799259605817511e+01,1.754893035888671848e+00
4.546106552182463929e+02,8.293632810094859451e+02,7.898870086669921875e+01,9.092213104364928355e+00,1.658726562018971862e+01,1.579774017333984482e+00
4.848906706977286376e+02,8.293269618055783212e+02,6.827967071533203125e+01,9.697813413954573747e+00,1.658653923611156600e+01,1.365593414306640607e+00
5.151706853694631718e+02,8.292906721911858767e+02,6.191660690307617188e+01,1.030341370738926443e+01,1.658581344382371725e+01,1.238332138061523535e+00
5.454506992341484874e+02,8.292544121663086116e+02,4.962203216552734375e+01,1.090901398468296968e+01,1.658508824332617237e+01,9.924406433105469327e-01
5.757307122909696773e+02,8.292181817314121872e+02,4.150425338745117188e+01,1.151461424581939319e+01,1.658436363462824303e+01,8.300850677490234641e-01
6.060107245448743924e+02,8.291819808857981116e+02,2.871362495422363281e+01,1.212021449089748870e+01,1.658363961771596351e+01,5.742724990844726429e-01
6.362907359921955504e+02,8.291458096301648766e+02,2.063195037841796875e+01,1.272581471984391044e+01,1.658291619260329952e+01,4.126390075683593617e-01
6.665707466336898506e+02,8.291096679638139904e+02,1.600488853454589844e+01,1.333141493267379651e+01,1.658219335927628180e+01,3.200977706909179932e-01
6.968507564727915451e+02,8.290735558869782835e+02,1.532403564453125000e+01,1.393701512945583154e+01,1.658147111773956439e+01,3.064807128906250067e-01
7.271307655086857267e+02,8.290374734003562480e+02,9.564255714416503906e+00,1.454261531017371567e+01,1.658074946800712368e+01,1.912851142883300881e-01
7.574107737421290949e+02,8.290014205025509000e+02,1.095320320129394531e+01,1.514821547484258168e+01,1.658002841005101757e+01,2.190640640258789129e-01
7.876907811737619340e+02,8.289653971947263926e+02,1.759407997131347656e+01,1.575381562347523889e+01,1.657930794389452700e+01,3.518815994262695646e-01
8.179707878042245284e+02,8.289294034764170647e+02,1.993519592285156250e+01,1.635941575608449128e+01,1.657858806952834030e+01,3.987039184570312367e-01
8.482507936328183860e+02,8.288934393478557467e+02,2.069987106323242188e+01,1.696501587265636957e+01,1.657786878695711508e+01,4.139974212646484464e-01
8.785307986629195511e+02,8.288575048088096082e+02,2.217136573791503906e+01,1.757061597325839131e+01,1.657715009617619373e+01,4.434273147583007724e-01
9.088108028952265158e+02,8.288215998592786491e+02,2.466367912292480469e+01,1.817621605790452932e+01,1.657643199718557270e+01,4.932735824584961182e-01
9.390908063261886127e+02,8.287857244990300387e+02,2.816419029235839844e+01,1.878181612652377197e+01,1.657571448998060148e+01,5.632838058471679732e-01
9.693708089606952854e+02,8.287498787287622690e+02,3.198856735229492188e+01,1.938741617921390770e+01,1.657499757457524581e+01,6.397713470458984419e-01
9.996508107979898341e+02,8.287140625477768481e+02,3.210274505615234375e+01,1.999301621595979839e+01,1.657428125095553639e+01,6.420549011230468617e-01
1.029930811837315559e+03,8.286782759565394372e+02,2.916692924499511719e+01,2.059861623674631304e+01,1.657356551913078846e+01,5.833385848999023127e-01
1.060210812083561905e+03,8.286425189545843750e+02,2.468134117126464844e+01,2.120421624167124008e+01,1.657285037909168679e+01,4.936268234252929599e-01
1.090490811533119995e+03,8.286067915423773229e+02,2.052439880371093750e+01,2.180981623066239905e+01,1.657213583084754660e+01,4.104879760742187744e-01
1.120770810188143514e+03,8.285710937199182808e+02,1.432194328308105469e+01,2.241541620376287014e+01,1.657142187439836434e+01,2.864388656616210782e-01
1.151050808047817554e+03,8.285354254865087569e+02,9.913511276245117188e+00,2.302101616095634995e+01,1.657070850973017428e+01,1.982702255249023382e-01
1.181330805117031559e+03,8.284997868428472430e+02,5.238570213317871094e+00,2.362661610234063048e+01,1.656999573685694571e+01,1.047714042663574208e-01
1.211610801392234862e+03,8.284641777889337391e+02,2.599324226379394531e+00,2.423221602784469653e+01,1.656928355577867507e+01,5.198648452758788951e-02
1.241890796874067746e+03,8.284285983245354146e+02,2.469469785690307617e+00,2.483781593748135563e+01,1.656857196649070829e+01,4.938939571380615567e-02
1.272170791566022672e+03,8.283930484494194388e+02,3.458993911743164062e+00,2.544341583132045415e+01,1.656786096898838778e+01,6.917987823486328181e-02
1.302450785467401147e+03,8.283575281640514731e+02,2.735858917236328125e+00,2.604901570934802280e+01,1.656715056328102875e+01,5.471717834472656500e-02
1.332730778578727040e+03,8.283220374679658562e+02,1.687560558319091797e+00,2.665461557157454209e+01,1.656644074935931599e+01,3.375121116638183510e-02
1.214932447757455520e+02,7.990489142399746925e+02,5.591231918334960938e+01,2.429864895514910916e+00,1.598097828479949456e+01,1.118246383666992250e+00
1.517732992005185224e+02,7.990122703767847270e+02,5.591231918334960938e+01,3.035465984010370377e+00,1.598024540753569411e+01,1.118246383666992250e+00
1.820533528075320646e+02,7.989756561028771102e+02,5.709667205810546875e+01,3.641067056150641523e+00,1.597951312205754171e+01,1.141933441162109375e+00
2.123334056016174145e+02,7.989390714175533503e+02,6.479612731933593750e+01,4.246668112032348397e+00,1.597878142835106807e+01,1.295922546386718777e+00
2.426134575819596648e+02,7.989025163215119392e+02,6.903084564208984375e+01,4.852269151639193367e+00,1.597805032643023893e+01,1.380616912841796884e+00
2.728935087479767390e+02,7.988659908145200461e+02,7.700743865966796875e+01,5.457870174959534637e+00,1.597731981629040199e+01,1.540148773193359411e+00
3.031735591043252498e+02,7.988294948963448405e+02,8.428939819335937500e+01,6.063471182086504818e+00,1.597658989792689788e+01,1.685787963867187544e+00
3.334536086476291530e+02,7.987930285676848143e+02,8.679872131347656250e+01,6.669072172952582811e+00,1.597586057135369586e+01,1.735974426269531357e+00
3.637336573785287328e+02,7.987565918273758143e+02,8.743811035156250000e+01,7.274673147570574372e+00,1.597513183654751678e+01,1.748762207031250071e+00
3.940137053004000336e+02,7.987201846761163324e+02,7.740201568603515625e+01,7.880274106008000601e+00,1.597440369352232636e+01,1.548040313720703054e+00
4.242937524125445634e+02,7.986838071141391993e+02,7.241212463378906250e+01,8.485875048250891339e+00,1.597367614228278399e+01,1.448242492675781312e+00
4.545737987156026065e+02,7.986474591409787536e+02,6.906054687500000000e+01,9.091475974312052344e+00,1.597294918281957621e+01,1.381210937500000124e+00
4.848538442102144472e+02,7.986111407568678260e+02,6.502388000488281250e+01,9.697076884204289371e+00,1.597222281513735709e+01,1.300477600097656339e+00
5.151338888971367851e+02,7.985748519615735859e+02,6.254798889160156250e+01,1.030267777794273520e+01,1.597149703923147257e+01,1.250959777832031383e+00
5.454139327768934891e+02,7.985385927553288639e+02,4.721607208251953125e+01,1.090827865553787035e+01,1.597077185510657849e+01,9.443214416503906694e-01
5.756939758489024825e+02,7.985023631376679987e+02,4.355463790893554688e+01,1.151387951697804901e+01,1.597004726275335962e+01,8.710927581787109020e-01
6.059740181178785861e+02,7.984661631095223129e+02,3.839326095581054688e+01,1.211948036235757264e+01,1.596932326219044640e+01,7.678652191162109730e-01
6.362540595803293400e+02,7.984299926699604839e+02,2.496862792968750000e+01,1.272508119160658779e+01,1.596859985339921018e+01,4.993725585937500155e-01
6.665341002369532362e+02,7.983938518194481730e+02,1.594679069519042969e+01,1.333068200473906550e+01,1.596787703638896438e+01,3.189358139038085960e-01
6.968141400911263190e+02,7.983577405577525496e+02,8.861518859863281250e+00,1.393628280182252688e+01,1.596715481115505142e+01,1.772303771972656150e-01
7.270941791421500966e+02,7.983216588853392750e+02,6.561551094055175781e+00,1.454188358284300264e+01,1.596643317770678649e+01,1.312310218811035267e-01
7.573742173907230608e+02,7.982856068012770265e+02,8.473988533020019531e+00,1.514748434781446207e+01,1.596571213602554096e+01,1.694797706604004028e-01
7.876542548374854960e+02,7.982495843064971268e+02,1.617908477783203125e+01,1.575308509674971091e+01,1.596499168612994346e+01,3.235816955566406250e-01
8.179342914830194786e+02,7.982135914007667452e+02,1.916311264038085938e+01,1.635868582966039142e+01,1.596427182801533462e+01,3.832622528076172208e-01
8.482143273266847245e+02,7.981776280838530511e+02,2.046438407897949219e+01,1.696428654653369605e+01,1.596355256167706216e+01,4.092876815795898349e-01
8.784943623718572780e+02,7.981416943552903831e+02,1.907674789428710938e+01,1.756988724743714769e+01,1.596283388710580731e+01,3.815349578857422097e-01
9.087743966192356311e+02,7.981057902162428945e+02,2.234756278991699219e+01,1.817548793238471205e+01,1.596211580432485810e+01,4.469512557983398304e-01
9.390544300653273240e+02,7.980699156662449241e+02,2.625509071350097656e+01,1.878108860130654634e+01,1.596139831332489933e+01,5.251018142700195623e-01
9.693344627149053849e+02,7.980340707045979798e+02,2.953535842895507812e+01,1.938668925429810841e+01,1.596068141409195995e+01,5.907071685791015492e-01
9.996144945672713220e+02,7.979982553322333843e+02,2.892212486267089844e+01,1.999228989134542545e+01,1.595996510664466861e+01,5.784424972534180087e-01
1.029894525621668436e+03,7.979624695486854762e+02,2.647669029235839844e+01,2.059789051243336999e+01,1.595924939097371009e+01,5.295338058471680265e-01
1.060174555882927962e+03,7.979267133537214249e+02,2.438465881347656250e+01,2.120349111765855810e+01,1.595853426707442857e+01,4.876931762695312367e-01
1.090454585347557440e+03,7.978909867478068918e+02,1.779878044128417969e+01,2.180909170695115051e+01,1.595781973495613748e+01,3.559756088256835760e-01
1.120734614017652348e+03,7.978552897309418768e+02,1.272667217254638672e+01,2.241469228035304795e+01,1.595710579461883860e+01,2.545334434509277655e-01
1.151014641892397776e+03,7.978196223026607186e+02,9.733270645141601562e+00,2.302029283784795766e+01,1.595639244605321494e+01,1.946654129028320412e-01
1.181294668976624962e+03,7.977839844634290785e+02,7.306849479675292969e+00,2.362589337953249924e+01,1.595567968926858171e+01,1.461369895935058505e-01
1.211574695266899653e+03,7.977483762127812952e+02,4.521231174468994141e+00,2.423149390533799519e+01,1.595496752425562548e+01,9.042462348937987948e-02
1.241854720763803925e+03,7.977127975516486913e+02,5.114923477172851562e+00,2.483709441527608064e+01,1.595425595103297489e+01,1.022984695434570324e-01
1.272134745470772032e+03,7.976772484790999442e+02,4.815277576446533203e+00,2.544269490941544021e+01,1.595354496958199952e+01,9.630555152893066628e-02
1.302414769387105480e+03,7.976417289951350540e+02,3.097653150558471680e+00,2.604829538774211173e+01,1.595283457990270115e+01,6.195306301116943609e-02
1.332694792513502762e+03,7.976062391002196819e+02,1.833023905754089355e+00,2.665389585027005737e+01,1.595212478200439321e+01,3.666047811508178766e-02
9.117597372957970947e+01,7.683697565232869238e+02,6.439163208007812500e+01,1.823519474591594136e+00,1.536739513046573968e+01,1.287832641601562633e+00
1.214560589831089601e+02,7.683330838989932090e+02,6.231496047973632812e+01,2.429121179662179220e+00,1.536666167797986482e+01,1.246299209594726509e+00
1.517361434223712422e+02,7.682964408630505204e+02,5.903043746948242188e+01,3.034722868447425004e+00,1.536592881726101112e+01,1.180608749389648438e+00
1.820162270438740961e+02,7.682598274152260274e+02,5.917389678955078125e+01,3.640324540877482029e+00,1.536519654830452097e+01,1.183477935791015678e+00
2.122963098523905501e+02,7.682232435559853911e+02,5.909180450439453125e+01,4.245926197047810824e+00,1.536446487111970782e+01,1.181836090087890589e+00
2.425763918472803198e+02,7.681866892850957811e+02,6.161701202392578125e+01,4.851527836945606076e+00,1.536373378570191583e+01,1.232340240478515758e+00
2.728564730277284980e+02,7.681501646027900279e+02,7.025804138183593750e+01,5.457129460554569711e+00,1.536300329205580084e+01,1.405160827636718679e+00
3.031365533985663205e+02,7.681136695083696395e+02,8.002215576171875000e+01,6.062731067971326659e+00,1.536227339016739357e+01,1.600443115234374991e+00
3.334166329563013278e+02,7.680772040023002774e+02,8.478071594238281250e+01,6.668332659126027018e+00,1.536154408004600569e+01,1.695614318847656232e+00
3.636967117016320117e+02,7.680407680845819414e+02,8.886122131347656250e+01,7.273934234032640056e+00,1.536081536169163897e+01,1.777224426269531365e+00
3.939767896379344165e+02,7.680043617549818009e+02,7.724770355224609375e+01,7.879535792758688650e+00,1.536008723509963581e+01,1.544954071044921884e+00
4.242568667645100504e+02,7.679679850139655173e+02,6.683060455322265625e+01,8.485137335290200866e+00,1.535935970027931141e+01,1.336612091064453223e+00
4.545369430819991976e+02,7.679316378613002598e+02,6.471450805664062500e+01,9.090738861639984236e+00,1.535863275722600463e+01,1.294290161132812589e+00
4.848170185911003500e+02,7.678953202969860286e+02,6.462049865722656250e+01,9.696340371822007143e+00,1.535790640593972078e+01,1.292409973144531321e+00
5.150970932923955843e+02,7.678590323205571622e+02,6.508998870849609375e+01,1.030194186584791183e+01,1.535718064641114289e+01,1.301799774169921875e+00
5.453771671866416000e+02,7.678227739327121526e+02,5.137314987182617188e+01,1.090754334373283285e+01,1.535645547865424376e+01,1.027462997436523473e+00
5.756572402730234899e+02,7.677865451329853386e+02,4.390637969970703125e+01,1.151314480546047037e+01,1.535573090265970642e+01,8.781275939941406428e-01
6.059373125564306974e+02,7.677503459216095507e+02,3.807587814331054688e+01,1.211874625112861459e+01,1.535500691843219201e+01,7.615175628662109730e-01
6.362173840333125554e+02,7.677141762983519584e+02,2.882093429565429688e+01,1.272434768066625210e+01,1.535428352596703938e+01,5.764186859130859819e-01
6.664974547043093480e+02,7.676780362636782229e+02,1.468036079406738281e+01,1.332994909408618689e+01,1.535356072527356552e+01,2.936072158813476385e-01
6.967775245729135349e+02,7.676419258168898523e+02,6.114448547363281250e+00,1.393555049145827063e+01,1.535283851633779761e+01,1.222889709472656239e-01
7.270575936383684166e+02,7.676058449589181691e+02,5.893398761749267578e+00,1.454115187276736876e+01,1.535211689917836431e+01,1.178679752349853505e-01
7.573376619013142772e+02,7.675697936885990202e+02,6.655144691467285156e+00,1.514675323802628526e+01,1.535139587377198112e+01,1.331028938293457031e-01
7.876177293624496087e+02,7.675337720068637282e+02,1.128970146179199219e+01,1.575235458724899296e+01,1.535067544013727492e+01,2.257940292358398549e-01
8.178977960224146955e+02,7.674977799134794623e+02,1.819497680664062500e+01,1.635795592044829405e+01,1.534995559826958988e+01,3.638995361328125067e-01
8.481778618803946301e+02,7.674618174079805613e+02,2.223610877990722656e+01,1.696355723760789402e+01,1.534923634815961080e+01,4.447221755981445312e-01
8.784579269399982877e+02,7.674258844910655171e+02,1.930947113037109375e+01,1.756915853879996448e+01,1.534851768982131048e+01,3.861894226074218950e-01
9.087379912017495371e+02,7.673899811620358378e+02,1.844006729125976562e+01,1.817475982403498946e+01,1.534779962324071789e+01,3.688013458251953036e-01
9.390180546622141264e+02,7.673541074215900153e+02,2.046667480468750000e+01,1.878036109324428438e+01,1.534708214843180052e+01,4.093334960937500266e-01
9.692981173261650838e+02,7.673182632690295577e+02,2.571560859680175781e+01,1.938596234652330352e+01,1.534636526538059087e+01,5.143121719360351785e-01
9.995781791928457096e+02,7.672824487048201263e+02,2.501479721069335938e+01,1.999156358385691590e+01,1.534564897409640238e+01,5.002959442138672497e-01
1.029858240261673927e+03,7.672466637291945517e+02,2.609890747070312500e+01,2.059716480523347926e+01,1.534493327458389089e+01,5.219781494140625089e-01
1.060138300537248142e+03,7.672109083414543420e+02,2.371224594116210938e+01,2.120276601074496270e+01,1.534421816682908712e+01,4.742449188232422119e-01
1.090418360016308725e+03,7.671751825418323278e+02,1.512804222106933594e+01,2.180836720032617393e+01,1.534350365083664691e+01,3.025608444213866988e-01
1.120698418700718321e+03,7.671394863307941705e+02,7.941368579864501953e+00,2.241396837401436670e+01,1.534278972661588369e+01,1.588273715972900457e-01
1.150978476589778438e+03,7.671038197074085474e+02,6.415091514587402344e+00,2.301956953179556820e+01,1.534207639414817059e+01,1.283018302917480480e-01
1.181258533688320313e+03,7.670681826726067811e+02,4.663557052612304688e+00,2.362517067376640512e+01,1.534136365345213626e+01,9.327114105224609819e-02
1.211538589992909692e+03,7.670325752256903797e+02,3.571541309356689453e+00,2.423077179985819285e+01,1.534065150451380788e+01,7.143082618713379739e-02
1.241818645504186861e+03,7.669969973673578352e+02,4.426996707916259766e+00,2.483637291008373893e+01,1.533993994734715649e+01,8.853993415832520086e-02
1.272098700225469656e+03,7.669614490971434861e+02,4.409348011016845703e+00,2.544197400450939384e+01,1.533922898194287043e+01,8.818696022033691018e-02
1.302378754156176001e+03,7.669259304148145020e+02,3.696223497390747070e+00,2.604757508312351888e+01,1.533851860829629032e+01,7.392446994781494418e-02
1.332658807296887971e+03,7.668904413210693747e+02,1.750232338905334473e+00,2.665317614593775986e+01,1.533780882642138721e+01,3.500464677810669056e-02
9.113875880005070940e+01,7.376539259431883693e+02,6.569721984863281250e+01,1.822775176001014241e+00,1.475307851886376831e+01,1.313944396972656303e+00
1.214188740673707798e+02,7.376172541466075927e+02,6.646920776367187500e+01,2.428377481347415490e+00,1.475234508293215185e+01,1.329384155273437562e+00
1.516989885204238817e+02,7.375806119376793504e+02,6.376715469360351562e+01,3.033979770408477883e+00,1.475161223875358729e+01,1.275343093872070233e+00
1.819791021556593478e+02,7.375439993166364729e+02,5.707121276855468750e+01,3.639582043113187115e+00,1.475087998633273045e+01,1.141424255371093821e+00
2.122592149779666215e+02,7.375074162830132991e+02,5.450321960449218750e+01,4.245184299559332075e+00,1.475014832566026612e+01,1.090064392089843848e+00
2.425393269865890034e+02,7.374708628370426595e+02,5.415439987182617188e+01,4.850786539731780422e+00,1.474941725674085369e+01,1.083087997436523509e+00
2.728194381807697937e+02,7.374343389789573848e+02,6.118219757080078125e+01,5.456388763615396265e+00,1.474868677957914720e+01,1.223643951416015563e+00
3.030995485653984360e+02,7.373978447082918137e+02,6.887954711914062500e+01,6.061990971307968934e+00,1.474795689416583677e+01,1.377590942382812544e+00
3.333796581368660554e+02,7.373613800252787769e+02,7.562287902832031250e+01,6.667593162737321499e+00,1.474722760050557646e+01,1.512457580566406223e+00
3.636597668959293514e+02,7.373249449299182743e+02,8.160275268554687500e+01,7.273195337918586745e+00,1.474649889859836627e+01,1.632055053710937509e+00
3.939398748460225761e+02,7.372885394222103059e+02,8.228990173339843750e+01,7.878797496920451948e+00,1.474577078844420619e+01,1.645798034667968812e+00
4.242199819862726144e+02,7.372521635023877025e+02,8.082159423828125000e+01,8.484399639725452857e+00,1.474504327004775384e+01,1.616431884765624938e+00
4.545000883175525814e+02,7.372158171697519720e+02,7.417957305908203125e+01,9.090001766351051060e+00,1.474431634339503994e+01,1.483591461181640758e+00
4.847801938403281383e+02,7.371795004250016063e+02,7.126237487792968750e+01,9.695603876806563548e+00,1.474359000850003198e+01,1.425247497558593812e+00
5.150602985554141924e+02,7.371432132676709443e+02,6.866085815429687500e+01,1.030120597110828484e+01,1.474286426535341832e+01,1.373217163085937553e+00
5.453404024633346125e+02,7.371069556982256472e+02,5.123306655883789062e+01,1.090680804926669190e+01,1.474213911396451238e+01,1.024661331176757839e+00
5.756205055634491146e+02,7.370707277164328843e+02,3.451740264892578125e+01,1.151241011126898250e+01,1.474141455432865833e+01,6.903480529785156472e-01
6.059006078605307266e+02,7.370345293220598251e+02,2.611699867248535156e+01,1.211801215721061453e+01,1.474069058644119679e+01,5.223399734497070623e-01
6.361807093511451967e+02,7.369983605155721307e+02,1.792518806457519531e+01,1.272361418702290337e+01,1.473996721031144297e+01,3.585037612915039085e-01
6.664608100358163938e+02,7.369622212962713093e+02,1.250963211059570312e+01,1.332921620071632773e+01,1.473924442592542583e+01,2.501926422119140625e-01
6.967409099181531928e+02,7.369261116648558527e+02,5.888955593109130859e+00,1.393481819836306457e+01,1.473852223329711819e+01,1.177791118621826227e-01
7.270210089972824790e+02,7.368900316208600998e+02,5.855852603912353516e+00,1.454042017994565050e+01,1.473780063241720306e+01,1.171170520782470748e-01
7.573011072739027441e+02,7.368539811642840505e+02,7.933489799499511719e+00,1.514602214547805481e+01,1.473707962328568044e+01,1.586697959899902310e-01
7.875812047487124801e+02,7.368179602955933660e+02,1.042653560638427734e+01,1.575162409497425031e+01,1.473635920591186732e+01,2.085307121276855635e-01
8.178613014223519713e+02,7.367819690145552158e+02,1.641358184814453125e+01,1.635722602844704099e+01,1.473563938029110432e+01,3.282716369628906339e-01
8.481413972940645181e+02,7.367460073211695999e+02,1.820984840393066406e+01,1.696282794588129050e+01,1.473492014642339143e+01,3.641969680786132924e-01
8.784214923673425801e+02,7.367100752147380263e+02,1.948984718322753906e+01,1.756842984734685231e+01,1.473420150429476116e+01,3.897969436645508101e-01
9.087015866427682340e+02,7.366741726966574788e+02,1.961973190307617188e+01,1.817403173285536511e+01,1.473348345393315029e+01,3.923946380615234708e-01
9.389816801168490201e+02,7.366382997655309737e+02,1.697234344482421875e+01,1.877963360233698253e+01,1.473276599531062026e+01,3.394468688964843994e-01
9.692617727944743820e+02,7.366024564222898334e+02,2.246695518493652344e+01,1.938523545588948949e+01,1.473204912844579617e+01,4.493391036987304799e-01
9.995418646748294123e+02,7.365666426664683968e+02,2.521171379089355469e+01,1.999083729349658967e+01,1.473133285332936815e+01,5.042342758178710582e-01
1.029821955757273827e+03,7.365308584980666637e+02,2.666184997558593750e+01,2.059643911514547554e+01,1.473061716996133441e+01,5.332369995117187678e-01
1.060102046046522446e+03,7.364951039175502956e+02,2.286393928527832031e+01,2.120204092093045034e+01,1.472990207835100662e+01,4.572787857055664040e-01
1.090382135539199226e+03,7.364593789242208004e+02,8.503160476684570312e+00,2.180764271078398409e+01,1.472918757848441551e+01,1.700632095336914174e-01
1.120662224237225018e+03,7.364236835187766701e+02,4.335181713104248047e+00,2.241324448474449937e+01,1.472847367037553390e+01,8.670363426208496649e-02
1.150942312139959540e+03,7.363880177007522434e+02,3.521646022796630859e+00,2.301884624279919223e+01,1.472776035401504480e+01,7.043292045593262107e-02
1.181222399252175819e+03,7.363523814701475203e+02,3.468383312225341797e+00,2.362444798504351695e+01,1.472704762940294998e+01,6.936766624450683982e-02
1.211502485570381396e+03,7.363167748271953315e+02,3.468383312225341797e+00,2.423004971140762720e+01,1.472633549654390706e+01,6.936766624450683982e-02
1.241782571095216554e+03,7.362811977716628462e+02,4.352193832397460938e+00,2.483565142190433050e+01,1.472562395543325664e+01,8.704387664794921431e-02
1.272062655830173753e+03,7.362456503037828952e+02,5.020847320556640625e+00,2.544125311660347677e+01,1.472491300607565812e+01,1.004169464111328153e-01
1.302342739774496295e+03,7.362101324230898172e+02,2.655502796173095703e+00,2.604685479548992788e+01,1.472420264846179627e+01,5.311005592346191434e-02
1.332622822928766254e+03,7.361746441302821040e+02,1.620932340621948242e+00,2.665245645857532608e+01,1.472349288260564215e+01,3.241864681243896568e-02
6.082139865279896185e+01,7.069747965070419014e+02,6.135990142822265625e+01,1.216427973055979272e+00,1.413949593014083916e+01,1.227198028564453258e+00
9.110154474811861292e+01,7.069380959512200207e+02,6.623166656494140625e+01,1.822030894962372249e+00,1.413876191902440027e+01,1.324633331298828098e+00
1.213816900285310112e+02,7.069014249825850129e+02,6.435741424560546875e+01,2.427633800570620171e+00,1.413802849965169983e+01,1.287148284912109419e+00
1.516618344946182333e+02,7.068647836009040475e+02,5.743782424926757812e+01,3.033236689892364613e+00,1.413729567201808202e+01,1.148756484985351545e+00
1.819419781429460272e+02,7.068281718059442937e+02,5.330646133422851562e+01,3.638839562858920740e+00,1.413656343611888566e+01,1.066129226684570330e+00
2.122221209782874212e+02,7.067915895979385823e+02,5.020772171020507812e+01,4.244442419565748637e+00,1.413583179195877193e+01,1.004154434204101554e+00
2.425022629999439232e+02,7.067550369771197438e+02,4.663761520385742188e+01,4.850045259998878144e+00,1.413510073954239488e+01,9.327523040771484863e-01
2.727824042072170414e+02,7.067185139434877783e+02,5.275421142578125000e+01,5.455648084144341325e+00,1.413437027886975628e+01,1.055084228515625000e+00
3.030625446048215963e+02,7.066820204965770245e+02,5.931871795654296875e+01,6.061250892096431642e+00,1.413364040993154092e+01,1.186374359130859313e+00
3.333426841893815435e+02,7.066455566368531436e+02,6.488806152343750000e+01,6.666853683787630658e+00,1.413291113273706401e+01,1.297761230468750027e+00
3.636228229614789598e+02,7.066091223638504744e+02,7.307724761962890625e+01,7.272456459229579728e+00,1.413218244727701034e+01,1.461544952392578089e+00
3.939029609245480970e+02,7.065727176778018475e+02,7.956391143798828125e+01,7.878059218490961690e+00,1.413145435355603752e+01,1.591278228759765767e+00
4.241830980778904632e+02,7.065363425789400935e+02,8.312819671630859375e+01,8.483661961557809050e+00,1.413072685157880137e+01,1.662563934326171999e+00
4.544632344221463427e+02,7.064999970667995512e+02,7.971203613281250000e+01,9.089264688442927564e+00,1.412999994133599202e+01,1.594240722656250053e+00
4.847433699579560198e+02,7.064636811416130513e+02,7.297579956054687500e+01,9.694867399159120325e+00,1.412927362283226174e+01,1.459515991210937447e+00
5.150235046860179864e+02,7.064273948036134243e+02,6.745983886718750000e+01,1.030047009372036015e+01,1.412854789607226813e+01,1.349196777343750098e+00
5.453036386069725268e+02,7.063911380523350090e+02,5.227909088134765625e+01,1.090607277213945103e+01,1.412782276104670132e+01,1.045581817626953125e+00
5.755837717201211490e+02,7.063549108882434666e+02,2.802358627319335938e+01,1.151167543440242369e+01,1.412709821776486940e+01,5.604717254638672541e-01
6.058639040301786736e+02,7.063187133111059666e+02,1.992461585998535156e+01,1.211727808060357425e+01,1.412637426622212011e+01,3.984923171997070135e-01
6.361440355337690562e+02,7.062825453206896782e+02,1.380209159851074219e+01,1.272288071067538162e+01,1.412565090641379406e+01,2.760418319702148682e-01
6.664241662314743735e+02,7.062464069172274321e+02,1.344213294982910156e+01,1.332848332462948804e+01,1.412492813834454886e+01,2.688426589965820512e-01
6.967042961267870851e+02,7.062102981007192284e+02,8.019804954528808594e+00,1.393408592253574163e+01,1.412420596201438450e+01,1.603960990905761719e-01
7.269844252188922837e+02,7.061742188713978976e+02,5.855852603912353516e+00,1.453968850437784610e+01,1.412348437742795859e+01,1.171170520782470748e-01
7.572645535085466690e+02,7.061381692285649478e+02,6.936403751373291016e+00,1.514529107017093423e+01,1.412276338457130009e+01,1.387280750274658137e-01
7.875446809963323176e+02,7.061021491729188710e+02,9.310585021972656250e+00,1.575089361992664649e+01,1.412204298345837827e+01,1.862117004394531206e-01
8.178248076829477213e+02,7.060661587039940059e+02,1.288170337677001953e+01,1.635649615365895571e+01,1.412132317407987969e+01,2.576340675354004128e-01
8.481049335676361807e+02,7.060301978222560138e+02,1.437221908569335938e+01,1.696209867135272376e+01,1.412060395644512134e+01,2.874443817138672141e-01
8.783850586538319476e+02,7.059942665272392333e+02,1.116129112243652344e+01,1.756770117307663881e+01,1.411988533054478445e+01,2.232258224487304599e-01
9.086651829422335140e+02,7.059583648191764951e+02,9.875473976135253906e+00,1.817330365884467014e+01,1.411916729638353019e+01,1.975094795227050892e-01
9.389453064292902127e+02,7.059224926978349686e+02,1.198097705841064453e+01,1.877890612858580610e+01,1.411844985395669916e+01,2.396195411682129073e-01
9.692254291198332794e+02,7.058866501634474844e+02,1.701407814025878906e+01,1.938450858239666630e+01,1.411773300326895075e+01,3.402815628051757968e-01
9.995055510131642222e+02,7.058508372160140425e+02,2.254326057434082031e+01,1.999011102026328501e+01,1.411701674432028142e+01,4.508652114868164085e-01
1.029785672108526342e+03,7.058150538557674736e+02,2.389662170410156250e+01,2.059571344217052768e+01,1.411630107711535054e+01,4.779324340820312322e-01
1.060065792410750873e+03,7.057793000820092857e+02,1.429211044311523438e+01,2.120131584821501747e+01,1.411558600164018529e+01,2.858422088623047141e-01
1.090345911916345358e+03,7.057435758952051401e+02,4.600442886352539062e+00,2.180691823832690801e+01,1.411487151790410266e+01,9.200885772705078014e-02
1.120626030627288856e+03,7.057078812951222062e+02,3.468383312225341797e+00,2.241252061254577654e+01,1.411415762590244505e+01,6.936766624450683982e-02
1.150906148542941082e+03,7.056722162822261453e+02,3.468383312225341797e+00,2.301812297085882264e+01,1.411344432564452234e+01,6.936766624450683982e-02
1.181186265668075066e+03,7.056365808560512960e+02,3.468383312225341797e+00,2.362372531336150061e+01,1.411273161712102642e+01,6.936766624450683982e-02
1.211466381999198347e+03,7.056009750165976584e+02,3.468383312225341797e+00,2.422932763998396766e+01,1.411201950033195374e+01,6.936766624450683982e-02
1.241746497537009418e+03,7.055653987643308938e+02,4.400907516479492188e+00,2.483492995074018950e+01,1.411130797528661773e+01,8.801815032958984486e-02
1.272026612284826115e+03,7.055298520985525101e+02,3.062536478042602539e+00,2.544053224569652372e+01,1.411059704197105091e+01,6.125072956085204912e-02
1.302306726242066361e+03,7.054943350197281688e+02,1.909316658973693848e+00,2.604613452484132807e+01,1.410988670039456316e+01,3.818633317947387612e-02
1.332586839409254026e+03,7.054588475278578699e+02,1.708037734031677246e+00,2.665173678818507952e+01,1.410917695055715804e+01,3.416075468063354409e-02
6.078415546606993303e+01,6.762589662752579898e+02,5.935388946533203125e+01,1.215683109321398669e+00,1.352517932550516022e+01,1.187077789306640652e+00
9.106433157378342003e+01,6.762222665480803698e+02,6.587182617187500000e+01,1.821286631475668383e+00,1.352444533096160839e+01,1.317436523437500062e+00
1.213445068665314466e+02,6.761855964066926390e+02,6.420728302001953125e+01,2.426890137330628860e+00,1.352371192813385292e+01,1.284145660400390687e+00
1.516246813449542969e+02,6.761489558522589505e+02,5.928501510620117188e+01,3.032493626899086081e+00,1.352297911704518008e+01,1.185700302124023553e+00
1.819048550056759268e+02,6.761123448838479817e+02,5.343474960327148438e+01,3.638097100113518501e+00,1.352224689767695942e+01,1.068694992065429616e+00
2.121850278533529490e+02,6.760757635016925633e+02,4.375894546508789062e+01,4.243700557067058732e+00,1.352151527003385212e+01,8.751789093017577903e-01
2.424651998874032870e+02,6.760392117057926953e+02,4.157825469970703125e+01,4.849303997748065420e+00,1.352078423411585462e+01,8.315650939941406916e-01
2.727453711069538258e+02,6.760026894963812083e+02,4.773781967163085938e+01,5.454907422139076978e+00,1.352005378992762452e+01,9.547563934326172008e-01
3.030255415169522166e+02,6.759661968734581023e+02,5.213264465332031250e+01,6.060510830339044475e+00,1.351932393746916183e+01,1.042652893066406294e+00
3.333057111137895845e+02,6.759297338363248855e+02,5.705302810668945312e+01,6.666114222275791867e+00,1.351859467672649728e+01,1.141060562133789036e+00
3.635858798982226290e+02,6.758933003859128803e+02,6.419493865966796875e+01,7.271717597964452828e+00,1.351786600771825775e+01,1.283898773193359322e+00
3.938660478736273944e+02,6.758568965217564255e+02,7.434870147705078125e+01,7.877320957472548457e+00,1.351713793043512801e+01,1.486974029541015652e+00
4.241462150393053889e+02,6.758205222438555211e+02,7.408559417724609375e+01,8.482924300786107707e+00,1.351641044487710985e+01,1.481711883544921893e+00
4.544263813958386891e+02,6.757841775522101671e+02,7.185816192626953125e+01,9.088527627916773710e+00,1.351568355104420327e+01,1.437163238525390740e+00
4.847065469439839944e+02,6.757478624465875328e+02,6.886498260498046875e+01,9.694130938879679249e+00,1.351495724893175066e+01,1.377299652099609473e+00
5.149867116843815893e+02,6.757115769276861101e+02,5.956972503662109375e+01,1.029973423368763186e+01,1.351423153855372306e+01,1.191394500732421813e+00
5.452668756176135503e+02,6.756753209950402379e+02,4.812320709228515625e+01,1.090533751235227200e+01,1.351350641990080526e+01,9.624641418457031694e-01
5.755470387430395931e+02,6.756390946484170854e+02,2.656108283996582031e+01,1.151094077486079215e+01,1.351278189296834142e+01,5.312216567993164329e-01
6.058272010654327460e+02,6.756028978882823139e+02,1.840619468688964844e+01,1.211654402130865549e+01,1.351205795776564678e+01,3.681238937377929732e-01
6.361073625813005492e+02,6.755667307144030929e+02,1.332884502410888672e+01,1.272214725162601212e+01,1.351133461428806193e+01,2.665769004821777477e-01
6.663875232912832871e+02,6.755305931265465915e+02,1.078168678283691406e+01,1.332775046582566603e+01,1.351061186253093283e+01,2.156337356567382957e-01
6.966676831988734193e+02,6.754944851251784712e+02,1.135780143737792969e+01,1.393335366397746888e+01,1.350988970250356935e+01,2.271560287475586082e-01
7.269478423032560386e+02,6.754584067102987319e+02,5.928922653198242188e+00,1.453895684606512084e+01,1.350916813420597506e+01,1.185784530639648476e-01
7.572280006051878445e+02,6.754223578812088817e+02,5.306871414184570312e+00,1.514456001210375646e+01,1.350844715762417714e+01,1.061374282836914096e-01
7.875081581051927060e+02,6.753863386383745819e+02,6.281562805175781250e+00,1.575016316210385448e+01,1.350772677276749256e+01,1.256312561035156372e-01
8.177883148040855303e+02,6.753503489820286632e+02,8.562960624694824219e+00,1.635576629608171118e+01,1.350700697964057362e+01,1.712592124938965010e-01
8.480684707010514103e+02,6.753143889119382948e+02,8.148726463317871094e+00,1.696136941402102849e+01,1.350628777823876625e+01,1.629745292663574152e-01
8.783486257995245978e+02,6.752784584278706461e+02,4.978919029235839844e+00,1.756697251599049281e+01,1.350556916855741285e+01,9.957838058471679688e-02
9.086287801001453772e+02,6.752425575302913785e+02,5.164887428283691406e+00,1.817257560200290811e+01,1.350485115060582864e+01,1.032977485656738359e-01
9.389089335994794965e+02,6.752066862187348306e+02,7.209348678588867188e+00,1.877817867198958979e+01,1.350413372437469661e+01,1.441869735717773438e-01
9.691890863022417761e+02,6.751708444934338331e+02,1.131054878234863281e+01,1.938378172604483751e+01,1.350341688986867617e+01,2.262109756469726507e-01
9.994692382078501396e+02,6.751350323543883860e+02,1.661552429199218750e+01,1.998938476415700194e+01,1.350270064708776729e+01,3.323104858398437389e-01
1.029749389315431472e+03,6.750992498015984893e+02,1.770151901245117188e+01,2.059498778630862859e+01,1.350198499603197000e+01,3.540303802490234464e-01
1.060029539629875217e+03,6.750634968350641429e+02,6.765481472015380859e+00,2.120059079259750590e+01,1.350126993670128250e+01,1.353096294403076105e-01
1.090309689147688914e+03,6.750277734543196857e+02,3.491512775421142578e+00,2.180619378295378041e+01,1.350055546908639315e+01,6.983025550842285323e-02
1.120589837870909832e+03,6.749920796605292708e+02,3.468383312225341797e+00,2.241179675741819821e+01,1.349984159321058641e+01,6.936766624450683982e-02
1.150869985798781272e+03,6.749564154522959143e+02,3.468383312225341797e+00,2.301739971597562473e+01,1.349912830904591843e+01,6.936766624450683982e-02
1.181150132936134469e+03,6.749207808305509388e+02,3.468383312225341797e+00,2.362300265872269023e+01,1.349841561661101963e+01,6.936766624450683982e-02
1.211430279279476963e+03,6.748851757945958525e+02,3.468383312225341797e+00,2.422860558558954125e+01,1.349770351589191719e+01,6.936766624450683982e-02
1.241710424829449039e+03,6.748496003453619778e+02,4.912858963012695312e+00,2.483420849658898177e+01,1.349699200690723977e+01,9.825717926025390181e-02
1.271990569589484949e+03,6.748140544821508229e+02,2.821217298507690430e+00,2.543981139178969997e+01,1.349628108964301632e+01,5.642434597015381220e-02
1.302270713558886200e+03,6.747785382051952183e+02,2.041960239410400391e+00,2.604541427117772301e+01,1.349557076410390444e+01,4.083920478820800976e-02
1.332550856738293078e+03,6.747430515142623335e+02,1.772465467453002930e+00,2.665101713476586198e+01,1.349486103028524653e+01,3.544930934906005693e-02
1.362830999128345866e+03,6.747075944095849991e+02,1.668826222419738770e+00,2.725661998256691732e+01,1.349415188819170019e+01,3.337652444839477733e-02
3.046670621994417161e+01,6.455798651163931936e+02,4.922378540039062500e+01,6.093341243988834588e-01,1.291159730232786451e+01,9.844757080078124778e-01
6.074691315763629973e+01,6.455431366318371147e+02,5.605588912963867188e+01,1.214938263152726128e+00,1.291086273263674222e+01,1.121117782592773393e+00
9.102711927698692307e+01,6.455064377328380942e+02,6.306154251098632812e+01,1.820542385539738461e+00,1.291012875465676224e+01,1.261230850219726696e+00
1.213073245814302936e+02,6.454697684196289629e+02,6.395701217651367188e+01,2.426146491628605961e+00,1.290939536839258039e+01,1.279140243530273446e+00
1.515875290714902803e+02,6.454331286917440593e+02,5.939404678344726562e+01,3.031750581429805802e+00,1.290866257383488147e+01,1.187880935668945259e+00
1.818677327438490465e+02,6.453965185498818755e+02,5.214442062377929688e+01,3.637354654876980842e+00,1.290793037099763829e+01,1.042888412475585946e+00
2.121479356031632051e+02,6.453599379933439195e+02,3.939244842529296875e+01,4.242958712063264137e+00,1.290719875986687804e+01,7.878489685058593928e-01
2.424281376488506794e+02,6.453233870225958526e+02,3.588893508911132812e+01,4.848562752977013446e+00,1.290646774045191769e+01,7.177787017822265803e-01
2.727083388800383545e+02,6.452868656376376748e+02,4.047531127929687500e+01,5.454166777600767624e+00,1.290573731275275371e+01,8.095062255859375444e-01
3.029885393016738817e+02,6.452503738382365555e+02,4.594741058349609375e+01,6.059770786033477741e+00,1.290500747676473203e+01,9.189482116699219105e-01
3.332687389101483859e+02,6.452139116243924946e+02,4.824467468261718750e+01,6.665374778202967754e+00,1.290427823248785089e+01,9.648934936523437811e-01
3.635489377061603591e+02,6.451774789963383228e+02,5.490265274047851562e+01,7.270978754123206933e+00,1.290354957992676610e+01,1.098053054809570384e+00
3.938291356932022609e+02,6.451410759538412094e+02,6.461254119873046875e+01,7.876582713864045182e+00,1.290282151907682362e+01,1.292250823974609331e+00
4.241093328704591841e+02,6.451047024969011545e+02,7.040119171142578125e+01,8.482186657409183539e+00,1.290209404993802345e+01,1.408023834228515625e+00
4.543895292386296205e+02,6.450683586257509887e+02,6.653332519531250000e+01,9.087790584772593050e+00,1.290136717251501963e+01,1.330666503906249964e+00
4.846697247983538546e+02,6.450320443403907120e+02,6.191496276855468750e+01,9.693394495967076807e+00,1.290064088680781396e+01,1.238299255371093865e+00
5.149499195503303781e+02,6.449957596403546631e+02,5.520778656005859375e+01,1.029899839100660763e+01,1.289991519280709298e+01,1.104155731201171831e+00
5.452301134951994754e+02,6.449595045258756727e+02,4.544475936889648438e+01,1.090460226990398951e+01,1.289919009051751431e+01,9.088951873779297363e-01
5.755103066322044469e+02,6.449232789971865714e+02,2.850804901123046875e+01,1.151020613264408965e+01,1.289846557994373200e+01,5.701609802246093706e-01
6.057904989662347361e+02,6.448870830540545285e+02,1.607480812072753906e+01,1.211580997932469472e+01,1.289774166108109021e+01,3.214961624145508123e-01
6.360706904936232604e+02,6.448509166964795440e+02,1.228460597991943359e+01,1.272141380987246606e+01,1.289701833392959074e+01,2.456921195983886863e-01
6.663508812151849270e+02,6.448147799244616181e+02,1.078168678283691406e+01,1.332701762430369818e+01,1.289629559848923179e+01,2.156337356567382957e-01
6.966310711343539879e+02,6.447786727380007505e+02,1.113088512420654297e+01,1.393262142268707926e+01,1.289557345476001515e+01,2.226177024841308749e-01
7.269112602503155358e+02,6.447425951375626028e+02,5.969081878662109375e+00,1.453822520500631121e+01,1.289485190275125248e+01,1.193816375732421886e-01
7.571914485638262704e+02,6.447065471219830215e+02,5.172381877899169922e+00,1.514382897127652505e+01,1.289413094243966107e+01,1.034476375579834045e-01
7.874716360754100606e+02,6.446705286926589906e+02,5.034821987152099609e+00,1.574943272150820128e+01,1.289341057385317946e+01,1.006964397430419877e-01
8.177518227858236060e+02,6.446345398484263569e+02,4.985188484191894531e+00,1.635503645571647269e+01,1.289269079696852671e+01,9.970376968383788674e-02
8.480320086943684146e+02,6.445985805899836123e+02,4.978919029235839844e+00,1.696064017388737000e+01,1.289197161179967210e+01,9.957838058471679688e-02
8.783121938043623231e+02,6.445626509170979261e+02,4.978919029235839844e+00,1.756624387608724547e+01,1.289125301834195803e+01,9.957838058471679688e-02
9.085923781165620312e+02,6.445267508297692984e+02,4.978919029235839844e+00,1.817184756233124077e+01,1.289053501659538625e+01,9.957838058471679688e-02
9.388725616274168715e+02,6.444908803279977292e+02,6.267452716827392578e+00,1.877745123254833715e+01,1.288981760655995501e+01,1.253490543365478604e-01
9.691527443417580798e+02,6.444550394115503877e+02,9.538992881774902344e+00,1.938305488683516131e+01,1.288910078823100847e+01,1.907798576354980402e-01
9.994329262588289566e+02,6.444192280808929354e+02,1.347604084014892578e+01,1.998865852517657871e+01,1.288838456161785828e+01,2.695208168029785134e-01
1.029713107377989218e+03,6.443834463357925415e+02,1.078853607177734375e+01,2.059426214755978535e+01,1.288766892671585040e+01,2.157707214355468750e-01
1.059993287703953683e+03,6.443476941764820367e+02,4.054769039154052734e+00,2.119986575407907381e+01,1.288695388352964066e+01,8.109538078308105302e-02
1.090273467233288102e+03,6.443119716022629291e+02,3.468383312225341797e+00,2.180546934466576303e+01,1.288623943204525801e+01,6.936766624450683982e-02
1.120553645967971534e+03,6.442762786138337106e+02,3.506632804870605469e+00,2.241107291935943024e+01,1.288552557227667528e+01,7.013265609741210771e-02
1.150833823907363694e+03,6.442406152107287198e+02,3.914774894714355469e+00,2.301667647814727502e+01,1.288481230421457546e+01,7.829549789428710826e-02
1.181114001056237612e+03,6.442049813931807876e+02,3.468383312225341797e+00,2.362228002112475167e+01,1.288409962786361618e+01,6.936766624450683982e-02
1.211394177411100827e+03,6.441693771614227444e+02,3.468383312225341797e+00,2.422788354822201740e+01,1.288338754322845503e+01,6.936766624450683982e-02
1.241674352972535416e+03,6.441338025149889290e+02,3.550193071365356445e+00,2.483348705945070733e+01,1.288267605029977858e+01,7.100386142730713557e-02
1.271954527744092047e+03,6.440982574541121721e+02,3.017853021621704102e+00,2.543909055488184023e+01,1.288196514908224444e+01,6.035706043243408564e-02
1.302234701725014020e+03,6.440627419787924737e+02,3.360983133316040039e+00,2.604469403450028153e+01,1.288125483957584905e+01,6.721966266632080356e-02
1.332514874915941618e+03,6.440272560887970030e+02,2.010169267654418945e+00,2.665029749831883166e+01,1.288054512177594013e+01,4.020338535308837918e-02
3.042943477886728942e+01,6.148640352324582636e+02,5.330471038818359375e+01,6.085886955773458507e-01,1.229728070464916634e+01,1.066094207763671919e+00
6.070967172749806195e+01,6.148273075767792761e+02,5.680744171142578125e+01,1.214193434549961204e+00,1.229654615153558517e+01,1.136148834228515758e+00
9.098990785778732970e+01,6.147906095064245164e+02,6.558097076416015625e+01,1.819798157155746665e+00,1.229581219012849047e+01,1.311619415283203249e+00
1.212701431731693447e+02,6.147539410206954926e+02,7.258632659912109375e+01,2.425402863463387071e+00,1.229507882041390943e+01,1.451726531982421964e+00
1.515503776742261834e+02,6.147173021202906966e+02,6.509149932861328125e+01,3.031007553484523775e+00,1.229434604240581486e+01,1.301829986572265563e+00
1.818306113574653864e+02,6.146806928042788059e+02,5.097993469238281250e+01,3.636612227149307763e+00,1.229361385608557633e+01,1.019598693847656223e+00
2.121108442277763970e+02,6.146441130738239735e+02,4.125502395629882812e+01,4.242216884555528367e+00,1.229288226147648011e+01,8.251004791259766158e-01
2.423910762843443081e+02,6.146075629282277077e+02,2.600000000000000000e+01,4.847821525686886623e+00,1.229215125856455515e+01,5.200000000000000178e-01
2.726713075264706276e+02,6.145710423677228391e+02,3.115641403198242188e+01,5.453426150529412375e+00,1.229142084735445728e+01,6.231282806396484242e-01
3.029515379589865915e+02,6.145345513920765370e+02,3.589089584350585938e+01,6.059030759179732328e+00,1.229069102784153067e+01,7.178179168701172008e-01
3.332317675783997402e+02,6.144980900012888014e+02,3.915662765502929688e+01,6.664635351567994803e+00,1.228996180002577709e+01,7.831325531005859375e-01
3.635119963853503577e+02,6.144616581953596324e+02,4.559309768676757812e+01,7.270239927707007332e+00,1.228923316390719300e+01,9.118619537353516158e-01
3.937922243832726963e+02,6.144252559747546911e+02,5.338501739501953125e+01,7.875844487665454530e+00,1.228850511949509361e+01,1.067700347900390589e+00
4.240724515714682639e+02,6.143888833390083164e+02,5.942537307739257812e+01,8.481449031429365348e+00,1.228777766678016725e+01,1.188507461547851696e+00
4.543526779505191371e+02,6.143525402881205082e+02,5.569697952270507812e+01,9.087053559010383808e+00,1.228705080576241038e+01,1.113939590454101625e+00
4.846329035211820155e+02,6.143162268225569278e+02,4.738482666015625000e+01,9.692658070423640027e+00,1.228632453645113820e+01,9.476965332031249689e-01
5.149131282840389758e+02,6.142799429411534220e+02,4.594176101684570312e+01,1.029826256568077980e+01,1.228559885882306801e+01,9.188352203369141158e-01
5.451933522397885099e+02,6.142436886453069746e+02,3.249963378906250000e+01,1.090386704479577062e+01,1.228487377290614013e+01,6.499926757812499734e-01
5.754735753876739182e+02,6.142074639345519245e+02,1.718272018432617188e+01,1.150947150775347794e+01,1.228414927869103934e+01,3.436544036865234464e-01
6.057537977325264364e+02,6.141712688081897795e+02,1.078168678283691406e+01,1.211507595465052844e+01,1.228342537616379637e+01,2.156337356567382957e-01
6.360340192708536051e+02,6.141351032671518624e+02,1.078168678283691406e+01,1.272068038541707224e+01,1.228270206534303810e+01,2.156337356567382957e-01
6.663142400032957084e+02,6.140989673107396811e+02,1.399702835083007812e+01,1.332628480006591509e+01,1.228197934621479348e+01,2.799405670166015825e-01
6.965944599333452061e+02,6.140628609394188970e+02,1.653734397888183594e+01,1.393188919866690512e+01,1.228125721878837773e+01,3.307468795776367099e-01
7.268746790601289831e+02,6.140267841531895101e+02,1.393412494659423828e+01,1.453749358120258073e+01,1.228053568306379084e+01,2.786824989318847923e-01
7.571548973844619468e+02,6.139907369515858591e+02,8.677566528320312500e+00,1.514309794768924000e+01,1.227981473903171761e+01,1.735513305664062589e-01
7.874351149069261737e+02,6.139547193350736052e+02,9.268779754638671875e+00,1.574870229813852340e+01,1.227909438670147324e+01,1.853755950927734319e-01
8.177153316282201558e+02,6.139187313034199178e+02,7.343846797943115234e+00,1.635430663256440198e+01,1.227837462606839836e+01,1.468769359588623091e-01
8.479955475475871935e+02,6.138827728566247970e+02,4.978919029235839844e+00,1.695991095095174472e+01,1.227765545713249651e+01,9.957838058471679688e-02
8.782757626684033312e+02,6.138468439949210733e+02,5.321413993835449219e+00,1.756551525336806563e+01,1.227693687989842175e+01,1.064282798767089838e-01
9.085559769914252684e+02,6.138109447178430855e+02,6.848633289337158203e+00,1.817111953982850636e+01,1.227621889435686242e+01,1.369726657867431641e-01
9.388361905131023377e+02,6.137750750258564949e+02,8.721142768859863281e+00,1.877672381026204818e+01,1.227550150051713018e+01,1.744228553771972612e-01
9.691164032382657751e+02,6.137392349184956402e+02,1.032715225219726562e+01,1.938232806476531422e+01,1.227478469836991337e+01,2.065430450439453280e-01
9.993966151662170887e+02,6.137034243962261826e+02,7.520007610321044922e+00,1.998793230332434234e+01,1.227406848792452365e+01,1.504001522064208896e-01
1.029676826296141371e+03,6.136676434590481222e+02,5.631223201751708984e+00,2.059353652592282913e+01,1.227335286918096280e+01,1.126244640350341775e-01
1.059957036632986274e+03,6.136318921064957976e+02,3.875649929046630859e+00,2.119914073265972476e+01,1.227263784212991560e+01,7.751299858093262107e-02
1.090237246173084714e+03,6.135961703388020396e+02,3.035504817962646484e+00,2.180474492346169413e+01,1.227192340677604143e+01,6.071009635925293108e-02
1.120517454918648582e+03,6.135604781559668481e+02,3.522377014160156250e+00,2.241034909837297207e+01,1.227120956311933675e+01,7.044754028320313055e-02
1.150797662868804764e+03,6.135248155579902232e+02,4.881408691406250000e+00,2.301595325737609699e+01,1.227049631115980510e+01,9.762817382812499778e-02
1.181077870028500911e+03,6.134891825448721647e+02,4.823978424072265625e+00,2.362155740057001907e+01,1.226978365089744294e+01,9.647956848144531583e-02
1.211358076394128148e+03,6.134535791166126728e+02,4.480611801147460938e+00,2.422716152788256494e+01,1.226907158233225381e+01,8.961223602294922375e-02
1.241638281966384966e+03,6.134180052732117474e+02,4.327607154846191406e+00,2.483276563932770031e+01,1.226836010546423594e+01,8.655214309692382812e-02
1.271918486748705618e+03,6.133824610149022192e+02,3.943233728408813477e+00,2.543836973497411336e+01,1.226764922029804517e+01,7.886467456817626565e-02
1.302198690740391612e+03,6.133469463412184268e+02,3.521164655685424805e+00,2.604397381480783125e+01,1.226693892682436804e+01,7.042329311370849887e-02
1.332478893942083232e+03,6.133114612521603703e+02,2.196923494338989258e+00,2.664957787884166507e+01,1.226622922504320812e+01,4.393846988677978932e-02
3.039216421672608703e+01,5.841482059361878783e+02,5.741301345825195312e+01,6.078432843345217274e-01,1.168296411872375806e+01,1.148260269165038983e+00
6.067243117565521970e+01,5.841114791096188128e+02,6.454260253906250000e+01,1.213448623513104341e+00,1.168222958219237562e+01,1.290852050781249982e+00
9.095269731618463993e+01,5.840747818676754832e+02,7.107218933105468750e+01,1.819053946323692772e+00,1.168149563735351038e+01,1.421443786621093830e+00
1.212329626418068074e+02,5.840381142098922282e+02,7.311191558837890625e+01,2.424659252836136147e+00,1.168076228419784535e+01,1.462238311767578125e+00
1.515132271531037986e+02,5.840014761362690479e+02,6.226501846313476562e+01,3.030264543062076044e+00,1.168002952272538053e+01,1.245300369262695384e+00
1.817934908465831541e+02,5.839648676470387727e+02,5.441646194458007812e+01,3.635869816931663223e+00,1.167929735294077531e+01,1.088329238891601491e+00
2.120737537270761095e+02,5.839282887422014028e+02,4.066819763183593750e+01,4.241475074541522616e+00,1.167856577484402791e+01,8.133639526367187900e-01
2.423540157938841730e+02,5.838917394217569381e+02,2.600000000000000000e+01,4.847080315877683176e+00,1.167783478843513834e+01,5.200000000000000178e-01
2.726342770462506451e+02,5.838552196857053787e+02,2.600000000000000000e+01,5.452685540925013008e+00,1.167710439371410835e+01,5.200000000000000178e-01
3.029145374889485538e+02,5.838187295338138938e+02,2.600000000000000000e+01,6.058290749778970863e+00,1.167637459067627859e+01,5.200000000000000178e-01
3.331947971186018549e+02,5.837822689660824835e+02,2.600000000000000000e+01,6.663895942372037418e+00,1.167564537932164903e+01,5.200000000000000178e-01
3.634750559357926250e+02,5.837458379825111479e+02,3.414012527465820312e+01,7.269501118715852250e+00,1.167491675965022324e+01,6.828025054931641247e-01
3.937553139438969083e+02,5.837094365835655481e+02,3.977352142333984375e+01,7.875106278877938237e+00,1.167418873167131110e+01,7.954704284667969416e-01
4.240355711422744207e+02,5.836730647690128535e+02,4.910726928710937500e+01,8.480711422845487846e+00,1.167346129538025679e+01,9.821453857421875711e-01
4.543158275315072387e+02,5.836367225386202335e+02,4.970082092285156250e+01,9.086316550630144206e+00,1.167273445077240446e+01,9.940164184570312589e-01
4.845960831123520620e+02,5.836004098923876882e+02,3.719120407104492188e+01,9.691921662247041880e+00,1.167200819784775412e+01,7.438240814208983975e-01
5.148763378853909671e+02,5.835641268307808787e+02,2.396194648742675781e+01,1.029752675770781956e+01,1.167128253661561743e+01,4.792389297485351585e-01
5.451565918513224460e+02,5.835278733528684825e+02,1.137055206298828125e+01,1.090313183702644828e+01,1.167055746705736929e+01,2.274110412597656339e-01
5.754368450093315914e+02,5.834916494598146528e+02,1.078168678283691406e+01,1.150873690018663176e+01,1.166983298919629242e+01,2.156337356567382957e-01
6.057170973643660545e+02,5.834554551506880671e+02,1.078168678283691406e+01,1.211434194728732194e+01,1.166910910301376170e+01,2.156337356567382957e-01
6.359973489128751680e+02,5.834192904259543866e+02,1.078168678283691406e+01,1.271994697825750364e+01,1.166838580851908880e+01,2.156337356567382957e-01
6.662775996554992162e+02,5.833831552853807807e+02,1.492181491851806641e+01,1.332555199310998439e+01,1.166766310570761611e+01,2.984362983703613414e-01
6.965578495956724510e+02,5.833470497289672494e+02,1.708633422851562500e+01,1.393115699191344881e+01,1.166694099457934541e+01,3.417266845703125222e-01
7.268380987326381728e+02,5.833109737574122846e+02,1.842013168334960938e+01,1.453676197465276410e+01,1.166621947514824598e+01,3.684026336669922186e-01
7.571183470671530813e+02,5.832749273693189025e+02,1.605763053894042969e+01,1.514236694134306127e+01,1.166549854738637748e+01,3.211526107788085782e-01
7.873985945997410454e+02,5.832389105658512563e+02,1.543664073944091797e+01,1.574797189199482084e+01,1.166477821131702619e+01,3.087328147888183660e-01
8.176788413311587647e+02,5.832029233465436846e+02,7.392012119293212891e+00,1.635357682662317558e+01,1.166405846693087334e+01,1.478402423858642678e-01
8.479590872606495395e+02,5.831669657116290182e+02,4.301208496093750000e+00,1.695918174521299093e+01,1.166333931423258008e+01,8.602416992187500444e-02
8.782393323916476220e+02,5.831310376606415957e+02,4.869496345520019531e+00,1.756478664783295329e+01,1.166262075321283298e+01,9.738992691040039562e-02
9.085195767247932963e+02,5.830951391942799091e+02,5.179298400878906250e+00,1.817039153449586664e+01,1.166190278388559776e+01,1.035859680175781339e-01
9.387998202565941028e+02,5.830592703116126359e+02,4.485191822052001953e+00,1.877599640513188106e+01,1.166118540623225286e+01,8.970383644104004683e-02
9.690800629918812774e+02,5.830234310138039291e+02,4.818432807922363281e+00,1.938160125983762683e+01,1.166046862027607922e+01,9.636865615844726618e-02
9.993603049299563281e+02,5.829876212996896356e+02,4.290781021118164062e+00,1.998720609859912756e+01,1.165975242599379236e+01,8.581562042236327847e-02
1.029640546070004348e+03,5.829518411702010781e+02,4.097181797027587891e+00,2.059281092140008695e+01,1.165903682340402092e+01,8.194363594055176225e-02
1.059920786416914780e+03,5.829160906248725951e+02,3.381662368774414062e+00,2.119841572833829701e+01,1.165832181249745148e+01,6.763324737548828680e-02
1.090201025967136957e+03,5.828803696630056947e+02,3.099433422088623047e+00,2.180402051934273899e+01,1.165760739326011475e+01,6.198866844177246260e-02
1.120481264722766355e+03,5.828446782862301916e+02,2.669639348983764648e+00,2.240962529445532780e+01,1.165689356572460333e+01,5.339278697967529685e-02
1.150761502683046274e+03,5.828090164931491017e+02,2.849472999572753906e+00,2.301523005366092534e+01,1.165618032986298225e+01,5.698945999145507701e-02
1.181041739852807950e+03,5.827733842844609171e+02,2.741085767745971680e+00,2.362083479705615829e+01,1.165546768568921898e+01,5.482171535491943415e-02
1.211321976228558924e+03,5.827377816601656377e+02,2.690778017044067383e+00,2.422643952457118033e+01,1.165475563320331354e+01,5.381556034088134932e-02
1.241602211810881272e+03,5.827022086197976023e+02,3.901684522628784180e+00,2.483204423621762658e+01,1.165404417239595247e+01,7.803369045257568803e-02
1.271882446603325661e+03,5.826666651635896415e+02,3.574128866195678711e+00,2.543764893206651223e+01,1.165333330327179340e+01,7.148257732391358199e-02
1.302162680605077185e+03,5.826311512915417552e+02,3.398232460021972656e+00,2.604325361210154455e+01,1.165262302583083454e+01,6.796464920043945868e-02
1.332442913816834334e+03,5.825956670038867742e+02,1.988686323165893555e+00,2.664885827633668569e+01,1.165191334007773527e+01,3.977372646331787248e-02
3.035489453369518742e+01,5.534323772289790213e+02,6.368527603149414062e+01,6.070978906739037395e-01,1.106864754457958000e+01,1.273705520629882848e+00
6.063519150210777298e+01,5.533956512317527086e+02,7.256044006347656250e+01,1.212703830042155539e+00,1.106791302463505389e+01,1.451208801269531223e+00
9.091548765217885375e+01,5.533589548179879785e+02,7.777243804931640625e+01,1.818309753043577004e+00,1.106717909635976049e+01,1.555448760986328116e+00
1.211957829873426817e+02,5.533222879876848310e+02,7.692235565185546875e+01,2.423915659746853635e+00,1.106644575975369627e+01,1.538447113037109348e+00
1.514760775081231259e+02,5.532856507415417582e+02,7.208240509033203125e+01,3.029521550162462606e+00,1.106571301483083580e+01,1.441648101806640714e+00
1.817563712111441419e+02,5.532490430786274374e+02,6.704148101806640625e+01,3.635127424222882819e+00,1.106498086157254868e+01,1.340829620361328134e+00
2.120366641011787578e+02,5.532124649994075298e+02,5.933670425415039062e+01,4.240733282023574802e+00,1.106424929998815010e+01,1.186734085083007928e+00
2.423169561774702743e+02,5.531759165041148663e+02,2.600000000000000000e+01,4.846339123549405770e+00,1.106351833008229768e+01,5.200000000000000178e-01
2.725972474393201992e+02,5.531393975922837853e+02,2.600000000000000000e+01,5.451944948786404233e+00,1.106278795184567620e+01,5.200000000000000178e-01
3.028775378916179761e+02,5.531029082639142871e+02,2.600000000000000000e+01,6.057550757832359523e+00,1.106205816527828567e+01,5.200000000000000178e-01
3.331578275306965224e+02,5.530664485194720328e+02,2.600000000000000000e+01,6.663156550613930307e+00,1.106132897038944130e+01,5.200000000000000178e-01
3.634381163573707454e+02,5.530300183584913611e+02,2.736881446838378906e+01,7.268762327147414659e+00,1.106060036716982786e+01,5.473762893676757946e-01
3.937184043750166893e+02,5.529936177812051028e+02,3.075756263732910156e+01,7.874368087500333679e+00,1.105987235562410298e+01,6.151512527465820002e-01
4.239986915828194469e+02,5.529572467878460884e+02,3.576409912109375000e+01,8.479973831656389294e+00,1.105914493575692248e+01,7.152819824218750178e-01
4.542789779815939255e+02,5.529209053774829954e+02,3.280362701416015625e+01,9.085579559631879576e+00,1.105841810754965948e+01,6.560725402832031650e-01
4.845592635718639940e+02,5.528845935515128076e+02,1.973535728454589844e+01,9.691185271437280591e+00,1.105769187103025608e+01,3.947071456909179710e-01
5.148395483544445597e+02,5.528483113083057106e+02,1.078168678283691406e+01,1.029679096708889219e+01,1.105696622616611435e+01,2.156337356567382957e-01
5.451198323298012838e+02,5.528120586492586881e+02,1.078168678283691406e+01,1.090239664659602603e+01,1.105624117298517461e+01,2.156337356567382957e-01
5.754001154973520897e+02,5.527758355739060789e+02,1.078168678283691406e+01,1.150800230994704165e+01,1.105551671147812165e+01,2.156337356567382957e-01
6.056803978618117981e+02,5.527396420820150524e+02,1.078168678283691406e+01,1.211360795723623696e+01,1.105479284164030140e+01,2.156337356567382957e-01
6.359606794198043644e+02,5.527034781735856086e+02,1.078168678283691406e+01,1.271921358839608729e+01,1.105406956347171210e+01,2.156337356567382957e-01
6.662409601718536578e+02,5.526673438483849168e+02,1.354346847534179688e+01,1.332481920343707316e+01,1.105334687696769791e+01,2.708693695068359331e-01
6.965212401214521378e+02,5.526312391075771302e+02,1.413965129852294922e+01,1.393042480242904269e+01,1.105262478215154331e+01,2.827930259704589666e-01
7.268015192679013126e+02,5.525951639499980956e+02,1.720081710815429688e+01,1.453603038535802661e+01,1.105190327899996205e+01,3.440163421630859641e-01
7.570817976118414663e+02,5.525591183756478131e+02,2.114480018615722656e+01,1.514163595223682890e+01,1.105118236751295591e+01,4.228960037231445646e-01
7.873620751538546756e+02,5.525231023854576051e+02,1.902064514160156250e+01,1.574724150307709358e+01,1.105046204770915175e+01,3.804129028320312744e-01
8.176423518947558478e+02,5.524871159784961492e+02,1.002327442169189453e+01,1.635284703789511696e+01,1.104974231956992270e+01,2.004654884338379073e-01
8.479226278336718678e+02,5.524511591549962759e+02,4.383702754974365234e+00,1.695845255667343920e+01,1.104902318309992637e+01,8.767405509948730802e-02
8.782029029740951955e+02,5.524152319154236466e+02,4.133457183837890625e+00,1.756405805948190491e+01,1.104830463830847265e+01,8.266914367675781694e-02
9.084831773166661151e+02,5.523793342593125999e+02,3.965731859207153320e+00,1.816966354633332159e+01,1.104758668518625164e+01,7.931463718414306918e-02
9.387634508578921668e+02,5.523434661864303052e+02,3.642782926559448242e+00,1.877526901715784291e+01,1.104686932372860575e+01,7.285565853118897151e-02
9.690437236025463790e+02,5.523076276974752545e+02,3.546798229217529297e+00,1.938087447205092673e+01,1.104615255394950601e+01,7.093596458435058594e-02
9.993239955500466749e+02,5.522718187919817865e+02,3.247334718704223633e+00,1.998647991100093435e+01,1.104543637583963545e+01,6.494669437408447099e-02
1.029604266699519940e+03,5.522360394699499011e+02,3.168943643569946289e+00,2.059208533399040064e+01,1.104472078939899760e+01,6.337887287139892800e-02
1.059884537055797409e+03,5.522002897318452597e+02,2.906931400299072266e+00,2.119769074111594875e+01,1.104400579463690590e+01,5.813862800598144920e-02
1.090164806615444832e+03,5.521645695767365396e+02,2.286008834838867188e+00,2.180329613230889763e+01,1.104329139153473172e+01,4.572017669677734542e-02
1.120445075380499475e+03,5.521288790053222328e+02,2.526700258255004883e+00,2.240890150760998978e+01,1.104257758010644430e+01,5.053400516510010015e-02
1.150725343350146431e+03,5.520932180176023394e+02,2.467209815979003906e+00,2.301450686700292891e+01,1.104186436035204721e+01,4.934419631958007757e-02
1.181005610529275145e+03,5.520575866131111979e+02,1.986484408378601074e+00,2.362011221058550348e+01,1.104115173226222346e+01,3.972968816757202482e-02
1.211285876914393157e+03,5.520219847923144698e+02,1.881603717803955078e+00,2.422571753828786356e+01,1.104043969584629004e+01,3.763207435607910517e-02
1.241566142506140750e+03,5.519864125552121550e+02,2.237176656723022461e+00,2.483132285012281670e+01,1.103972825110424338e+01,4.474353313446045172e-02
1.271846407307893969e+03,5.519508699013385922e+02,2.506486415863037109e+00,2.543692814615787867e+01,1.103901739802677184e+01,5.012972831726074385e-02
1.302126671319012530e+03,5.519153568309266120e+02,2.548546075820922852e+00,2.604253342638025259e+01,1.103830713661853302e+01,5.097092151641845897e-02
1.332406934540136717e+03,5.518798733444418758e+02,2.178392410278320312e+00,2.664813869080273534e+01,1.103759746688883858e+01,4.356784820556641041e-02
3.031762572959996760e+01,5.227165491096675396e+02,6.424530029296875000e+01,6.063525145919993475e-01,1.045433098219335122e+01,1.284906005859375089e+00
6.059795270685572177e+01,5.226798239413183182e+02,7.633231353759765625e+01,1.211959054137114355e+00,1.045359647882636622e+01,1.526646270751953249e+00
9.087827886576997116e+01,5.226431283559650183e+02,8.093906402587890625e+01,1.817565577315399361e+00,1.045286256711930051e+01,1.618781280517578081e+00
1.211586042097187601e+02,5.226064623536076397e+02,7.938257598876953125e+01,2.423172084194375131e+00,1.045212924707215230e+01,1.587651519775390652e+00
1.514389287393423729e+02,5.225698259342461824e+02,7.191262054443359375e+01,3.028778574786847422e+00,1.045139651868492336e+01,1.438252410888671839e+00
1.817192524511483498e+02,5.225332190978806466e+02,6.636670684814453125e+01,3.634385049022966996e+00,1.045066438195761371e+01,1.327334136962890598e+00
2.119995753500261344e+02,5.224966418445110321e+02,6.220365142822265625e+01,4.239991507000523185e+00,1.044993283689022157e+01,1.244073028564453232e+00
2.422798974351026118e+02,5.224600941741373390e+02,4.175178146362304688e+01,4.845597948702052626e+00,1.044920188348274692e+01,8.350356292724609997e-01
2.725602187057957053e+02,5.224235760867595673e+02,2.600000000000000000e+01,5.451204374115913964e+00,1.044847152173519156e+01,5.200000000000000178e-01
3.028405391668202356e+02,5.223870875823777169e+02,2.600000000000000000e+01,6.056810783336405102e+00,1.044774175164755370e+01,5.200000000000000178e-01
3.331208588147419505e+02,5.223506286612246186e+02,2.600000000000000000e+01,6.662417176294838761e+00,1.044701257322449273e+01,5.200000000000000178e-01
3.634011776502011344e+02,5.223141993226017803e+02,2.600000000000000000e+01,7.268023553004022475e+00,1.044628398645203582e+01,5.200000000000000178e-01
3.936814956766320392e+02,5.222777995667420328e+02,2.600000000000000000e+01,7.873629913532640856e+00,1.044555599133484058e+01,5.200000000000000178e-01
4.239618128932197578e+02,5.222414293943438679e+02,2.600000000000000000e+01,8.479236257864394943e+00,1.044482858788687807e+01,5.200000000000000178e-01
4.542421293007791974e+02,5.222050888047087938e+02,2.600000000000000000e+01,9.084842586015584587e+00,1.044410177609417545e+01,5.200000000000000178e-01
4.845224448998342268e+02,5.221687777980696410e+02,2.144716453552246094e+01,9.690448897996684963e+00,1.044337555596139389e+01,4.289432907104492321e-01
5.148027596911415458e+02,5.221324963741935790e+02,1.283274269104003906e+01,1.029605519382283063e+01,1.044264992748387222e+01,2.566548538208007768e-01
5.450830736752832308e+02,5.220962445333134383e+02,1.078168678283691406e+01,1.090166147350566561e+01,1.044192489066626983e+01,2.156337356567382957e-01
5.753633868515607901e+02,5.220600222758948803e+02,1.202292823791503906e+01,1.150726773703121530e+01,1.044120044551789839e+01,2.404585647583007968e-01
6.056436992248054594e+02,5.220238296010065824e+02,1.332509517669677734e+01,1.211287398449610997e+01,1.044047659202013101e+01,2.665019035339355469e-01
6.359240107915247791e+02,5.219876665091142058e+02,1.865909194946289062e+01,1.271848021583049615e+01,1.043975333018228469e+01,3.731818389892578303e-01
6.662043215523590334e+02,5.219515329995192587e+02,1.637136268615722656e+01,1.332408643104718138e+01,1.043903065999038482e+01,3.274272537231445179e-01
6.964846315106842667e+02,5.219154290736187249e+02,1.562087345123291016e+01,1.392969263021368498e+01,1.043830858147237528e+01,3.124174690246582231e-01
7.267649406658601947e+02,5.218793547304812819e+02,1.739405441284179688e+01,1.453529881331720475e+01,1.043758709460962564e+01,3.478810882568359464e-01
7.570452490185271017e+02,5.218433099701069295e+02,2.155430412292480469e+01,1.514090498037054289e+01,1.043686619940213944e+01,4.310860824584961115e-01
7.873255565692670643e+02,5.218072947929613292e+02,2.052729415893554688e+01,1.574651113138534164e+01,1.043614589585922658e+01,4.105458831787109353e-01
8.176058633188949898e+02,5.217713091981131583e+02,1.674538612365722656e+01,1.635211726637789909e+01,1.043542618396226374e+01,3.349077224731445424e-01
8.478861692665377632e+02,5.217353531867265701e+02,9.923573493957519531e+00,1.695772338533075541e+01,1.043470706373453183e+01,1.984714698791504028e-01
8.781664744156878442e+02,5.216994267581030726e+02,4.294847488403320312e+00,1.756332948831375873e+01,1.043398853516206159e+01,8.589694976806640236e-02
9.084467787669273093e+02,5.216635299124754965e+02,3.642587661743164062e+00,1.816893557533854775e+01,1.043327059824951064e+01,7.285175323486328680e-02
9.387270823168801144e+02,5.216276626491453499e+02,3.278821945190429688e+00,1.877454164633760314e+01,1.043255325298290792e+01,6.557643890380859819e-02
9.690073850703192875e+02,5.215918249695096165e+02,3.315540075302124023e+00,1.938014770140638632e+01,1.043183649939019197e+01,6.631080150604248824e-02
9.992876870264299214e+02,5.215560168724041432e+02,3.000584602355957031e+00,1.998575374052859743e+01,1.043112033744808365e+01,6.001169204711914035e-02
1.029567988184629939e+03,5.215202383580617607e+02,2.925513982772827148e+00,2.059135976369259780e+01,1.043040476716123521e+01,5.851027965545654158e-02
1.059848288549634162e+03,5.214844894269481301e+02,2.812625169754028320e+00,2.119696577099268353e+01,1.042968978853896367e+01,5.625250339508056779e-02
1.090128588117950130e+03,5.214487700778990984e+02,2.306017637252807617e+00,2.180257176235900474e+01,1.042897540155798275e+01,4.612035274505615207e-02
1.120408886891673319e+03,5.214130803125444800e+02,2.250456809997558594e+00,2.240817773783346567e+01,1.042826160625089038e+01,4.500913619995117188e-02
1.150689184870047029e+03,5.213774201294872910e+02,2.263094902038574219e+00,2.301378369740094243e+01,1.042754840258974625e+01,4.526189804077148521e-02
1.180969482057844289e+03,5.213417895296588540e+02,2.001807928085327148e+00,2.361938964115688577e+01,1.042683579059317722e+01,4.003615856170654463e-02
1.211249778451630846e+03,5.213061885123606771e+02,2.178500652313232422e+00,2.422499556903261819e+01,1.042612377024721404e+01,4.357001304626464955e-02
1.241530074052046984e+03,5.212706170782912523e+02,1.881603717803955078e+00,2.483060148104094012e+01,1.042541234156582597e+01,3.763207435607910517e-02
1.271810368862468749e+03,5.212350752269849181e+02,1.907702207565307617e+00,2.543620737724937442e+01,1.042470150453969779e+01,3.815404415130615318e-02
1.302090662882255856e+03,5.211995629584416747e+02,2.157508850097656250e+00,2.604181325764511712e+01,1.042399125916883307e+01,4.315017700195312306e-02
1.332370956112048589e+03,5.211640802726615220e+02,3.126655817031860352e+00,2.664741912224097220e+01,1.042328160545323001e+01,6.253311634063721258e-02
0.000000000000000000e+00,4.920374755000229925e+02,5.024088287353515625e+01,0.000000000000000000e+00,9.840749510000460276e+00,1.004817657470703063e+00
3.028035780449863523e+01,4.920007215784862638e+02,6.040258407592773438e+01,6.056071560899727313e-01,9.840014431569725772e+00,1.208051681518554688e+00
6.056071478995727375e+01,4.919639972392469645e+02,7.069499969482421875e+01,1.211214295799145413e+00,9.839279944784939502e+00,1.413899993896484464e+00
9.084107095695799217e+01,4.919273024825379252e+02,7.165516662597656250e+01,1.816821419139159843e+00,9.838546049650759073e+00,1.433103332519531259e+00
1.211214263089932501e+02,4.918906373076606542e+02,7.032728576660156250e+01,2.422428526179865038e+00,9.837812746153213439e+00,1.406545715332031321e+00
1.514017808467615396e+02,4.918540017155464739e+02,6.701635742187500000e+01,3.028035616935230934e+00,9.837080034310929477e+00,1.340327148437500115e+00
1.816821345666539855e+02,4.918173957054968923e+02,6.302659606933593750e+01,3.633642691333079711e+00,9.836347914109937918e+00,1.260531921386718768e+00
2.119624874736182392e+02,4.917808192779775709e+02,5.775656890869140625e+01,4.239249749472365103e+00,9.835616385559552199e+00,1.155131378173828161e+00
2.422428395667811856e+02,4.917442724325228482e+02,3.870719909667968750e+01,4.844856791335623747e+00,9.834885448650457107e+00,7.741439819335937944e-01
2.725231908455607481e+02,4.917077551698312163e+02,2.600000000000000000e+01,5.450463816911215176e+00,9.834155103396623687e+00,5.200000000000000178e-01
3.028035413147299550e+02,4.916712674892041832e+02,2.600000000000000000e+01,6.056070826294599030e+00,9.833425349784084446e+00,5.200000000000000178e-01
3.330838909707381390e+02,4.916348093908745795e+02,2.624500083923339844e+01,6.661677819414762780e+00,9.832696187817491662e+00,5.249000167846680220e-01
3.633642398142255843e+02,4.915983808746095747e+02,2.600000000000000000e+01,7.267284796284512183e+00,9.831967617492191280e+00,5.200000000000000178e-01
3.936445878487429582e+02,4.915619819408748299e+02,2.600000000000000000e+01,7.872891756974859767e+00,9.831239638817496740e+00,5.200000000000000178e-01
4.239249350734171458e+02,4.915256125894375145e+02,2.600000000000000000e+01,8.478498701468343057e+00,9.830512251788750433e+00,5.200000000000000178e-01
4.542052814890630543e+02,4.914892728202976286e+02,2.600000000000000000e+01,9.084105629781261015e+00,9.829785456405952360e+00,5.200000000000000178e-01
4.844856270961463451e+02,4.914529626334551722e+02,2.611501312255859375e+01,9.689712541922927969e+00,9.829059252669104296e+00,5.223002624511718928e-01
5.147659718955401331e+02,4.914166820286773145e+02,2.304631805419921875e+01,1.029531943791080373e+01,9.828333640573546859e+00,4.609263610839843817e-01
5.450463158877100796e+02,4.913804310064297169e+02,1.941620254516601562e+01,1.090092631775420173e+01,9.827608620128595263e+00,3.883240509033203391e-01
5.753266590720741078e+02,4.913442095662467182e+02,1.657175636291503906e+01,1.150653318144148152e+01,9.826884191324934292e+00,3.314351272583007657e-01
6.056070014533470385e+02,4.913080177083611488e+02,2.234127426147460938e+01,1.211214002906694098e+01,9.826160354167223332e+00,4.468254852294921697e-01
6.358873430280946195e+02,4.912718554327730089e+02,2.922006034851074219e+01,1.271774686056189196e+01,9.825437108655460605e+00,5.844012069702148038e-01
6.661676837969571352e+02,4.912357227394822985e+02,1.751941490173339844e+01,1.332335367593914377e+01,9.824714454789646112e+00,3.503882980346679776e-01
6.964480237633688375e+02,4.911996196282561868e+02,1.672606658935546875e+01,1.392896047526737746e+01,9.823992392565124021e+00,3.345213317871093550e-01
7.267283629265730269e+02,4.911635460997931659e+02,2.121068000793457031e+01,1.453456725853146025e+01,9.823270921995863603e+00,4.242136001586914174e-01
7.570087012872681953e+02,4.911275021531619132e+02,2.731049156188964844e+01,1.514017402574536497e+01,9.822550043063237979e+00,5.462098312377929865e-01
7.872890388460364193e+02,4.910914877890609205e+02,2.452539253234863281e+01,1.574578077692072853e+01,9.821829755781218196e+00,4.905078506469726651e-01
8.175693756036343984e+02,4.910555030067916960e+02,2.633397674560546875e+01,1.635138751207268726e+01,9.821110060135834985e+00,5.266795349121093928e-01
8.478497115593054332e+02,4.910195478068199009e+02,2.229414176940917969e+01,1.695699423118610838e+01,9.820390956136398231e+00,4.458828353881836293e-01
8.781300467164837755e+02,4.909836221891455352e+02,1.344714736938476562e+01,1.756260093432967651e+01,9.819672443782911486e+00,2.689429473876953081e-01
9.084103810757515021e+02,4.909477261537685990e+02,4.452409267425537109e+00,1.816820762151503033e+01,9.818954523075372975e+00,8.904818534851074996e-02
9.386907146336743608e+02,4.909118597004562616e+02,3.154695510864257812e+00,1.877381429267348878e+01,9.818237194009125091e+00,6.309391021728515125e-02
9.689710473951417953e+02,4.908760228296741843e+02,3.234842061996459961e+00,1.937942094790283676e+01,9.817520456593483047e+00,6.469684123992920644e-02
9.992513793592224829e+02,4.908402155409567058e+02,3.120447158813476562e+00,1.998502758718445094e+01,9.816804310819135182e+00,6.240894317626953514e-02
1.029531710525392555e+03,4.908044378343038261e+02,2.691069841384887695e+00,2.059063421050785081e+01,9.816088756686076167e+00,5.382139682769775807e-02
1.059812040898366831e+03,4.907686897101812065e+02,2.584664344787597656e+00,2.119624081796733606e+01,9.815373794203624769e+00,5.169328689575195673e-02
1.090092370474711061e+03,4.907329711681231856e+02,2.287100076675415039e+00,2.180184740949422206e+01,9.814659423362463997e+00,4.574200153350830439e-02
1.120372699256404303e+03,4.906972822081297636e+02,2.155373811721801758e+00,2.240745398512808606e+01,9.813945644162595627e+00,4.310747623443603876e-02
1.150653027242689859e+03,4.906616228302009404e+02,2.155373811721801758e+00,2.301306054485379704e+01,9.813232456604019660e+00,4.310747623443603876e-02
1.180933354438515380e+03,4.906259930348023772e+02,1.691908121109008789e+00,2.361866708877030874e+01,9.812519860696047758e+00,3.383816242218017772e-02
1.211213680840271991e+03,4.905903928214684129e+02,1.889777898788452148e+00,2.422427361680544067e+01,9.811807856429368258e+00,3.779555797576904241e-02
1.241494006448599976e+03,4.905548221901990473e+02,1.691908121109008789e+00,2.482988012897200036e+01,9.811096443803981160e+00,3.383816242218017772e-02
1.271774331267050002e+03,4.905192811414599419e+02,2.011539220809936523e+00,2.543548662534099947e+01,9.810385622829199903e+00,4.023078441619873380e-02
1.302054655294748954e+03,4.904837696743197739e+02,2.122591495513916016e+00,2.604109310589497994e+01,9.809675393486395834e+00,4.245182991027832142e-02
3.024309075844939798e+01,4.612848946356680244e+02,5.450423431396484375e+01,6.048618151689879596e-01,9.225697892713361270e+00,1.090084686279296999e+00
6.052347775129601359e+01,4.612481711253058165e+02,5.759416198730468750e+01,1.210469555025920352e+00,9.224963422506116117e+00,1.151883239746093857e+00
9.080386392568470910e+01,4.612114771972410381e+02,6.017166900634765625e+01,1.816077278513694271e+00,9.224229543944820975e+00,1.203433380126953223e+00
1.210842492851661518e+02,4.611748128505423665e+02,6.643482971191406250e+01,2.421684985703322912e+00,9.223496257010847188e+00,1.328696594238281348e+00
1.513646338302642107e+02,4.611381780854426324e+02,6.149914932250976562e+01,3.027292676605284338e+00,9.222763561708852365e+00,1.229982986450195437e+00
1.816450175576610491e+02,4.611015729017090052e+02,5.640049743652343750e+01,3.632900351153220964e+00,9.222031458034180673e+00,1.128009948730468670e+00
2.119254004719550721e+02,4.610649973000399768e+02,4.895416641235351562e+01,4.238508009439101443e+00,9.221299946000799608e+00,9.790833282470703391e-01
2.422057825725642033e+02,4.610284512795042247e+02,3.722107315063476562e+01,4.844115651451284421e+00,9.220569025590084067e+00,7.444214630126952947e-01
2.724861638587317429e+02,4.609919348412659019e+02,2.600000000000000000e+01,5.449723277174634894e+00,9.219838696825318536e+00,5.200000000000000178e-01
3.027665443352307193e+02,4.609554479841608554e+02,2.600000000000000000e+01,6.055330886704614279e+00,9.219108959683216753e+00,5.200000000000000178e-01
3.330469239986268803e+02,4.609189907088875771e+02,2.619000053405761719e+01,6.660938479972537962e+00,9.218379814177751541e+00,5.238000106811523393e-01
3.633273028495023027e+02,4.608825630154460669e+02,2.600000000000000000e+01,7.266546056990046409e+00,9.217651260308921124e+00,5.200000000000000178e-01
3.936076808913494460e+02,4.608461649033706635e+02,2.600000000000000000e+01,7.872153617826989525e+00,9.216923298067413839e+00,5.200000000000000178e-01
4.238880581234116107e+02,4.608097963728941977e+02,2.600000000000000000e+01,8.477761162468231859e+00,9.216195927457883741e+00,5.200000000000000178e-01
4.541684345463872887e+02,4.607734574242495000e+02,2.600000000000000000e+01,9.083368690927745348e+00,9.215469148484990214e+00,5.200000000000000178e-01
4.844488101609167643e+02,4.607371480572037399e+02,2.623387336730957031e+01,9.688976203218334859e+00,9.214742961144075650e+00,5.246774673461913618e-01
5.147291849675821140e+02,4.607008682712912560e+02,2.709781837463378906e+01,1.029458369935164264e+01,9.214017365425824835e+00,5.419563674926758390e-01
5.450095589671400376e+02,4.606646180672105402e+02,2.772814559936523438e+01,1.090019117934280146e+01,9.213292361344210590e+00,5.545629119873046742e-01
5.752899321588338353e+02,4.606283974449615926e+02,3.080030250549316406e+01,1.150579864317667678e+01,9.212567948899232917e+00,6.160060501098633123e-01
6.055703045474365354e+02,4.605922064043115824e+02,3.417309951782226562e+01,1.211140609094873177e+01,9.211844128086232431e+00,6.834619903564452814e-01
6.358506761295720935e+02,4.605560449452605098e+02,3.551640319824218750e+01,1.271701352259144180e+01,9.211120898905210908e+00,7.103280639648437145e-01
6.661310469057061709e+02,4.605199130675755441e+02,2.809268188476562500e+01,1.332262093811412385e+01,9.210398261351510740e+00,5.618536376953124911e-01
6.964114168794476427e+02,4.604838107717223465e+02,2.808188056945800781e+01,1.392822833758895307e+01,9.209676215434447144e+00,5.616376113891601296e-01
7.266917860499816015e+02,4.604477380572352558e+02,2.902530288696289062e+01,1.453383572099963317e+01,9.208954761144704904e+00,5.805060577392577859e-01
7.569721544180065393e+02,4.604116949241142720e+02,2.544434738159179688e+01,1.513944308836013164e+01,9.208233898482285795e+00,5.088869476318359508e-01
7.872525219841045327e+02,4.603756813730578870e+02,2.526739692687988281e+01,1.574505043968209073e+01,9.207513627461157313e+00,5.053479385375976296e-01
8.175328887490322813e+02,4.603396974038332701e+02,2.795776748657226562e+01,1.635065777498064676e+01,9.206793948076665401e+00,5.591553497314453169e-01
8.478132547119748779e+02,4.603037430155090988e+02,2.663987159729003906e+01,1.695626509423949813e+01,9.206074860310181407e+00,5.327974319458007590e-01
8.780936198764247820e+02,4.602678182087838650e+02,2.226487922668457031e+01,1.756187239752849649e+01,9.205356364175678152e+00,4.452975845336913929e-01
9.083739842430222780e+02,4.602319229838903993e+02,1.140276908874511719e+01,1.816747968486044584e+01,9.204638459677807916e+00,2.280553817749023382e-01
9.386543478082749061e+02,4.601960573403630406e+02,3.154695510864257812e+00,1.877308695616549983e+01,9.203921146807260811e+00,6.309391021728515125e-02
9.689347105769556947e+02,4.601602212786674500e+02,3.154695510864257812e+00,1.937869421153911276e+01,9.203204425573348502e+00,6.309391021728515125e-02
9.992150725484243594e+02,4.601244147983379662e+02,2.997034311294555664e+00,1.998430145096848776e+01,9.202488295966759324e+00,5.994068622589111134e-02
1.029495433721807785e+03,4.600886378993745893e+02,2.781002044677734375e+00,2.058990867443615613e+01,9.201772757987491502e+00,5.562004089355469111e-02
1.059775794102111831e+03,4.600528905822429806e+02,2.360579967498779297e+00,2.119551588204223691e+01,9.201057811644860251e+00,4.721159934997559010e-02
1.090056153685669415e+03,4.600171728464774787e+02,2.303422451019287109e+00,2.180112307371338787e+01,9.200343456929550356e+00,4.606844902038574607e-02
1.120336512474634219e+03,4.599814846923109144e+02,2.432770490646362305e+00,2.240673024949268566e+01,9.199629693846217648e+00,4.865540981292724998e-02
1.150616870468249545e+03,4.599458261195104569e+02,2.165718793869018555e+00,2.301233740936499217e+01,9.198916522390209849e+00,4.331437587738037193e-02
1.180897227671288420e+03,4.599101971283089370e+02,1.771809577941894531e+00,2.361794455342576882e+01,9.198203942566179236e+00,3.543619155883789146e-02
1.211177584080258384e+03,4.598745977187063545e+02,1.691908121109008789e+00,2.422355168160516925e+01,9.197491954374127587e+00,3.383816242218017772e-02
1.241457939695916139e+03,4.598390278904698789e+02,1.691908121109008789e+00,2.482915879391832448e+01,9.196780557809397294e+00,3.383816242218017772e-02
1.271738294521579519e+03,4.598034876440651715e+02,2.058802843093872070e+00,2.543476589043159208e+01,9.196069752881303572e+00,4.117605686187744002e-02
1.302018648556550033e+03,4.597679769787937403e+02,2.162038326263427734e+00,2.604037297113100280e+01,9.195359539575875374e+00,4.324076652526855774e-02
3.020582459139404818e+01,4.305690682814456522e+02,4.836203765869140625e+01,6.041164918278809637e-01,8.611381365628913542e+00,9.672407531738281827e-01
6.048624159093014896e+01,4.305323456001933664e+02,4.837697219848632812e+01,1.209724831818602908e+00,8.610646912003867115e+00,9.675394439697265758e-01
9.076665777206653729e+01,4.304956525003071874e+02,4.760825347900390625e+01,1.815333155441330781e+00,8.609913050006143820e+00,9.521650695800781827e-01
1.210470731381792575e+02,4.304589889813214540e+02,4.968213653564453125e+01,2.420941462763585239e+00,8.609179779626428441e+00,9.936427307128906650e-01
1.513274876900250092e+02,4.304223550432361662e+02,5.113462829589843750e+01,3.026549753800500397e+00,8.608447100864722756e+00,1.022692565917968865e+00
1.816079014240531251e+02,4.303857506860513240e+02,4.721690750122070312e+01,3.632158028481062395e+00,8.607715013721026764e+00,9.443381500244141247e-01
2.118883143450948410e+02,4.303491759099997580e+02,4.311835861206054688e+01,4.237766286901896606e+00,8.606983518199994521e+00,8.623671722412109553e-01
2.421687264523934573e+02,4.303126307148486376e+02,2.600000000000000000e+01,4.843374529047869359e+00,8.606252614296973746e+00,5.200000000000000178e-01
2.724491377451922745e+02,4.302761151008307934e+02,2.600000000000000000e+01,5.448982754903845205e+00,8.605522302016616720e+00,5.200000000000000178e-01
3.027295482283807360e+02,4.302396290677133948e+02,2.600000000000000000e+01,6.054590964567615252e+00,8.604792581354267611e+00,5.200000000000000178e-01
3.330099578984081745e+02,4.302031726154964417e+02,2.600000000000000000e+01,6.660199157968163419e+00,8.604063452309928195e+00,5.200000000000000178e-01
3.632903667560312897e+02,4.301667457441799343e+02,2.600000000000000000e+01,7.265807335120626043e+00,8.603334914883598472e+00,5.200000000000000178e-01
3.935707748045097105e+02,4.301303484542295337e+02,2.600000000000000000e+01,7.871415496090194530e+00,8.602606969084590105e+00,5.200000000000000178e-01
4.238511820432031527e+02,4.300939807447139174e+02,2.600000000000000000e+01,8.477023640864063125e+00,8.601879614894277992e+00,5.200000000000000178e-01
4.541315884728683159e+02,4.300576426163315773e+02,2.632536506652832031e+01,9.082631769457366389e+00,8.601152852326631404e+00,5.265073013305664462e-01
4.844119940939708613e+02,4.300213340688496828e+02,3.024017143249511719e+01,9.688239881879416870e+00,8.600426681376994509e+00,6.048034286499023304e-01
5.146923989073256962e+02,4.299850551025010645e+02,3.498061370849609375e+01,1.029384797814651442e+01,8.599701102050021362e+00,6.996122741699218883e-01
5.449728029135148972e+02,4.299488057170528919e+02,4.156955718994140625e+01,1.089945605827029773e+01,8.598976114341057908e+00,8.313911437988281694e-01
5.752532061118399724e+02,4.299125859122723341e+02,4.506152343750000000e+01,1.150506412223679931e+01,8.598251718245446540e+00,9.012304687500000133e-01
6.055336085071321577e+02,4.298763956886250526e+02,4.461536407470703125e+01,1.211067217014264408e+01,8.597527913772500696e+00,8.923072814941406250e-01
6.358140100958407857e+02,4.298402350458782166e+02,3.612167358398437500e+01,1.271628020191681685e+01,8.596804700917564546e+00,7.224334716796875222e-01
6.660944108786643483e+02,4.298041039840318263e+02,3.628331375122070312e+01,1.332188821757328689e+01,8.596082079680636312e+00,7.256662750244140536e-01
6.963748108589788899e+02,4.297680025030858815e+02,3.564727020263671875e+01,1.392749621717957886e+01,8.595360050061717772e+00,7.129454040527344327e-01
7.266552100361441262e+02,4.297319306030403823e+02,3.566405105590820312e+01,1.453310420072288345e+01,8.594638612060807148e+00,7.132810211181640492e-01
7.569356084107421339e+02,4.296958882841281593e+02,3.127768325805664062e+01,1.513871216821484289e+01,8.593917765682563825e+00,6.255536651611328658e-01
7.872160059834714048e+02,4.296598755461163819e+02,2.625829887390136719e+01,1.574432011966942824e+01,8.593197510922328419e+00,5.251659774780274015e-01
8.174964027549722232e+02,4.296238923887722194e+02,2.474864006042480469e+01,1.634992805509944347e+01,8.592477847775445099e+00,4.949728012084961271e-01
8.477767987245460972e+02,4.295879388123285025e+02,2.269600677490234375e+01,1.695553597449092109e+01,8.591758776246569695e+00,4.539201354980468839e-01
8.780571938955690712e+02,4.295520148167852312e+02,1.899490356445312500e+01,1.756114387791138043e+01,8.591040296335703985e+00,3.798980712890625000e-01
9.083375882687978446e+02,4.295161204023752362e+02,1.570170307159423828e+01,1.816675176537595604e+01,8.590322408047505576e+00,3.140340614318847812e-01
9.386179818406235427e+02,4.294802555686328560e+02,3.708713293075561523e+00,1.877235963681247100e+01,8.589605111372657475e+00,7.417426586151122658e-02
9.688983746158774011e+02,4.294444203157909214e+02,3.291070461273193359e+00,1.937796749231754845e+01,8.588888406315819068e+00,6.582140922546386719e-02
9.991787665939191356e+02,4.294086146438494325e+02,3.183719158172607422e+00,1.998357533187838442e+01,8.588172292876988578e+00,6.367438316345215565e-02
1.029459157773875631e+03,4.293728385528083891e+02,3.062094449996948242e+00,2.058918315547751376e+01,8.587456771056167781e+00,6.124188899993896623e-02
1.059739548160752747e+03,4.293370920424349606e+02,2.397484779357910156e+00,2.119479096321505551e+01,8.586741840848699070e+00,4.794969558715820451e-02
1.090019937750883400e+03,4.293013751131948084e+02,2.268913984298706055e+00,2.180039875501766744e+01,8.586027502263895883e+00,4.537827968597412526e-02
1.120300326546421275e+03,4.292656877646222711e+02,2.268913984298706055e+00,2.240600653092842620e+01,8.585313755292444782e+00,4.537827968597412526e-02
1.150580714546551462e+03,4.292300299969501793e+02,2.078007221221923828e+00,2.301161429093102839e+01,8.584600599939003374e+00,4.156014442443847767e-02
1.180861101756163407e+03,4.291944018104113638e+02,1.799235820770263672e+00,2.361722203512326956e+01,8.583888036208227490e+00,3.598471641540527260e-02
1.211141488171706442e+03,4.291588032045401633e+02,1.702980875968933105e+00,2.422282976343413097e+01,8.583176064090803692e+00,3.405961751937866544e-02
1.241421873793879058e+03,4.291232341793365777e+02,1.691908121109008789e+00,2.482843747587758187e+01,8.582464683586731979e+00,3.383816242218017772e-02
1.271702258626115508e+03,4.290876947350334376e+02,1.691908121109008789e+00,2.543404517252231045e+01,8.581753894700668184e+00,3.383816242218017772e-02
3.016855930333258584e+01,3.998532425146549940e+02,2.600000000000000000e+01,6.033711860666517435e-01,7.997064850293099880e+00,5.200000000000000178e-01
6.044900630885967985e+01,3.998165206627454609e+02,2.600000000000000000e+01,1.208980126177193526e+00,7.996330413254909786e+00,5.200000000000000178e-01
9.072945249598706141e+01,3.997798283912707120e+02,2.600000000000000000e+01,1.814589049919741237e+00,7.995596567825414169e+00,5.200000000000000178e-01
1.210098978681489825e+02,3.997431656999979168e+02,2.600000000000000000e+01,2.420197957362979491e+00,7.994863313999958088e+00,5.200000000000000178e-01
1.512903424259275198e+02,3.997065325891599059e+02,3.262859725952148438e+01,3.025806848518550307e+00,7.994130651783198260e+00,6.525719451904297141e-01
1.815707861660048366e+02,3.996699290587566793e+02,2.600000000000000000e+01,3.631415723320096767e+00,7.993398581175133799e+00,5.200000000000000178e-01
2.118512290929793380e+02,3.996333551080897450e+02,3.243136596679687500e+01,4.237024581859587080e+00,7.992667102161795434e+00,6.486273193359375355e-01
2.421316712062107399e+02,3.995968107380904257e+02,2.600000000000000000e+01,4.842633424124215047e+00,7.991936214761808266e+00,5.200000000000000178e-01
2.724121125050005503e+02,3.995602959485258907e+02,2.600000000000000000e+01,5.448242250100011397e+00,7.991205918970518240e+00,5.200000000000000178e-01
3.026925529941800050e+02,3.995238107389304787e+02,2.600000000000000000e+01,6.053851059883600172e+00,7.990476214778610142e+00,5.200000000000000178e-01
3.329729926701984368e+02,3.994873551097698510e+02,2.600000000000000000e+01,6.659459853403968843e+00,7.989747102195397410e+00,5.200000000000000178e-01
3.632534315336961299e+02,3.994509290610440075e+02,2.600000000000000000e+01,7.265068630673923167e+00,7.989018581220880044e+00,5.200000000000000178e-01
3.935338695881655440e+02,3.994145325925201178e+02,2.600000000000000000e+01,7.870677391763311270e+00,7.988290651850402213e+00,5.200000000000000178e-01
4.238143068328499794e+02,3.993781657046638429e+02,2.730613899230957031e+01,8.476286136657000370e+00,7.987563314093277356e+00,5.461227798461913974e-01
4.540947432683897205e+02,3.993418283963110298e+02,3.163925361633300781e+01,9.081894865367795333e+00,7.986836567926220987e+00,6.327850723266601474e-01
4.843751788954832591e+02,3.993055206688586622e+02,3.908412170410156250e+01,9.687503577909664543e+00,7.986110413377173423e+00,7.816824340820313077e-01
5.146556137147708796e+02,3.992692425216082484e+02,4.438871383666992188e+01,1.029311227429541731e+01,7.985384850432165393e+00,8.877742767333984819e-01
5.449360477268928662e+02,3.992329939543269575e+02,4.933049392700195312e+01,1.089872095453785761e+01,7.984659879086539291e+00,9.866098785400391202e-01
5.752164809311507270e+02,3.991967749674804509e+02,5.022996139526367188e+01,1.150432961862301440e+01,7.983935499349609444e+00,1.004599227905273562e+00
6.054969133323756978e+02,3.991605855608358979e+02,5.068611907958984375e+01,1.210993826664751438e+01,7.983211711216718243e+00,1.013722381591796839e+00
6.357773449269589037e+02,3.991244257346261293e+02,4.370137405395507812e+01,1.271554689853917886e+01,7.982488514692522408e+00,8.740274810791015536e-01
6.660577757157152519e+02,3.990882954883854836e+02,4.097949600219726562e+01,1.332115551431430589e+01,7.981765909767710276e+00,8.195899200439453747e-01
6.963382057019625790e+02,3.990521948225796223e+02,3.990633773803710938e+01,1.392676411403925130e+01,7.981043896451592623e+00,7.981267547607422408e-01
7.266186348850023933e+02,3.990161237374413759e+02,3.915830993652343750e+01,1.453237269770004758e+01,7.980322474748827943e+00,7.831661987304687766e-01
7.568990632655331865e+02,3.989800822318065912e+02,3.249376678466796875e+01,1.513798126531066401e+01,7.979601644636131752e+00,6.498753356933594238e-01
7.871794908441370353e+02,3.989440703068394214e+02,2.856820106506347656e+01,1.574358981688274106e+01,7.978881406136788534e+00,5.713640213012695090e-01
8.174599176215706393e+02,3.989080879618413746e+02,2.544083595275878906e+01,1.634919835243141151e+01,7.978161759236827244e+00,5.088167190551757812e-01
8.477403435970190912e+02,3.988721351972781122e+02,2.296482276916503906e+01,1.695480687194038083e+01,7.977442703945562208e+00,4.592964553833007724e-01
8.780207687739748508e+02,3.988362120126839727e+02,1.900556755065917969e+01,1.756041537547949716e+01,7.976724240253679987e+00,3.801113510131836071e-01
9.083011931530199945e+02,3.988003184087574482e+02,8.830793380737304688e+00,1.816602386306039918e+01,7.976006368175148964e+00,1.766158676147460971e-01
9.385816167307202704e+02,3.987644543845672160e+02,4.086702346801757812e+00,1.877163233461440583e+01,7.975289087691344925e+00,8.173404693603515681e-02
9.688620395119069144e+02,3.987286199412774295e+02,3.335582494735717773e+00,1.937724079023814028e+01,7.974572398825548802e+00,6.671164989471435602e-02
9.991424614957650192e+02,3.986928150772582740e+02,3.118325233459472656e+00,1.998284922991529911e+01,7.973856301545165337e+00,6.236650466918945701e-02
1.029422882681654301e+03,3.986570397941395640e+02,2.921715736389160156e+00,2.058845765363308544e+01,7.973140795882791565e+00,5.843431472778320285e-02
1.059703303074347787e+03,3.986212940909899771e+02,2.705639600753784180e+00,2.119406606148695715e+01,7.972425881819799720e+00,5.411279201507568359e-02
1.089983722670353018e+03,3.985855779678095132e+02,2.542535543441772461e+00,2.179967445340706078e+01,7.971711559356190691e+00,5.085071086883544839e-02
1.120264141471707262e+03,3.985498914250638336e+02,2.318095445632934570e+00,2.240528282943414595e+01,7.970997828501277027e+00,4.636190891265869196e-02
1.150544559477712028e+03,3.985142344625201076e+02,2.222008466720581055e+00,2.301089118955423984e+01,7.970284689250402010e+00,4.444016933441162498e-02
1.180824976693140343e+03,3.984786070801783353e+02,1.691908121109008789e+00,2.361649953386280743e+01,7.969572141603566529e+00,3.383816242218017772e-02
1.211105393114557955e+03,3.984430092780385166e+02,1.691908121109008789e+00,2.422210786229116053e+01,7.968860185560770582e+00,3.383816242218017772e-02
1.241385808742605150e+03,3.984074410561006516e+02,1.722520112991333008e+00,2.482771617485210314e+01,7.968148821122013281e+00,3.445040225982665821e-02
1.271666223580599762e+03,3.983719024141319096e+02,1.728476166725158691e+00,2.543332447161199639e+01,7.967438048282638796e+00,3.456952333450317300e-02
3.013129489426501095e+01,3.691374173371586949e+02,2.600000000000000000e+01,6.026258978853001880e-01,7.382748346743174039e+00,5.200000000000000178e-01
6.041177190508460626e+01,3.691006963141262531e+02,2.600000000000000000e+01,1.208235438101692205e+00,7.382013926282525063e+00,5.200000000000000178e-01
9.069224809750448912e+01,3.690640048712957650e+02,2.600000000000000000e+01,1.813844961950089818e+00,7.381280097425915621e+00,5.200000000000000178e-01
1.209727234749589115e+02,3.690273430077359080e+02,2.600000000000000000e+01,2.419454469499178195e+00,7.380546860154717947e+00,5.200000000000000178e-01
1.512531980380299501e+02,3.689907107239123434e+02,2.600000000000000000e+01,3.025063960760598913e+00,7.379814214478247258e+00,5.200000000000000178e-01
1.815336717833415605e+02,3.689541080195922405e+02,2.600000000000000000e+01,3.630673435666831317e+00,7.379082160391845058e+00,5.200000000000000178e-01
2.118141447156085633e+02,3.689175348950084299e+02,2.600000000000000000e+01,4.236282894312171088e+00,7.378350697900168953e+00,5.200000000000000178e-01
2.420946168341324665e+02,3.688809913501609117e+02,2.600000000000000000e+01,4.841892336682649400e+00,7.377619827003218056e+00,5.200000000000000178e-01
2.723750881381565705e+02,3.688444773850496858e+02,2.600000000000000000e+01,5.447501762763131694e+00,7.376889547700994143e+00,5.200000000000000178e-01
3.026555586326285265e+02,3.688079929994419217e+02,2.600000000000000000e+01,6.053111172652570815e+00,7.376159859988838718e+00,5.200000000000000178e-01
3.329360283138812520e+02,3.687715381935704499e+02,2.600000000000000000e+01,6.658720566277625430e+00,7.375430763871409390e+00,5.200000000000000178e-01
3.632164971826132387e+02,3.687351129669696093e+02,2.600000000000000000e+01,7.264329943652264809e+00,7.374702259339392718e+00,5.200000000000000178e-01
3.934969652423751540e+02,3.686987173201050609e+02,2.600000000000000000e+01,7.869939304847503259e+00,7.373974346402101254e+00,5.200000000000000178e-01
4.237774324922938831e+02,3.686623512532096356e+02,3.038846969604492188e+01,8.475548649845878302e+00,7.373247025064192606e+00,6.077693939208984597e-01
4.540578989330679178e+02,3.686260147655848414e+02,4.213897323608398438e+01,9.081157978661359209e+00,7.372520295311696614e+00,8.427794647216797497e-01
4.843383645653957501e+02,3.685897078579291701e+02,5.281013107299804688e+01,9.686767291307914363e+00,7.371794157158583438e+00,1.056202621459960911e+00
5.146188293899176642e+02,3.685534305293112993e+02,5.864780807495117188e+01,1.029237658779835307e+01,7.371068610586226200e+00,1.172956161499023375e+00
5.448992934072739445e+02,3.685171827808953822e+02,5.761412429809570312e+01,1.089798586814547932e+01,7.370343655617907608e+00,1.152282485961914071e+00
5.751797566167078912e+02,3.684809646117500961e+02,5.196455001831054688e+01,1.150359513233415854e+01,7.369619292235001673e+00,1.039291000366211026e+00
6.054602190231089480e+02,3.684447760221082717e+02,4.863856887817382812e+01,1.210920438046217917e+01,7.368895520442166003e+00,9.727713775634765359e-01
6.357406806229846552e+02,3.684086170122027397e+02,4.385343551635742188e+01,1.271481361245969310e+01,7.368172340244054652e+00,8.770687103271485041e-01
6.660211414169170894e+02,3.683724875820335001e+02,3.908998107910156250e+01,1.332042282833834257e+01,7.367449751640670286e+00,7.817996215820313122e-01
6.963016014083987102e+02,3.683363877311348915e+02,3.895646286010742188e+01,1.392603202816797392e+01,7.366727754622697688e+00,7.791292572021484286e-01
7.265820605966146104e+02,3.683003174602054060e+02,3.818474197387695312e+01,1.453164121193229263e+01,7.366006349204107906e+00,7.636948394775391336e-01
7.568625189823214896e+02,3.682642767685465515e+02,3.828454208374023438e+01,1.513725037964642972e+01,7.365285535370930781e+00,7.656908416748047230e-01
7.871429765661596321e+02,3.682282656563911587e+02,3.836597061157226562e+01,1.574285953132319271e+01,7.364565313127823032e+00,7.673194122314452859e-01
8.174234333487693220e+02,3.681922841239720583e+02,3.353848648071289062e+01,1.634846866697538559e+01,7.363845682479441379e+00,6.707697296142578480e-01
8.477038893293938600e+02,3.681563321710564196e+02,2.057168006896972656e+01,1.695407778658787734e+01,7.363126643421128215e+00,4.114336013793945535e-01
8.779843445114674978e+02,3.681204097976442426e+02,8.609359741210937500e+00,1.755968689022935081e+01,7.362408195952885315e+00,1.721871948242187644e-01
9.082647988957469352e+02,3.680845170042011887e+02,5.021679401397705078e+00,1.816529597791494055e+01,7.361690340084024342e+00,1.004335880279541016e-01
9.385452524786232971e+02,3.680486537897959352e+02,4.150823593139648438e+00,1.877090504957246608e+01,7.360973075795918419e+00,8.301647186279297042e-02
9.688257052649278194e+02,3.680128201551269740e+02,3.526601314544677734e+00,1.937651410529855767e+01,7.360256403102539480e+00,7.053202629089355691e-02
9.991061572539620101e+02,3.679770160997286439e+02,3.381684064865112305e+00,1.998212314507923892e+01,7.359540321994573198e+00,6.763368129730225331e-02
1.029386608445027377e+03,3.679412416245322675e+02,3.017692804336547852e+00,2.058773216890054769e+01,7.358824832490645562e+00,6.035385608673096008e-02
1.059667058842838742e+03,3.679054967283736914e+02,2.518381357192993164e+00,2.119334117685677654e+01,7.358109934567473864e+00,5.036762714385986661e-02
1.089947508444020059e+03,3.678697814117185771e+02,2.491488218307495117e+00,2.179895016888040260e+01,7.357395628234371543e+00,4.982976436614990068e-02
1.120227957250550389e+03,3.678340956747997552e+02,2.171523571014404297e+00,2.240455914501100665e+01,7.356681913495995317e+00,4.343047142028808733e-02
1.150508405261673033e+03,3.677984395171515644e+02,1.874269843101501465e+00,2.301016810523346123e+01,7.355968790343031749e+00,3.748539686203002791e-02
1.180788852482277434e+03,3.677628129390068352e+02,1.691908121109008789e+00,2.361577704964554769e+01,7.355256258780136669e+00,3.383816242218017772e-02
1.211069298908812925e+03,3.677272159405983984e+02,1.691908121109008789e+00,2.422138597817625794e+01,7.354544318811967685e+00,3.383816242218017772e-02
1.241349744541977998e+03,3.676916485219262540e+02,1.716364979743957520e+00,2.482699489083956124e+01,7.353832970438524796e+00,3.432729959487915150e-02
3.009403136424953118e+01,3.384215927470941097e+02,2.600000000000000000e+01,6.018806272849905881e-01,6.768431854941882264e+00,5.200000000000000178e-01
6.037453837966313586e+01,3.383848725536372513e+02,2.600000000000000000e+01,1.207490767593262682e+00,6.767697451072745451e+00,5.200000000000000178e-01
9.065504457661882043e+01,3.383481819389853626e+02,2.600000000000000000e+01,1.813100891532376524e+00,6.766963638779706969e+00,5.200000000000000178e-01
1.209355499586672522e+02,3.383115209029056132e+02,2.600000000000000000e+01,2.418710999173345311e+00,6.766230418058112761e+00,5.200000000000000178e-01
1.512160545263323002e+02,3.382748894463293254e+02,2.600000000000000000e+01,3.024321090526646216e+00,6.765497788926587042e+00,5.200000000000000178e-01
1.814965582761797123e+02,3.382382875685580075e+02,2.600000000000000000e+01,3.629931165523594405e+00,6.764765751371160540e+00,5.200000000000000178e-01
2.117770612129825167e+02,3.382017152695916593e+02,2.600000000000000000e+01,4.235541224259650406e+00,6.764034305391833257e+00,5.200000000000000178e-01
2.420575633361004293e+02,3.381651725498959422e+02,2.600000000000000000e+01,4.841151266722008906e+00,6.763303450997918631e+00,5.200000000000000178e-01
2.723380646447185427e+02,3.381286594090051949e+02,2.600000000000000000e+01,5.446761292894371387e+00,6.762573188180104111e+00,5.200000000000000178e-01
3.026185651436680928e+02,3.380921758471522480e+02,2.600000000000000000e+01,6.052371302873361891e+00,6.761843516943045529e+00,5.200000000000000178e-01
3.328990648294566199e+02,3.380557218643371016e+02,2.619243621826171875e+01,6.657981296589132292e+00,6.761114437286741996e+00,5.238487243652343306e-01
3.631795637027826160e+02,3.380192974605597556e+02,2.674177360534667969e+01,7.263591274055652747e+00,6.760385949211195289e+00,5.348354721069336071e-01
3.934600617670221254e+02,3.379829026353545487e+02,2.903751945495605469e+01,7.869201235340442580e+00,6.759658052707091080e+00,5.807503890991211337e-01
4.237405590214766562e+02,3.379465373894199729e+02,3.742507171630859375e+01,8.474811180429533408e+00,6.758930747788399529e+00,7.485014343261718883e-01
4.540210554668447003e+02,3.379102017225231975e+02,4.894335174560546875e+01,9.080421109336894503e+00,6.758204034450463915e+00,9.788670349121093572e-01
4.843015511036501266e+02,3.378738956341985613e+02,6.063185119628906250e+01,9.686031022073002816e+00,6.757477912683971688e+00,1.212637023925781321e+00
5.145820459327078424e+02,3.378376191249117255e+02,6.838500976562500000e+01,1.029164091865415642e+01,6.756752382498234510e+00,1.367700195312500089e+00
5.448625399545417167e+02,3.378013721946626902e+02,6.841126251220703125e+01,1.089725079909083405e+01,6.756027443893254159e+00,1.368225250244140545e+00
5.751430331685696729e+02,3.377651548434514552e+02,6.525065612792968750e+01,1.150286066337139346e+01,6.755303096869028856e+00,1.305013122558593697e+00
6.054235255795065314e+02,3.377289670712780207e+02,5.649534606933593750e+01,1.210847051159013077e+01,6.754579341425560379e+00,1.129906921386718777e+00
6.357040171838016249e+02,3.376928088774438947e+02,5.331566619873046875e+01,1.271408034367603257e+01,6.753856177548877682e+00,1.066313323974609428e+00
6.659845079822698608e+02,3.376566802628803998e+02,4.251821899414062500e+01,1.331969015964539693e+01,6.753133605257608529e+00,8.503643798828125488e-01
6.962649979782290757e+02,3.376205812273547053e+02,3.621654129028320312e+01,1.392529995956458144e+01,6.752411624547094426e+00,7.243308258056641025e-01
7.265454871709807776e+02,3.375845117706339806e+02,3.531682586669921875e+01,1.453090974341961505e+01,6.751690235412679542e+00,7.063365173339843928e-01
7.568259755611652508e+02,3.375484718929510564e+02,3.478317260742187500e+01,1.513651951122330530e+01,6.750969437859021482e+00,6.956634521484375000e-01
7.871064631494809873e+02,3.375124615938402712e+02,3.602241516113281250e+01,1.574212926298961968e+01,6.750249231876805922e+00,7.204483032226562944e-01
8.173869499365682714e+02,3.374764808737672865e+02,3.036030387878417969e+01,1.634773899873136571e+01,6.749529617475346299e+00,6.072060775756835671e-01
8.476674359216704033e+02,3.374405297327321023e+02,1.523787498474121094e+01,1.695334871843340707e+01,6.748810594654642614e+00,3.047574996948242410e-01
8.779479211082216352e+02,3.374046081702690572e+02,7.307184696197509766e+00,1.755895842216443370e+01,6.748092163405381427e+00,1.461436939239501853e-01
9.082284054969204590e+02,3.373687161873094738e+02,4.991494178771972656e+00,1.816456810993841131e+01,6.747374323746189617e+00,9.982988357543945424e-02
9.385088890842744149e+02,3.373328537824563682e+02,4.770384788513183594e+00,1.877017778168549000e+01,6.746657075649127755e+00,9.540769577026367299e-02
9.687893718750565313e+02,3.372970209571067244e+02,3.758285522460937500e+00,1.937578743750113119e+01,6.745940419142134381e+00,7.516571044921875611e-02
9.990698538685683161e+02,3.372612177100963891e+02,3.106558799743652344e+00,1.998139707737136561e+01,6.745224354201927675e+00,6.213117599487304882e-02
1.029350335064053070e+03,3.372254440423566848e+02,2.811673164367675781e+00,2.058700670128106225e+01,6.744508880847133625e+00,5.623346328735351340e-02
1.059630815466342028e+03,3.371896999534219503e+02,2.521023035049438477e+00,2.119261630932684071e+01,6.743793999068438794e+00,5.042046070098876731e-02
1.089911295071942732e+03,3.371539854432921857e+02,2.011204957962036133e+00,2.179822590143885463e+01,6.743079708865844069e+00,4.022409915924072404e-02
1.120191773882892448e+03,3.371183005119673908e+02,1.771210074424743652e+00,2.240383547765785011e+01,6.742366010239347673e+00,3.542420148849487194e-02
1.150472251898492686e+03,3.370826451592147350e+02,1.771210074424743652e+00,2.300944503796985430e+01,6.741652903184294665e+00,3.542420148849487194e-02
1.180752729123516474e+03,3.370470193859655410e+02,1.723011851310729980e+00,2.361505458247032863e+01,6.740940387719311033e+00,3.446023702621459767e-02
1.211033205554471351e+03,3.370114231910556555e+02,1.691908121109008789e+00,2.422066411108942674e+01,6.740228463821113181e+00,3.383816242218017772e-02
6.033730573247885332e+01,3.076690493812784553e+02,2.600000000000000000e+01,1.206746114649577040e+00,6.153380987625569176e+00,5.200000000000000178e-01
9.061784193338826299e+01,3.076323595950379968e+02,2.600000000000000000e+01,1.812356838667765313e+00,6.152647191900760149e+00,5.200000000000000178e-01
1.208983773192157969e+02,3.075956993869040161e+02,2.627703475952148438e+01,2.417967546384315991e+00,6.151913987738080181e+00,5.255406951904296742e-01
1.511789118907763623e+02,3.075590687571093440e+02,2.883789062500000000e+01,3.023578237815527370e+00,6.151181375142186880e+00,5.767578125000000222e-01
1.814594456444610842e+02,3.075224677061196417e+02,2.600000000000000000e+01,3.629188912889221630e+00,6.150449354122392798e+00,5.200000000000000178e-01
2.117399785851594061e+02,3.074858962330035865e+02,2.600000000000000000e+01,4.234799571703188548e+00,6.149717924660071944e+00,5.200000000000000178e-01
2.420205107121146284e+02,3.074493543382268399e+02,2.600000000000000000e+01,4.840410214242292675e+00,6.148987086764536869e+00,5.200000000000000178e-01
2.723010420245700516e+02,3.074128420220222324e+02,2.600000000000000000e+01,5.446020840491400783e+00,6.148256840440445181e+00,5.200000000000000178e-01
3.025815725273569115e+02,3.073763592839241028e+02,2.706937599182128906e+01,6.051631450547138691e+00,6.147527185678482553e+00,5.413875198364257457e-01
3.328621022170409560e+02,3.073399061239324510e+02,3.064863014221191406e+01,6.657242044340819120e+00,6.146798122478648985e+00,6.129726028442382679e-01
3.631426310941460542e+02,3.073034825425129384e+02,3.647637557983398438e+01,7.262852621882920801e+00,6.146069650850258803e+00,7.295275115966797230e-01
3.934231591622810811e+02,3.072670885391999036e+02,3.796326828002929688e+01,7.868463183245621551e+00,6.145341770783998570e+00,7.592653656005859952e-01
4.237036864205147140e+02,3.072307241142261773e+02,4.446552276611328125e+01,8.474073728410294493e+00,6.144614482284524115e+00,8.893104553222656028e-01
4.539842128696618602e+02,3.071943892678245902e+02,5.402043151855468750e+01,9.079684257393237701e+00,6.143887785356492159e+00,1.080408630371093803e+00
4.842647385103628039e+02,3.071580839995294809e+02,6.577510070800781250e+01,9.685294770207256931e+00,6.143161679990590152e+00,1.315502014160156330e+00
5.145452633431996219e+02,3.071218083093408495e+02,7.139002227783203125e+01,1.029090526686399265e+01,6.142436166186817204e+00,1.427800445556640652e+00
5.448257873688708059e+02,3.070855621974915266e+02,7.046926116943359375e+01,1.089651574737741591e+01,6.141711243949830923e+00,1.409385223388671893e+00
5.751063105866778642e+02,3.070493456639815122e+02,6.979733276367187500e+01,1.150212621173355743e+01,6.140986913279630421e+00,1.395946655273437420e+00
6.053868330013938248e+02,3.070131587085779756e+02,5.849822998046875000e+01,1.210773666002787685e+01,6.140263174171559868e+00,1.169964599609375044e+00
6.356673546095262282e+02,3.069770013317465782e+02,5.362763214111328125e+01,1.271334709219052428e+01,6.139540026634931813e+00,1.072552642822265589e+00
6.659478754117735662e+02,3.069408735325559974e+02,4.369587326049804688e+01,1.331895750823547075e+01,6.138817470651120267e+00,8.739174652099609419e-01
6.962283954115118831e+02,3.069047753121703863e+02,3.231455612182617188e+01,1.392456790823023738e+01,6.138095506243407939e+00,6.462911224365234242e-01
7.265089146080426872e+02,3.068687066698912531e+02,3.377463150024414062e+01,1.453017829216085488e+01,6.137374133397825560e+00,6.754926300048827992e-01
7.567894330020062625e+02,3.068326676054857671e+02,3.205028533935546875e+01,1.513578866004012546e+01,6.136653352109715520e+00,6.410057067871094416e-01
7.870699505941011012e+02,3.067966581201180816e+02,3.062960815429687500e+01,1.574139901188202195e+01,6.135933162402361418e+00,6.125921630859375577e-01
8.173504673849092796e+02,3.067606782126240432e+02,1.912628936767578125e+01,1.634700934769818659e+01,6.135213564252481433e+00,3.825257873535156117e-01
8.476309833737905137e+02,3.067247278830036521e+02,1.669494056701660156e+01,1.695261966747581184e+01,6.134494557660072900e+00,3.338988113403320579e-01
8.779114985641790554e+02,3.066888071317225695e+02,1.398074626922607422e+01,1.755822997128358054e+01,6.133776142634451922e+00,2.796149253845214844e-01
9.081920129565987736e+02,3.066529159590136260e+02,9.454925537109375000e+00,1.816384025913197675e+01,6.133058319180272555e+00,1.890985107421875033e-01
9.384725265477318317e+02,3.066170543641783297e+02,1.168192672729492188e+01,1.876945053095463578e+01,6.132341087283566416e+00,2.336385345458984464e-01
9.687530393422348425e+02,3.065812223476823419e+02,8.841695785522460938e+00,1.937506078684469557e+01,6.131624446953646945e+00,1.768339157104492354e-01
9.990335513395257294e+02,3.065454199092928320e+02,3.708215713500976562e+00,1.998067102679051388e+01,6.130908398185856534e+00,7.416431427001952958e-02
1.029314062538731378e+03,3.065096470492426306e+02,2.635348558425903320e+00,2.058628125077462911e+01,6.130192940984852790e+00,5.270697116851806585e-02
1.059594572944741230e+03,3.064739037672989070e+02,2.514374971389770508e+00,2.119189145889482617e+01,6.129478075345978105e+00,5.028749942779540960e-02
1.089875082554121036e+03,3.064381900636944920e+02,2.224728584289550781e+00,2.179750165108242044e+01,6.128763801273890088e+00,4.449457168579101785e-02
1.120155591368791647e+03,3.064025059379637241e+02,2.324031114578247070e+00,2.240311182737583451e+01,6.128050118759274412e+00,4.648062229156494501e-02
1.150436099388112780e+03,3.063668513905722648e+02,1.826066970825195312e+00,2.300872198776225730e+01,6.127337027811445402e+00,3.652133941650390764e-02
1.180716606616857462e+03,3.063312264212872833e+02,1.691908121109008789e+00,2.361433213233715023e+01,6.126624528425745453e+00,3.383816242218017772e-02
6.030007396364817396e+01,2.769532267965842038e+02,3.335810089111328125e+01,1.206001479272963417e+00,5.539064535931684574e+00,6.671620178222655850e-01
9.058064016769640148e+01,2.769165378389880061e+02,2.994025611877441406e+01,1.811612803353928047e+00,5.538330756779759945e+00,5.988051223754883301e-01
1.208612055567209609e+02,2.768798784585669637e+02,2.972356414794921875e+01,2.417224111134419484e+00,5.537597569171339273e+00,5.944712829589844372e-01
1.511417701314203441e+02,2.768432486564852297e+02,3.583695602416992188e+01,3.022835402628406776e+00,5.536864973129704381e+00,7.167391204833984952e-01
1.814223338882438838e+02,2.768066484313458204e+02,3.554473495483398438e+01,3.628446677764877837e+00,5.536132968626916728e+00,7.108946990966796831e-01
2.117028968320810236e+02,2.767700777840800583e+02,2.765135002136230469e+01,4.234057936641620223e+00,5.535401555681601415e+00,5.530270004272460627e-01
2.419834589621750638e+02,2.767335367146879435e+02,2.612410545349121094e+01,4.839669179243501596e+00,5.534670734293759331e+00,5.224821090698241743e-01
2.722640202777693048e+02,2.766970252227038145e+02,2.640816116333007812e+01,5.445280405555386061e+00,5.533940504454076148e+00,5.281632232666015891e-01
3.025445807836949825e+02,2.766605433083605021e+02,3.101928901672363281e+01,6.050891615673899437e+00,5.533210866167210362e+00,6.203857803344726696e-01
3.328251404765178449e+02,2.766240909718908370e+02,3.909293365478515625e+01,6.656502809530357112e+00,5.532481819437816917e+00,7.818586730957031161e-01
3.631056993567617610e+02,2.765876682125963271e+02,4.745178604125976562e+01,7.262113987135235149e+00,5.531753364251926541e+00,9.490357208251953836e-01
3.933862574279773980e+02,2.765512750309426337e+02,4.954752349853515625e+01,7.867725148559547854e+00,5.531025500618852675e+00,9.909504699707031294e-01
4.236668146893498488e+02,2.765149114273954183e+02,5.262656784057617188e+01,8.473336293786996265e+00,5.530298228547908757e+00,1.052531356811523544e+00
4.539473711416358128e+02,2.764785774010233581e+02,5.963774490356445312e+01,9.078947422832715830e+00,5.529571548020467020e+00,1.192754898071288983e+00
4.842279267854173668e+02,2.764422729525249451e+02,6.392889785766601562e+01,9.684558535708347904e+00,5.528845459050499400e+00,1.278577957153320233e+00
5.145084816213930026e+02,2.764059980816673487e+02,7.011416625976562500e+01,1.029016963242785998e+01,5.528119961633347401e+00,1.402283325195312624e+00
5.447890356501447968e+02,2.763697527882177383e+02,6.739373016357421875e+01,1.089578071300289608e+01,5.527395055764355192e+00,1.347874603271484339e+00
5.750695888710324652e+02,2.763335370724089444e+02,6.016193771362304688e+01,1.150139177742064867e+01,5.526670741448178603e+00,1.203238754272460964e+00
6.053501412888290361e+02,2.762973509340081364e+02,5.538816452026367188e+01,1.210700282577658093e+01,5.525947018680162692e+00,1.107763290405273438e+00
6.356306929001002572e+02,2.762611943734809756e+02,4.693655395507812500e+01,1.271261385800200472e+01,5.525223887469620010e+00,9.387310791015625044e-01
6.659112437053699978e+02,2.762250673903618008e+02,4.018227767944335938e+01,1.331822487410740052e+01,5.524501347807236229e+00,8.036455535888672452e-01
6.961917937081889249e+02,2.761889699851162732e+02,3.003365707397460938e+01,1.392383587416377821e+01,5.523779399702325676e+00,6.006731414794922452e-01
7.264723429078003392e+02,2.761529021570459008e+02,3.076832199096679688e+01,1.452944685815600678e+01,5.523058043140918194e+00,6.153664398193359197e-01
7.567528913049027324e+02,2.761168639068491757e+02,3.003365707397460938e+01,1.513505782609805550e+01,5.522337278136983940e+00,6.006731414794922452e-01
7.870334389000199735e+02,2.760808552340604365e+02,3.003365707397460938e+01,1.574066877800039954e+01,5.521617104681208588e+00,6.006731414794922452e-01
8.173139856939087622e+02,2.760448761389125139e+02,2.479395103454589844e+01,1.634627971387817524e+01,5.520897522778250632e+00,4.958790206909179932e-01
8.475945316858706065e+02,2.760089266211725771e+02,2.561188316345214844e+01,1.695189063371741156e+01,5.520178532423451578e+00,5.122376632690429643e-01
8.778750768792815506e+02,2.759730066810734570e+02,2.083556365966796875e+01,1.755750153758563314e+01,5.519460133621469033e+00,4.167112731933593772e-01
9.081556212747818790e+02,2.759371163186151534e+02,1.566522693634033203e+01,1.816311242549563687e+01,5.518742326372302998e+00,3.133045387268066362e-01
9.384361648689373396e+02,2.759012555335648358e+02,1.684709358215332031e+01,1.876872329737874878e+01,5.518025110671296751e+00,3.369418716430664373e-01
9.687167076665209606e+02,2.758654243263881654e+02,1.717862701416015625e+01,1.937433415333041964e+01,5.517308486527763733e+00,3.435725402832031095e-01
9.989972496668342501e+02,2.758296226963866502e+02,1.055760288238525391e+01,1.997994499333668372e+01,5.516592453927732898e+00,2.111520576477050881e-01
1.029277790869120508e+03,2.757938506437931210e+02,3.157122850418090820e+00,2.058555581738241003e+01,5.515877012875862739e+00,6.314245700836182418e-02
1.059558331278152764e+03,2.757581081690732390e+02,2.923181295394897461e+00,2.119116662556305641e+01,5.515162163381464921e+00,5.846362590789794950e-02
1.089838870890496764e+03,2.757223952717613429e+02,4.964508056640625000e+00,2.179677741780993472e+01,5.514447905435226893e+00,9.929016113281249889e-02
1.120119409708189778e+03,2.756867119518574327e+02,3.033585786819458008e+00,2.240238819416379457e+01,5.513734239037148654e+00,6.067171573638915905e-02
1.150399947730533313e+03,2.756510582095943391e+02,1.691908121109008789e+00,2.300799895461066669e+01,5.513021164191886925e+00,3.383816242218017772e-02
9.054343927954323590e+01,2.462007166710682213e+02,3.468827819824218750e+01,1.810868785590864727e+00,4.924014333421364853e+00,6.937655639648437900e-01
1.208240346710663289e+02,2.461640581188257784e+02,2.972356414794921875e+01,2.416480693421326542e+00,4.923281162376516029e+00,5.944712829589844372e-01
1.511046292482060380e+02,2.461274291432928294e+02,3.807065963745117188e+01,3.022092584964120920e+00,4.922548582865856837e+00,7.614131927490234153e-01
1.813852230075281113e+02,2.460908297447022051e+02,3.799584197998046875e+01,3.627704460150562138e+00,4.921816594894043995e+00,7.599168395996094283e-01
2.116658159538055770e+02,2.460542599232867360e+02,3.277704620361328125e+01,4.233316319076111611e+00,4.921085198465735111e+00,6.555409240722656072e-01
2.419464080862817355e+02,2.460177196788135916e+02,3.208257675170898438e+01,4.838928161725634780e+00,4.920354393576271690e+00,6.416515350341797097e-01
2.722269994043163024e+02,2.459812090112827718e+02,3.304796218872070312e+01,5.444539988086326332e+00,4.919624180225655508e+00,6.609592437744140625e-01
3.025075899126823060e+02,2.459447279209271073e+02,4.058548355102539062e+01,6.050151798253645907e+00,4.918894558418542395e+00,8.117096710205078391e-01
3.327881796078872867e+02,2.459082764075137675e+02,5.136379623413085938e+01,6.655763592157746267e+00,4.918165528150275634e+00,1.027275924682617303e+00
3.630687684905715287e+02,2.458718544708099216e+02,5.997888565063476562e+01,7.261375369811430502e+00,4.917437089416198503e+00,1.199577713012695446e+00
3.933493565642274916e+02,2.458354621108155698e+02,6.204016494750976562e+01,7.866987131284550294e+00,4.916709242216311893e+00,1.240803298950195366e+00
4.236299438280402683e+02,2.457990993284620345e+02,6.420697021484375000e+01,8.472598876560805792e+00,4.915981986569240902e+00,1.284139404296875009e+00
4.539105302827083506e+02,2.457627661225851625e+02,6.692340850830078125e+01,9.078210605654167153e+00,4.915255322451703712e+00,1.338468170166015714e+00
4.841911159288720228e+02,2.457264624938834459e+02,7.463577270507812500e+01,9.683822318577441024e+00,4.914529249877668704e+00,1.492715454101562589e+00
5.144717007672297768e+02,2.456901884418912232e+02,7.628213500976562500e+01,1.028943401534459490e+01,4.913803768837824215e+00,1.525642700195312562e+00
5.447522847984218970e+02,2.456539439670741558e+02,6.670646667480468750e+01,1.089504569596843808e+01,4.913078879341482796e+00,1.334129333496093750e+00
5.750328680216334760e+02,2.456177290689665824e+02,5.696603393554687500e+01,1.150065736043266895e+01,4.912354581379331897e+00,1.139320678710937562e+00
6.053134504418703727e+02,2.455815437478013337e+02,5.236520004272460938e+01,1.210626900883740831e+01,4.911630874956026460e+00,1.047304000854492267e+00
6.355940320554655045e+02,2.455453880038112402e+02,4.632373428344726562e+01,1.271188064110931037e+01,4.910907760076224982e+00,9.264746856689453081e-01
6.658746128631755710e+02,2.455092618362978101e+02,4.160903167724609375e+01,1.331749225726351149e+01,4.910185236725956415e+00,8.321806335449218883e-01
6.961551928683766164e+02,2.454731652459595352e+02,3.182994461059570312e+01,1.392310385736753275e+01,4.909463304919190918e+00,6.365988922119141247e-01
7.264357720703701489e+02,2.454370982325635850e+02,3.003365707397460938e+01,1.452871544140740312e+01,4.908741964651271772e+00,6.006731414794922452e-01
7.567163504697382450e+02,2.454010607958771288e+02,3.003365707397460938e+01,1.513432700939476483e+01,4.908021215917542257e+00,6.006731414794922452e-01
7.869969280672958121e+02,2.453650529365986586e+02,3.134248161315917969e+01,1.573993856134591596e+01,4.907301058731973420e+00,6.268496322631835760e-01
8.172775048635667190e+02,2.453290746535640210e+02,3.278948593139648438e+01,1.634555009727133523e+01,4.906581493071280775e+00,6.557897186279296742e-01
8.475580808578524739e+02,2.452931259477045387e+02,3.145944404602050781e+01,1.695116161715704806e+01,4.905862518954091200e+00,6.291888809204101429e-01
8.778386560535873286e+02,2.452572068185545504e+02,2.257111549377441406e+01,1.755677312107174615e+01,4.905144136371091257e+00,4.514223098754883146e-01
9.081192304514697753e+02,2.452213172663468868e+02,1.817458724975585938e+01,1.816238460902939522e+01,4.904426345326937664e+00,3.634917449951172164e-01
9.383998040479491465e+02,2.451854572910815477e+02,1.909211730957031250e+01,1.876799608095898364e+01,4.903709145821631310e+00,3.818423461914062789e-01
9.686803768478566781e+02,2.451496268927585334e+02,1.933986854553222656e+01,1.937360753695713456e+01,4.902992537855170418e+00,3.867973709106445335e-01
9.989609488504938781e+02,2.451138260716106743e+02,1.517154216766357422e+01,1.997921897700987870e+01,4.902276521432213485e+00,3.034308433532714733e-01
1.029241520055045839e+03,2.450780548269394785e+02,8.806385040283203125e+00,2.058483040110091622e+01,4.901561096538789464e+00,1.761277008056640614e-01
1.059522090466460213e+03,2.450423131592106074e+02,8.409340858459472656e+00,2.119044180932920440e+01,4.900846263184212681e+00,1.681868171691894565e-01
1.089802660081128124e+03,2.450066010681912303e+02,6.571786880493164062e+00,2.179605320162256277e+01,4.900132021363824641e+00,1.314357376098632957e-01
1.120083228901145048e+03,2.449709185541141778e+02,2.832791805267333984e+00,2.240166457802290267e+01,4.899418371082283841e+00,5.665583610534668385e-02
9.050623926910338923e+01,2.154848960917443037e+02,4.112143707275390625e+01,1.810124785382067891e+00,4.309697921834886536e+00,8.224287414550781605e-01
1.207868646623101085e+02,2.154482383672147989e+02,3.765509414672851562e+01,2.415737293246202011e+00,4.308964767344296121e+00,7.531018829345703658e-01
1.510674892411916517e+02,2.154116102189291269e+02,3.846829605102539062e+01,3.021349784823833318e+00,4.308232204378582786e+00,7.693659210205078258e-01
1.813481130022555590e+02,2.153750116471201181e+02,4.013242721557617188e+01,3.626962260045111464e+00,4.307500232942402363e+00,8.026485443115234375e-01
2.116287359502166510e+02,2.153384426510892808e+02,4.064419174194335938e+01,4.232574719004333019e+00,4.306768853021785581e+00,8.128838348388671697e-01
2.419093580844928510e+02,2.153019032320007682e+02,4.381125259399414062e+01,4.838187161689857518e+00,4.306038064640015151e+00,8.762250518798828658e-01
2.721899794042110443e+02,2.152653933889232576e+02,4.721340942382812500e+01,5.443799588084220709e+00,4.305307867778465081e+00,9.442681884765624645e-01
3.024705999143188819e+02,2.152289131220895797e+02,5.277342605590820312e+01,6.049411998286378100e+00,4.304578262441792091e+00,1.055468521118164027e+00
3.327512196112656966e+02,2.151924624317325652e+02,6.103731536865234375e+01,6.655024392225314500e+00,4.303849248634651126e+00,1.220746307373046902e+00
3.630318384956335649e+02,2.151560413173865527e+02,6.863275146484375000e+01,7.260636769912671262e+00,4.303120826347731409e+00,1.372655029296875107e+00
3.933124565709731542e+02,2.151196497795172036e+02,7.135330963134765625e+01,7.866249131419463581e+00,4.302392995590344604e+00,1.427066192626953223e+00
4.235930738364695571e+02,2.150832878181245178e+02,7.571210479736328125e+01,8.471861476729390716e+00,4.301665756362490711e+00,1.514242095947265554e+00
4.538736902928794734e+02,2.150469554327428341e+02,7.811607360839843750e+01,9.077473805857589895e+00,4.300939108654857179e+00,1.562321472167968794e+00
4.841543059407267720e+02,2.150106526236049831e+02,7.739450073242187500e+01,9.683086118814536292e+00,4.300213052472099839e+00,1.547890014648437562e+00
5.144349207807681523e+02,2.149743793907109648e+02,7.420515441894531250e+01,1.028869841561536269e+01,4.299487587814219580e+00,1.484103088378906365e+00
5.447155348136438988e+02,2.149381357342936099e+02,6.387815475463867188e+01,1.089431069627287840e+01,4.298762714685872233e+00,1.277563095092773438e+00
5.749961480385973118e+02,2.149019216541200876e+02,6.183776092529296875e+01,1.149992296077194709e+01,4.298038433082401966e+00,1.236755218505859455e+00
6.052767604604596272e+02,2.148657371499575675e+02,5.697515106201171875e+01,1.210553520920919368e+01,4.297314742999151171e+00,1.139503021240234393e+00
6.355573720757383853e+02,2.148295822222717106e+02,4.509173583984375000e+01,1.271114744151476827e+01,4.296591644445434177e+00,9.018347167968749911e-01
6.658379828850738704e+02,2.147934568708296865e+02,3.604777526855468750e+01,1.331675965770147840e+01,4.295869137416594263e+00,7.209555053710937633e-01
6.961185928919585422e+02,2.147573610953986645e+02,3.003365707397460938e+01,1.392237185783917042e+01,4.295147221907973822e+00,6.006731414794922452e-01
7.263992020956357010e+02,2.147212948964443058e+02,3.003365707397460938e+01,1.452798404191271509e+01,4.294425897928886293e+00,6.006731414794922452e-01
7.566798104966874234e+02,2.146852582735009491e+02,3.003365707397460938e+01,1.513359620993374932e+01,4.293705165470019125e+00,6.006731414794922452e-01
7.869604180958122015e+02,2.146492512272670865e+02,3.019944953918457031e+01,1.573920836191624417e+01,4.292985024545341588e+00,6.039889907836913929e-01
8.172410248937667347e+02,2.146132737568113953e+02,3.119219017028808594e+01,1.634482049787533597e+01,4.292265475136227693e+00,6.238438034057617321e-01
8.475216308896779083e+02,2.145773258625995368e+02,2.511955070495605469e+01,1.695043261779355959e+01,4.291546517251990878e+00,5.023910140991211248e-01
8.778022360870963894e+02,2.145414075448643416e+02,1.786294937133789062e+01,1.755604472174192665e+01,4.290828150897286974e+00,3.572589874267578236e-01
9.080828404866042547e+02,2.145055188033729792e+02,1.770162773132324219e+01,1.816165680973208651e+01,4.290110376067459264e+00,3.540325546264648238e-01
9.383634440847090445e+02,2.144696596374269575e+02,1.888850402832031250e+01,1.876726888169418217e+01,4.289393192748539363e+00,3.777700805664062633e-01
9.686440468862419948e+02,2.144338300484232605e+02,1.882892036437988281e+01,1.937288093772484032e+01,4.288676600968464925e+00,3.765784072875976718e-01
9.989246488905046135e+02,2.143980300351977348e+02,1.820665550231933594e+01,1.997849297781009170e+01,4.287960600703955016e+00,3.641331100463867099e-01
1.029205250096740201e+03,2.143622595984488726e+02,1.547730350494384766e+01,2.058410500193480530e+01,4.287245191968977132e+00,3.095460700988769687e-01
1.059485850509721786e+03,2.143265187377110124e+02,1.482318210601806641e+01,2.118971701019443543e+01,4.286530374754220496e+00,2.964636421203613592e-01
1.207496955304522999e+02,1.847324192035011947e+02,4.422311401367187500e+01,2.414993910609045891e+00,3.694648384070024161e+00,8.844622802734375400e-01
1.510303501103771850e+02,1.846957918824627995e+02,4.048682022094726562e+01,3.020607002207543967e+00,3.693915837649256240e+00,8.097364044189453436e-01
1.813110038724262267e+02,1.846591941367369145e+02,4.111480331420898438e+01,3.626220077448524481e+00,3.693183882734738521e+00,8.222960662841797275e-01
2.115916568214306608e+02,1.846226259667892009e+02,4.806227493286132812e+01,4.231833136428613251e+00,3.692452519335784000e+00,9.612454986572266380e-01
2.418723089566919953e+02,1.845860873726196587e+02,5.696448898315429688e+01,4.837446179133840118e+00,3.691721747452393121e+00,1.139289779663085866e+00
2.721529602775117382e+02,1.845495783539954573e+02,6.274724197387695312e+01,5.443059205550234481e+00,3.690991567079909164e+00,1.254944839477539098e+00
3.024336107886047103e+02,1.845130989113822579e+02,6.550262451171875000e+01,6.048672215772094241e+00,3.690261978227645123e+00,1.310052490234375089e+00
3.327142604865366593e+02,1.844766490438487381e+02,7.018318176269531250e+01,6.654285209730733008e+00,3.689532980876975010e+00,1.403663635253906250e+00
3.629949093719478697e+02,1.844402287520933896e+02,8.086569213867187500e+01,7.259898187438957429e+00,3.688804575041867650e+00,1.617313842773437482e+00
3.932755574482725933e+02,1.844038380358833820e+02,8.417900085449218750e+01,7.865511148965452115e+00,3.688076760717667657e+00,1.683580017089843839e+00
4.235562047147541307e+02,1.843674768956843764e+02,8.058905792236328125e+01,8.471124094295083395e+00,3.687349537913687580e+00,1.611781158447265661e+00
4.538368511721491814e+02,1.843311453305650502e+02,8.318763732910156250e+01,9.076737023442984054e+00,3.686622906611300987e+00,1.663752746582031206e+00
4.841174968209816143e+02,1.842948433414567262e+02,7.403961181640625000e+01,9.682349936419631931e+00,3.685896866829134755e+00,1.480792236328124956e+00
5.143981416620081291e+02,1.842585709276609123e+02,6.988460540771484375e+01,1.028796283324016336e+01,3.685171418553218281e+00,1.397692108154297008e+00
5.446787856958690099e+02,1.842223280896432698e+02,6.893991088867187500e+01,1.089357571391738055e+01,3.684446561792865449e+00,1.378798217773437473e+00
5.749594289217493497e+02,1.841861148271709681e+02,6.940592956542968750e+01,1.149918857843498721e+01,3.683722296543419539e+00,1.388118591308593830e+00
6.052400713445967995e+02,1.841499311404768378e+02,5.502025985717773438e+01,1.210480142689193706e+01,3.682998622809536826e+00,1.100405197143554670e+00
6.355207129608606920e+02,1.841137770288623869e+02,4.392671966552734375e+01,1.271041425921721491e+01,3.682275540577247597e+00,8.785343933105469461e-01
6.658013537711813115e+02,1.840776524930261075e+02,3.383588027954101562e+01,1.331602707542362651e+01,3.681553049860522009e+00,6.767176055908202814e-01
6.960819937789929099e+02,1.840415575329679996e+02,3.003365707397460938e+01,1.392163987557985827e+01,3.680831150659360063e+00,6.006731414794922452e-01
7.263626329835969955e+02,1.840054921486880630e+02,3.068221664428710938e+01,1.452725265967194090e+01,3.680109842973761314e+00,6.136443328857421609e-01
7.566432713856338523e+02,1.839694563394878060e+02,3.239810562133789062e+01,1.513286542771267662e+01,3.679389126789756048e+00,6.479621124267578303e-01
7.869239089857437648e+02,1.839334501060657203e+02,3.428516006469726562e+01,1.573847817971487650e+01,3.678669002121314424e+00,6.857032012939453525e-01
8.172045457846252248e+02,1.838974734479561448e+02,3.571284484863281250e+01,1.634409091569250450e+01,3.677949468959123003e+00,7.142568969726562633e-01
8.474851817814633250e+02,1.838615263656247407e+02,2.309121322631835938e+01,1.694970363562926607e+01,3.677230527312494779e+00,4.618242645263672119e-01
8.777658169798087329e+02,1.838256088590715080e+02,1.826136589050292969e+01,1.755531633959617466e+01,3.676512177181430197e+00,3.652273178100586271e-01
9.080464513802435249e+02,1.837897209275979549e+02,1.730054473876953125e+01,1.816092902760487249e+01,3.675794418551959097e+00,3.460108947753906539e-01
9.383270849792752415e+02,1.837538625719025731e+02,2.038672447204589844e+01,1.876654169958550611e+01,3.675077251438051640e+00,4.077344894409180021e-01
9.686077177817351185e+02,1.837180337917525321e+02,1.782014083862304688e+01,1.937215435563470223e+01,3.674360675835050660e+00,3.564028167724609397e-01
9.988883497868664563e+02,1.836822345871478319e+02,1.546307468414306641e+01,1.997776699573732984e+01,3.673644691742956603e+00,3.092614936828613215e-01
1.509932118557044305e+02,1.539799741341266781e+02,4.604735946655273438e+01,3.019864237114088468e+00,3.079599482682533473e+00,9.209471893310546831e-01
1.812738956180983223e+02,1.539433772149495780e+02,4.446616363525390625e+01,3.625477912361966482e+00,3.078867544298991454e+00,8.893232727050781605e-01
2.115545785674476065e+02,1.539068098708521575e+02,5.205715942382812500e+01,4.231091571348952307e+00,3.078136197417043363e+00,1.041143188476562509e+00
2.418352607030537911e+02,1.538702721018344164e+02,6.163474655151367188e+01,4.836705214061075786e+00,3.077405442036688310e+00,1.232694931030273500e+00
2.721159420241019689e+02,1.538337639076635242e+02,6.838136291503906250e+01,5.442318840482039732e+00,3.076675278153270465e+00,1.367627258300781357e+00
3.023966225355397910e+02,1.537972852883394808e+02,7.250826263427734375e+01,6.047932450710796104e+00,3.075945705766789828e+00,1.450165252685546857e+00
3.326773022337583825e+02,1.537608362443279475e+02,8.012464141845703125e+01,6.653546044675167970e+00,3.075216724886558950e+00,1.602492828369140643e+00
3.629579811194562353e+02,1.537244167751632631e+02,8.572319030761718750e+01,7.259159622389124600e+00,3.074488335503265279e+00,1.714463806152343839e+00
3.932386591960676014e+02,1.536880268808454275e+02,8.865065002441406250e+01,7.864773183921352384e+00,3.073760537616908817e+00,1.773013000488281365e+00
4.235193364628357813e+02,1.536516665613744408e+02,8.492519378662109375e+01,8.470386729256714986e+00,3.073033331227488674e+00,1.698503875732422008e+00
4.538000129205174744e+02,1.536153358172159642e+02,8.332120513916015625e+01,9.076000258410349630e+00,3.072306716344319177e+00,1.666424102783203187e+00
4.840806885696365498e+02,1.535790346476715058e+02,7.532159423828125000e+01,9.681613771392731493e+00,3.071580692953430169e+00,1.506431884765625062e+00
5.143613634109497070e+02,1.535427630529738963e+02,7.393348693847656250e+01,1.028722726821899514e+01,3.070855261059477925e+00,1.478669738769531339e+00
5.446420374450390227e+02,1.535065210331231356e+02,7.238450622558593750e+01,1.089284074890078102e+01,3.070130420662462889e+00,1.447690124511718857e+00
5.749227106712642126e+02,1.534703085888177156e+02,7.169371795654296875e+01,1.149845421342528518e+01,3.069406171776354331e+00,1.433874359130859366e+00
6.052033830943400972e+02,1.534341257188934833e+02,6.004521179199218750e+01,1.210406766188680194e+01,3.068682514377869541e+00,1.200904235839843848e+00
6.354840547108324245e+02,1.533979724240489304e+02,4.916640853881835938e+01,1.270968109421664849e+01,3.067959448480978679e+00,9.833281707763672497e-01
6.657647255214396864e+02,1.533618487040512264e+02,4.377054214477539062e+01,1.331529451042879408e+01,3.067236974081024581e+00,8.754108428955078569e-01
6.960453955294797197e+02,1.533257545591332018e+02,3.520569610595703125e+01,1.392090791058959454e+01,3.066515091182663966e+00,7.041139221191405895e-01
7.263260647343704477e+02,1.532896899890620261e+02,3.483018493652343750e+01,1.452652129468740938e+01,3.065793799781240558e+00,6.966036987304687900e-01
7.566067331365775317e+02,1.532536549936048687e+02,3.681479644775390625e+01,1.513213466273155028e+01,3.065073099872097639e+00,7.362959289550781161e-01
7.868874007369158790e+02,1.532176495732273906e+02,3.524091720581054688e+01,1.573774801473831708e+01,3.064352991464547760e+00,7.048183441162109153e-01
8.171680675360839814e+02,1.531816737276967615e+02,3.543685531616210938e+01,1.634336135072167906e+01,3.063633474553935088e+00,7.087371063232421609e-01
8.474487335331505165e+02,1.531457274570129812e+02,2.866069984436035156e+01,1.694897467066300933e+01,3.062914549140259624e+00,5.732139968872070890e-01
1.812367882392136380e+02,1.232275608812924474e+02,5.100616836547851562e+01,3.624735764784272618e+00,2.464551217625849056e+00,1.020123367309570428e+00
2.115175011882092804e+02,1.231909943630453199e+02,5.810999679565429688e+01,4.230350023764185785e+00,2.463819887260906505e+00,1.162199935913085902e+00
2.417982133234036155e+02,1.231544574189465493e+02,6.762313079833984375e+01,4.835964266468072204e+00,2.463089148378931004e+00,1.352462615966796955e+00
2.720789246440399438e+02,1.231179500496946275e+02,7.790913391113281250e+01,5.441578492880799089e+00,2.462359000993892710e+00,1.558182678222656214e+00
3.023596351550659165e+02,1.230814722543582320e+02,8.120175170898437500e+01,6.047192703101318401e+00,2.461629445087164747e+00,1.624035034179687642e+00
3.326403448528726585e+02,1.230450240329373628e+02,8.637512207031250000e+01,6.652806897057453206e+00,2.460900480658747114e+00,1.727502441406250089e+00
3.629210537381586619e+02,1.230086053861305118e+02,8.785271453857421875e+01,7.258421074763173664e+00,2.460172107722610413e+00,1.757054290771484339e+00
3.932017618144163862e+02,1.229722163137048483e+02,8.674656677246093750e+01,7.864035236288327901e+00,2.459444326274097037e+00,1.734931335449218848e+00
4.234824690807727166e+02,1.229358568154275417e+02,8.595946502685546875e+01,8.469649381615454331e+00,2.458717136308550710e+00,1.719189300537109499e+00
4.537631755379843526e+02,1.228995268915314227e+02,8.407057189941406250e+01,9.075263510759686625e+00,2.457990537830628597e+00,1.681411437988281188e+00
4.840438811866915785e+02,1.228632265417836607e+02,7.889276885986328125e+01,9.680877623733831427e+00,2.457264530835673089e+00,1.577855377197265652e+00
5.143245860275346786e+02,1.228269557664170861e+02,7.620399475097656250e+01,1.028649172055069450e+01,2.456539115328341794e+00,1.524079895019531339e+00
5.446052900612121448e+02,1.227907145649660379e+02,7.018515014648437500e+01,1.089210580122424332e+01,2.455814291299320828e+00,1.403703002929687527e+00
5.748859932869672775e+02,1.227545029381290078e+02,6.617383575439453125e+01,1.149771986573934512e+01,2.455090058762580352e+00,1.323476715087890554e+00
6.051666957096313126e+02,1.227183208856731653e+02,5.599843215942382812e+01,1.210333391419262661e+01,2.454366417713463200e+00,1.119968643188476554e+00
6.354473973257117905e+02,1.226821684071328491e+02,4.873676300048828125e+01,1.270894794651423609e+01,2.453643368142656822e+00,9.747352600097656250e-01
6.657280981357907876e+02,1.226460455027408898e+02,4.335409545898437500e+01,1.331456196271581582e+01,2.452920910054817938e+00,8.670819091796875266e-01
6.960087981434189714e+02,1.226099521729629487e+02,3.885829162597656250e+01,1.392017596286837922e+01,2.452199043459259098e+00,7.771658325195313077e-01
7.262894973477814347e+02,1.225738884173333645e+02,3.669399261474609375e+01,1.452578994695562820e+01,2.451477768346667307e+00,7.338798522949219194e-01
7.565701957495766692e+02,1.225378542356193066e+02,3.792304992675781250e+01,1.513140391499153381e+01,2.450757084712386291e+00,7.584609985351562500e-01
7.868508933495031670e+02,1.225018496287520975e+02,3.806620025634765625e+01,1.573701786699006355e+01,2.450036992575042039e+00,7.613240051269531961e-01
2.114804246837156825e+02,9.247517944313585758e+01,6.376391983032226562e+01,4.229608493674313685e+00,1.849503588862717152e+00,1.275278396606445375e+00
2.417611668177996762e+02,9.243864332418888807e+01,7.317258453369140625e+01,4.835223336355993773e+00,1.848772866483777699e+00,1.463451690673828187e+00
2.720419081373838708e+02,9.240213677915744483e+01,8.380378723144531250e+01,5.440838162747677842e+00,1.848042735583149021e+00,1.676075744628906294e+00
3.023226486472995020e+02,9.236565980757586658e+01,8.852233123779296875e+01,6.046452972945989934e+00,1.847313196151517456e+00,1.770446624755859455e+00
3.326033883439959027e+02,9.232921240967698395e+01,8.856087493896484375e+01,6.652067766879918409e+00,1.846584248193539723e+00,1.771217498779297017e+00
3.628841272281715646e+02,9.229279458546079695e+01,8.969789886474609375e+01,7.257682544563431648e+00,1.845855891709216046e+00,1.793957977294921902e+00
3.931648653032025322e+02,9.225640633469447494e+01,9.038928222656250000e+01,7.863297306064050751e+00,1.845128126693889481e+00,1.807785644531250124e+00
4.234456025684485212e+02,9.222004765761084855e+01,8.764886474609375000e+01,8.468912051368970850e+00,1.844400953152216971e+00,1.752977294921874929e+00
4.537263390245498158e+02,9.218371855397708714e+01,8.768768310546875000e+01,9.074526780490996813e+00,1.843674371079541796e+00,1.753753662109375000e+00
4.840070746721467003e+02,9.214741902402602136e+01,8.075764465332031250e+01,9.680141493442933509e+00,1.842948380480520454e+00,1.615152893066406303e+00
5.142878095118794590e+02,9.211114906775765121e+01,7.669451141357421875e+01,1.028575619023759025e+01,1.842222981355153166e+00,1.533890228271484357e+00
5.445685435443883762e+02,9.207490868470631540e+01,7.378491210937500000e+01,1.089137087088776745e+01,1.841498173694126272e+00,1.475698242187500009e+00
5.748492767689749599e+02,9.203869787580333650e+01,6.742290496826171875e+01,1.149698553537949941e+01,1.840773957516066872e+00,1.348458099365234419e+00
6.051300091904704459e+02,9.200251664035022259e+01,5.842973327636718750e+01,1.210260018380940927e+01,1.840050332807004585e+00,1.168594665527343812e+00
6.354107408053823747e+02,9.196636497857980430e+01,5.320151138305664062e+01,1.270821481610764714e+01,1.839327299571596130e+00,1.064030227661132866e+00
6.656914716143510304e+02,9.193024289002642035e+01,4.586219406127929688e+01,1.331382943228702054e+01,1.838604857800528514e+00,9.172438812255859775e-01
6.959722016208106652e+02,9.189415037515573204e+01,3.803913879394531250e+01,1.391944403241621409e+01,1.837883007503114730e+00,7.607827758789063033e-01
7.262529308240045793e+02,9.185808743396773934e+01,3.669399261474609375e+01,1.452505861648009144e+01,1.837161748679354778e+00,7.338798522949219194e-01
7.565336592246312648e+02,9.182205406622961164e+01,3.680836486816406250e+01,1.513067318449262544e+01,1.836441081324592162e+00,7.361672973632812367e-01
2.720048925040755421e+02,6.168632409721612930e+01,8.951962280273437500e+01,5.440097850081510700e+00,1.233726481944322551e+00,1.790392456054687553e+00
3.022856630121241324e+02,6.164984794915653765e+01,9.454232788085937500e+01,6.045713260242482789e+00,1.232996958983130886e+00,1.890846557617187562e+00
3.325664327070116997e+02,6.161340137454681098e+01,9.663312530517578125e+01,6.651328654140233887e+00,1.232268027490936335e+00,1.932662506103515643e+00
3.628472015893785283e+02,6.157698437268845737e+01,9.445520019531250000e+01,7.256944031787570637e+00,1.231539687453769183e+00,1.889104003906250107e+00
3.931279696626006626e+02,6.154059694358147681e+01,9.570796203613281250e+01,7.862559393252013251e+00,1.230811938871629652e+00,1.914159240722656197e+00
4.234087369259796105e+02,6.150423908769153059e+01,9.166853332519531250e+01,8.468174738519591571e+00,1.230084781753830736e+00,1.833370666503906232e+00
4.536895033802138641e+02,6.146791080455295742e+01,8.476365661621093750e+01,9.073790067604276643e+00,1.229358216091059219e+00,1.695273132324218723e+00
4.839702690259437077e+02,6.143161209463141859e+01,7.924666595458984375e+01,9.679405380518874225e+00,1.228632241892628318e+00,1.584933319091796911e+00
5.142510338638094254e+02,6.139534295722842216e+01,7.705983734130859375e+01,1.028502067727618829e+01,1.227906859144568541e+00,1.541196746826171804e+00
5.445317978945095092e+02,6.135910339280962944e+01,7.219635772705078125e+01,1.089063595789018990e+01,1.227182067856192660e+00,1.443927154541015723e+00
5.748125611172872595e+02,6.132289340160787106e+01,6.396623611450195312e+01,1.149625122234574626e+01,1.226457868032157394e+00,1.279324722290039018e+00
6.050933235369157046e+02,6.128671298339031637e+01,5.985393142700195312e+01,1.210186647073831523e+01,1.225734259667806247e+00,1.197078628540038991e+00
6.353740851499605924e+02,6.125056213769130409e+01,5.648513793945312500e+01,1.270748170299921220e+01,1.225011242753826002e+00,1.129702758789062456e+00
6.656548459570622072e+02,6.121444086497649550e+01,5.251910400390625000e+01,1.331309691914124471e+01,1.224288817299529875e+00,1.050382080078124947e+00
6.959356059615965933e+02,6.117834916524589062e+01,3.902530288696289062e+01,1.391871211923193208e+01,1.223566983304917866e+00,7.805060577392578525e-01
3.325294779419200495e+02,3.089759092731401324e+01,9.866412353515625000e+01,6.650589558838401416e+00,6.179518185462802293e-01,1.973282470703125124e+00
3.628102768217795528e+02,3.086117474827915430e+01,9.426920318603515625e+01,7.256205536435591519e+00,6.172234949655831526e-01,1.885384063720703107e+00
3.930910748924943618e+02,3.082478814106434584e+01,9.166648864746093750e+01,7.861821497849887486e+00,6.164957628212869301e-01,1.833329772949218839e+00
4.233718721533659846e+02,3.078843110590241849e+01,8.617044067382812500e+01,8.467437443067320046e+00,6.157686221180483921e-01,1.723408813476562607e+00
4.536526686050347053e+02,3.075210364349186420e+01,7.892710113525390625e+01,9.073053372100694958e+00,6.150420728698372530e-01,1.578542022705078152e+00
4.839334642481990159e+02,3.071580575336702168e+01,7.533489227294921875e+01,9.678669284963980601e+00,6.143161150673404070e-01,1.506697845458984331e+00
5.142142590834992006e+02,3.067953743529506028e+01,7.445395660400390625e+01,1.028428518166998451e+01,6.135907487059012455e-01,1.489079132080078249e+00
5.444950531116337515e+02,3.064329868927598000e+01,7.388480377197265625e+01,1.088990106223267595e+01,6.128659737855196576e-01,1.477696075439453249e+00
5.747758463318459690e+02,3.060708951577544212e+01,6.593936920166015625e+01,1.149551692663692037e+01,6.121417903155088602e-01,1.318787384033203169e+00
6.050566387489088811e+02,3.057090991456061602e+01,6.368671798706054688e+01,1.210113277497817741e+01,6.114181982912123559e-01,1.273734359741210964e+00
6.353374303593882360e+02,3.053475988539867103e+01,5.729325866699218750e+01,1.270674860718776422e+01,6.106951977079734251e-01,1.145865173339843723e+00
4.838966603388544172e+02,0.000000000000000000e+00,8.059764862060546875e+01,9.677933206777089126e+00,0.000000000000000000e+00,1.611952972412109331e+00
